price_id,company_id,trade_date,open_price,high_price,low_price,close_price,volume
1,1,2024-01-02,272.13,272.14,270.14,271.46,5736045
2,1,2024-01-03,277.57,278.19,275.98,277.93,3024459
3,1,2024-01-04,280.65,281.67,278.52,279.88,5972988
4,1,2024-01-05,281.27,282.92,280.55,281.19,4640304
5,1,2024-01-08,285.44,286.43,283.42,284.62,843682
6,1,2024-01-09,277.84,278.93,277.7,278.44,2245931
7,1,2024-01-10,282.07,282.69,281.14,281.77,2071302
8,1,2024-01-11,283.73,285.86,282.63,284.26,5068482
9,1,2024-01-12,287.48,288.91,285.77,288.26,5299998
10,1,2024-01-15,295.84,297.05,294.21,295.7,6319999
11,1,2024-01-16,295.51,296.43,295.14,295.95,7571822
12,1,2024-01-17,298.27,298.83,296.2,297.37,3467239
13,1,2024-01-18,301.97,302.99,300.95,302.54,2470562
14,1,2024-01-19,299.72,301.34,298.8,299.52,2144905
15,1,2024-01-22,305.03,306.11,304.83,306.03,5205845
16,1,2024-01-23,306.71,307.49,305.88,306.0,3362144
17,1,2024-01-24,314.01,315.63,312.81,312.83,5905413
18,1,2024-01-25,313.19,314.2,312.23,312.73,5307213
19,1,2024-01-26,317.29,319.22,315.62,317.4,2475417
20,1,2024-01-29,321.41,321.76,319.65,321.41,7028889
21,1,2024-01-30,319.29,319.59,317.55,319.01,4545342
22,1,2024-01-31,327.64,328.68,326.91,326.91,2931170
23,1,2024-02-01,341.45,343.16,339.79,340.42,934438
24,1,2024-02-02,343.26,345.21,342.05,342.22,4144928
25,1,2024-02-05,352.5,352.77,350.75,351.75,4623526
26,1,2024-02-06,355.68,358.21,354.77,356.34,2088486
27,1,2024-02-07,345.54,347.01,343.47,346.37,5374085
28,1,2024-02-08,343.81,345.05,343.56,343.98,2185230
29,1,2024-02-09,338.99,340.18,338.85,339.73,5233272
30,1,2024-02-12,345.99,348.62,344.2,346.74,1031430
31,1,2024-02-13,346.72,347.79,344.78,347.52,4782823
32,1,2024-02-14,356.8,358.56,355.07,356.88,1928074
33,1,2024-02-15,362.33,363.57,360.75,362.56,5550234
34,1,2024-02-16,368.03,368.24,365.72,366.61,3044769
35,1,2024-02-19,369.0,370.91,368.06,369.91,2589088
36,1,2024-02-20,365.42,368.18,364.45,366.15,6960118
37,1,2024-02-21,365.68,367.51,362.11,364.22,7447752
38,1,2024-02-22,364.67,365.03,362.59,363.65,2103104
39,1,2024-02-23,361.54,364.03,360.96,361.89,6380529
40,1,2024-02-26,363.16,364.21,361.08,363.29,7965670
41,1,2024-02-27,352.62,354.23,350.57,353.6,4843852
42,1,2024-02-28,350.32,351.9,350.08,350.2,4881331
43,1,2024-02-29,337.03,339.9,336.86,337.95,1893687
44,1,2024-03-01,338.08,339.44,337.34,337.82,1399149
45,1,2024-03-04,341.68,342.95,340.57,341.43,4877542
46,1,2024-03-05,338.63,340.53,338.15,338.57,5871438
47,1,2024-03-06,339.55,340.16,338.44,339.08,6138983
48,1,2024-03-07,344.09,346.22,342.03,345.27,7970723
49,1,2024-03-08,348.55,351.17,346.71,349.21,7094526
50,1,2024-03-11,350.86,351.56,349.1,351.23,5776549
51,1,2024-03-12,337.46,337.48,335.4,337.05,2745340
52,1,2024-03-13,325.99,327.82,325.3,325.56,1365715
53,1,2024-03-14,330.86,332.66,329.43,331.46,2026979
54,1,2024-03-15,336.62,337.15,335.27,336.26,7290023
55,1,2024-03-18,337.64,338.41,337.63,337.85,6283394
56,1,2024-03-19,336.09,336.62,334.23,335.72,4637603
57,1,2024-03-20,333.91,336.82,332.1,335.05,4591927
58,1,2024-03-21,336.39,337.57,335.2,335.49,1455841
59,1,2024-03-22,331.73,333.44,329.16,330.94,2075574
60,1,2024-03-25,342.25,343.14,340.64,342.93,7131010
61,1,2024-03-26,334.94,337.74,333.2,335.86,7821545
62,1,2024-03-27,341.46,343.27,340.56,340.61,6024233
63,1,2024-03-28,334.5,336.24,332.07,333.7,2501042
64,1,2024-03-29,346.64,346.87,344.04,345.85,6939449
65,1,2024-04-01,347.8,348.54,346.14,347.91,2206966
66,1,2024-04-02,357.98,359.77,357.28,359.35,6982647
67,1,2024-04-03,364.97,365.84,362.41,364.56,4521617
68,1,2024-04-04,364.82,365.07,361.43,363.54,1839258
69,1,2024-04-05,367.47,369.59,365.87,368.63,2852579
70,1,2024-04-08,367.81,368.94,366.65,367.5,4824410
71,1,2024-04-09,365.81,369.32,364.63,367.28,5895724
72,1,2024-04-10,378.48,380.0,376.92,377.75,1024803
73,1,2024-04-11,374.15,376.62,372.54,374.71,2752417
74,1,2024-04-12,369.05,370.52,368.16,369.62,2717414
75,1,2024-04-15,375.87,377.39,372.52,374.55,5116361
76,1,2024-04-16,379.08,380.93,379.08,379.68,2651852
77,1,2024-04-17,372.09,373.13,370.65,371.63,2102760
78,1,2024-04-18,375.4,377.51,373.6,375.48,1772685
79,1,2024-04-19,382.98,383.75,380.69,382.57,6133536
80,1,2024-04-22,387.41,387.93,386.41,386.87,683190
81,1,2024-04-23,388.31,388.47,386.26,387.22,5223240
82,1,2024-04-24,394.26,396.87,393.09,395.22,2329883
83,1,2024-04-25,395.69,397.52,394.65,394.9,3688596
84,1,2024-04-26,393.35,396.64,392.12,394.37,876637
85,1,2024-04-29,394.39,396.43,392.81,394.53,7909193
86,1,2024-04-30,408.73,411.06,406.23,408.42,5094892
87,1,2024-05-01,407.92,409.26,404.65,406.84,6077415
88,1,2024-05-02,398.34,399.04,397.75,398.42,5282460
89,1,2024-05-03,399.78,400.44,399.19,399.37,2642961
90,1,2024-05-06,390.07,391.54,388.81,390.79,1537805
91,1,2024-05-07,392.8,392.95,391.19,392.15,4569583
92,1,2024-05-08,402.76,403.53,401.74,403.03,7286288
93,1,2024-05-09,394.58,396.4,392.56,393.46,544220
94,1,2024-05-10,387.59,389.8,385.6,388.05,7650727
95,1,2024-05-13,378.16,379.53,377.52,378.02,2145662
96,1,2024-05-14,383.41,383.68,382.64,383.61,5593564
97,1,2024-05-15,380.18,380.57,378.76,380.28,702248
98,1,2024-05-16,382.37,383.99,382.31,382.69,5320622
99,1,2024-05-17,386.43,388.71,385.94,387.83,2951343
100,1,2024-05-20,394.59,395.49,391.99,393.77,6739432
101,1,2024-05-21,392.31,395.1,389.95,393.82,3124702
102,1,2024-05-22,397.32,399.18,395.29,396.85,6156749
103,1,2024-05-23,399.93,401.83,399.62,401.47,5520941
104,1,2024-05-24,400.26,400.79,398.38,400.06,6251735
105,1,2024-05-27,405.82,406.1,403.03,405.02,7735405
106,1,2024-05-28,412.48,413.84,411.71,413.78,5580104
107,1,2024-05-29,421.83,422.02,419.36,421.11,5204317
108,1,2024-05-30,417.89,421.17,415.76,419.23,5003087
109,1,2024-05-31,436.01,436.92,433.91,435.03,3279281
110,1,2024-06-03,450.66,451.58,448.34,450.64,6667481
111,1,2024-06-04,467.52,469.84,465.03,467.01,3766153
112,1,2024-06-05,481.19,483.98,479.51,480.29,6561494
113,1,2024-06-06,470.51,472.82,469.75,470.75,6887848
114,1,2024-06-07,469.79,470.03,466.07,468.55,2328975
115,1,2024-06-10,456.92,457.44,454.59,457.36,1863798
116,1,2024-06-11,458.9,462.16,457.96,459.96,7102399
117,1,2024-06-12,456.26,460.66,456.03,458.06,5900559
118,1,2024-06-13,451.8,453.9,449.93,451.84,5344271
119,1,2024-06-14,436.12,438.12,434.31,437.54,2796545
120,1,2024-06-17,438.74,439.98,437.05,438.45,3691278
121,1,2024-06-18,439.08,439.8,437.71,438.37,1404919
122,1,2024-06-19,430.34,431.71,428.96,431.41,6216422
123,1,2024-06-20,433.6,435.54,431.06,433.66,4434776
124,1,2024-06-21,438.0,439.03,437.49,438.76,2206123
125,1,2024-06-24,439.56,440.28,436.87,439.44,4650192
126,1,2024-06-25,441.44,441.78,438.45,440.75,4181590
127,1,2024-06-26,447.97,449.26,447.47,448.08,885325
128,1,2024-06-27,442.18,443.45,438.45,440.62,3505305
129,1,2024-06-28,449.11,451.12,447.59,450.72,2778766
130,1,2024-07-01,457.75,458.08,453.86,455.95,5047382
131,1,2024-07-02,457.63,458.87,456.33,457.55,6951249
132,1,2024-07-03,453.73,454.56,450.27,451.96,5072231
133,1,2024-07-04,449.78,451.4,448.0,450.83,1677928
134,1,2024-07-05,430.15,431.47,430.14,431.27,3878777
135,1,2024-07-08,425.1,427.83,423.31,426.02,3905234
136,1,2024-07-09,423.22,425.56,420.58,422.58,5187935
137,1,2024-07-10,413.05,414.65,411.45,413.3,7313085
138,1,2024-07-11,399.74,399.91,398.3,398.7,2807088
139,1,2024-07-12,398.05,399.03,396.41,398.73,5748002
140,1,2024-07-15,390.89,392.06,388.35,389.51,1103313
141,1,2024-07-16,396.26,397.42,396.04,396.83,7714333
142,1,2024-07-17,399.87,401.25,396.53,398.8,7996793
143,1,2024-07-18,394.77,398.03,393.66,396.23,5386321
144,1,2024-07-19,392.63,393.06,389.95,391.33,5260885
145,1,2024-07-22,387.87,389.12,386.31,388.34,6932998
146,1,2024-07-23,388.07,390.21,387.39,388.6,7588951
147,1,2024-07-24,391.98,392.86,391.22,392.12,7776385
148,1,2024-07-25,383.7,385.18,381.43,384.0,5432452
149,1,2024-07-26,376.26,378.02,374.55,377.21,5190565
150,1,2024-07-29,376.22,376.68,374.2,375.44,7457545
151,1,2024-07-30,364.74,367.98,363.41,365.85,2294730
152,1,2024-07-31,368.79,371.02,367.57,369.8,1199069
153,1,2024-08-01,384.46,384.85,382.54,384.58,4237816
154,1,2024-08-02,384.59,385.76,383.29,383.92,6760429
155,1,2024-08-05,389.3,390.2,386.99,389.14,4311806
156,1,2024-08-06,389.76,391.78,387.94,388.58,6425046
157,1,2024-08-07,374.65,376.5,374.0,374.63,2739168
158,1,2024-08-08,383.0,385.3,381.61,382.73,1614465
159,1,2024-08-09,376.83,378.06,375.64,376.67,2913330
160,1,2024-08-12,374.33,376.83,373.04,375.26,2251718
161,1,2024-08-13,376.41,378.0,373.84,375.67,3395590
162,1,2024-08-14,374.26,376.1,371.57,373.77,4214964
163,1,2024-08-15,381.86,383.86,379.59,381.59,3802296
164,1,2024-08-16,383.63,384.68,381.89,383.55,3574839
165,1,2024-08-19,381.3,383.61,380.52,381.39,5695284
166,1,2024-08-20,378.65,380.58,376.26,378.19,6945066
167,1,2024-08-21,374.61,376.31,371.99,373.95,769243
168,1,2024-08-22,376.76,379.49,374.67,378.06,7980694
169,1,2024-08-23,376.79,379.44,374.82,378.0,3827589
170,1,2024-08-26,371.41,373.42,370.73,370.83,6471075
171,1,2024-08-27,368.13,370.36,366.88,369.18,6443896
172,1,2024-08-28,374.48,375.65,372.52,375.47,5147827
173,1,2024-08-29,375.34,377.46,374.77,376.42,2414950
174,1,2024-08-30,389.91,393.34,387.81,391.45,5582081
175,1,2024-09-02,395.21,397.1,393.7,395.7,3682317
176,1,2024-09-03,401.43,404.28,400.95,402.23,3385199
177,1,2024-09-04,397.26,398.63,394.67,397.03,2714230
178,1,2024-09-05,399.2,400.78,397.02,397.68,4744467
179,1,2024-09-06,391.71,394.56,390.54,393.13,7281164
180,1,2024-09-09,381.81,384.3,380.42,382.47,3142407
181,1,2024-09-10,376.83,378.46,374.8,376.29,6787528
182,1,2024-09-11,369.62,371.62,367.81,369.24,2816996
183,1,2024-09-12,361.85,362.04,360.54,361.18,6106106
184,1,2024-09-13,363.43,364.66,362.25,364.37,7786171
185,1,2024-09-16,351.14,351.68,348.48,350.22,4113858
186,1,2024-09-17,348.47,350.03,346.91,347.61,1363772
187,1,2024-09-18,352.36,354.18,349.52,351.05,7849566
188,1,2024-09-19,351.64,353.33,349.56,350.33,6430114
189,1,2024-09-20,358.07,359.65,356.63,358.2,4884200
190,1,2024-09-23,359.91,361.94,358.75,358.98,2253664
191,1,2024-09-24,372.5,374.55,371.83,372.32,974127
192,1,2024-09-25,375.56,377.61,373.91,374.59,3562218
193,1,2024-09-26,384.48,386.23,384.26,385.09,7154444
194,1,2024-09-27,396.92,399.16,395.32,398.08,6073550
195,1,2024-09-30,406.0,406.38,404.21,405.21,1242662
196,1,2024-10-01,402.74,403.77,400.45,402.78,745372
197,1,2024-10-02,398.92,400.96,397.25,397.48,5642601
198,1,2024-10-03,403.35,405.71,402.34,403.2,3486047
199,1,2024-10-04,405.79,406.9,403.06,404.67,5312783
200,1,2024-10-07,408.54,408.59,406.29,408.22,2326766
201,1,2024-10-08,413.54,416.88,413.03,414.98,2119635
202,1,2024-10-09,423.17,424.01,421.55,421.92,7253982
203,1,2024-10-10,435.8,437.38,435.14,437.04,1808728
204,1,2024-10-11,437.98,438.05,437.38,437.42,6424884
205,1,2024-10-14,436.91,438.19,434.96,438.05,4445641
206,1,2024-10-15,445.98,447.26,443.03,445.11,4349284
207,1,2024-10-16,454.17,454.29,450.43,452.56,7002356
208,1,2024-10-17,458.85,460.11,456.11,458.77,956190
209,1,2024-10-18,451.25,452.58,448.12,450.58,1051180
210,1,2024-10-21,450.25,453.42,450.08,451.77,2562619
211,1,2024-10-22,444.38,447.66,442.96,445.0,3902865
212,1,2024-10-23,437.98,438.24,435.77,437.61,6895945
213,1,2024-10-24,430.61,431.17,428.69,429.85,2213701
214,1,2024-10-25,418.65,420.33,417.61,419.19,1213143
215,1,2024-10-28,408.88,409.67,406.62,409.29,1003499
216,1,2024-10-29,415.33,415.56,413.99,414.23,6040969
217,1,2024-10-30,418.21,419.62,417.1,417.92,1416734
218,1,2024-10-31,408.67,410.78,406.83,409.14,7010691
219,1,2024-11-01,406.07,406.92,404.33,405.74,2095541
220,1,2024-11-04,387.44,387.96,386.7,386.96,6840300
221,1,2024-11-05,379.32,381.16,377.17,379.09,7809099
222,1,2024-11-06,388.73,390.16,386.24,387.74,696903
223,1,2024-11-07,398.93,400.11,397.25,399.68,2817385
224,1,2024-11-08,393.43,393.95,391.38,393.94,4747408
225,1,2024-11-11,391.26,391.34,389.1,390.85,2113496
226,1,2024-11-12,392.96,394.02,392.09,393.21,5911969
227,1,2024-11-13,393.53,394.97,393.16,394.84,5133786
228,1,2024-11-14,386.4,387.03,384.33,385.86,4142462
229,1,2024-11-15,381.55,381.81,379.79,380.77,2624348
230,1,2024-11-18,383.36,384.48,381.28,382.81,840630
231,1,2024-11-19,374.05,376.21,373.57,375.53,1529261
232,1,2024-11-20,380.46,381.96,380.44,381.21,6102605
233,1,2024-11-21,384.94,386.1,382.4,384.32,6546501
234,1,2024-11-22,389.11,392.47,389.02,390.45,640561
235,1,2024-11-25,403.1,404.48,401.14,402.85,3632704
236,1,2024-11-26,394.87,396.13,394.1,396.09,6509916
237,1,2024-11-27,387.55,387.76,384.3,386.25,2324873
238,1,2024-11-28,377.74,378.92,376.57,377.47,2827059
239,1,2024-11-29,373.3,375.44,373.05,374.3,4324640
240,1,2024-12-02,380.75,381.55,377.86,379.51,6642114
241,1,2024-12-03,380.52,382.05,379.14,381.6,6201614
242,1,2024-12-04,377.53,377.93,375.31,377.06,4205877
243,1,2024-12-05,377.31,379.56,376.04,377.47,5264737
244,1,2024-12-06,366.45,368.35,364.71,366.09,1632180
245,1,2024-12-09,372.06,373.26,371.93,372.65,4305026
246,1,2024-12-10,375.18,376.77,375.05,375.75,6737724
247,1,2024-12-11,388.92,390.35,386.63,387.81,3970337
248,1,2024-12-12,394.55,396.42,392.25,394.37,3873002
249,1,2024-12-13,397.68,399.39,397.32,398.25,964052
250,1,2024-12-16,387.43,390.76,386.63,388.66,5857366
251,1,2024-12-17,383.67,385.46,382.66,384.45,4420610
252,1,2024-12-18,383.37,385.28,382.72,384.42,3565770
253,1,2024-12-19,380.46,381.94,379.43,379.58,1208794
254,1,2024-12-20,388.06,388.72,385.83,387.51,5424230
255,1,2024-12-23,398.86,400.79,398.52,399.39,3123655
256,1,2024-12-24,392.84,394.49,390.46,391.38,4962809
257,1,2024-12-25,396.69,398.97,394.75,397.08,5525872
258,1,2024-12-26,395.88,397.63,393.21,394.84,4447950
259,1,2024-12-27,389.97,391.25,389.54,390.4,2106444
260,1,2024-12-30,386.01,387.14,384.11,384.63,1531740
261,1,2024-12-31,395.27,398.37,393.29,396.54,7127616
262,1,2025-01-01,401.56,403.87,399.71,403.05,1482867
263,1,2025-01-02,401.12,402.98,398.12,400.06,1741543
264,1,2025-01-03,402.95,404.15,401.32,403.15,2281476
265,1,2025-01-06,398.46,399.53,396.39,397.67,2821009
266,1,2025-01-07,400.76,401.89,397.77,399.77,3258807
267,1,2025-01-08,419.37,420.21,418.41,419.5,4455948
268,1,2025-01-09,414.03,416.06,410.51,412.49,1537989
269,1,2025-01-10,413.82,415.2,412.33,412.59,6844192
270,1,2025-01-13,424.51,425.23,421.38,423.32,2545934
271,1,2025-01-14,426.77,429.4,426.2,426.98,3883459
272,1,2025-01-15,424.14,424.72,424.0,424.65,4265053
273,1,2025-01-16,426.52,427.02,424.14,426.95,6793822
274,1,2025-01-17,452.3,454.44,451.38,451.75,2651595
275,1,2025-01-20,456.57,459.83,455.34,457.89,539383
276,1,2025-01-21,445.34,447.53,443.11,446.84,4616031
277,1,2025-01-22,444.16,446.31,443.35,445.54,858120
278,1,2025-01-23,435.64,438.0,434.45,435.92,1331434
279,1,2025-01-24,443.06,446.15,442.41,444.78,1576826
280,1,2025-01-27,438.58,440.45,437.95,438.83,3624256
281,1,2025-01-28,438.88,439.06,435.84,437.22,4304957
282,1,2025-01-29,436.16,437.61,433.44,434.46,4026013
283,1,2025-01-30,419.24,420.11,417.26,420.07,3086018
284,1,2025-01-31,404.89,406.42,402.27,404.14,6013902
285,1,2025-02-03,403.3,405.26,402.72,403.15,6343569
286,1,2025-02-04,405.03,406.83,403.49,405.14,6586232
287,1,2025-02-05,416.73,417.61,416.62,416.88,1996023
288,1,2025-02-06,420.44,424.35,419.14,421.99,7918420
289,1,2025-02-07,417.34,417.81,415.6,416.49,6356311
290,1,2025-02-10,416.27,417.1,414.75,415.06,3260143
291,1,2025-02-11,425.97,426.95,422.15,424.63,4221524
292,1,2025-02-12,416.65,418.97,415.35,416.66,6508610
293,1,2025-02-13,416.66,418.72,414.96,416.32,2909085
294,1,2025-02-14,412.02,415.05,411.27,413.41,5019662
295,1,2025-02-17,402.85,403.43,400.75,403.33,3144194
296,1,2025-02-18,410.03,410.7,406.0,408.4,7609282
297,1,2025-02-19,417.37,419.83,415.67,417.82,7645920
298,1,2025-02-20,421.58,424.33,419.61,422.79,760992
299,1,2025-02-21,434.48,435.94,433.0,434.94,5038211
300,1,2025-02-24,441.25,443.76,439.63,440.62,6223133
301,1,2025-02-25,431.66,433.7,431.02,432.01,1350864
302,1,2025-02-26,428.65,429.93,426.85,427.84,4712545
303,1,2025-02-27,427.31,430.05,426.58,427.5,7373591
304,1,2025-02-28,433.53,433.88,431.31,433.56,3890320
305,1,2025-03-03,439.02,442.27,436.79,440.47,2896908
306,1,2025-03-04,434.93,435.63,433.51,435.46,7184987
307,1,2025-03-05,444.43,446.13,440.81,442.92,4315668
308,1,2025-03-06,431.6,433.43,431.24,432.91,6427797
309,1,2025-03-07,442.32,444.91,440.85,442.78,5089612
310,1,2025-03-10,443.08,445.37,440.42,444.55,5891522
311,1,2025-03-11,432.25,432.44,428.61,431.13,5317539
312,1,2025-03-12,428.92,430.85,428.04,429.1,7084701
313,1,2025-03-13,430.19,433.78,429.07,431.28,7330342
314,1,2025-03-14,419.0,420.8,418.61,420.49,1734928
315,1,2025-03-17,414.83,417.69,412.61,415.35,6844502
316,1,2025-03-18,425.14,427.62,423.74,425.99,1438777
317,1,2025-03-19,423.02,423.44,420.62,423.01,1656457
318,1,2025-03-20,432.54,434.42,430.43,432.0,6818975
319,1,2025-03-21,417.14,418.83,415.53,418.72,4825784
320,1,2025-03-24,413.84,415.74,412.31,413.34,5292433
321,1,2025-03-25,402.31,405.3,401.14,402.99,6535161
322,1,2025-03-26,403.8,404.52,403.03,403.21,949347
323,1,2025-03-27,394.61,396.98,393.87,395.54,5887721
324,1,2025-03-28,399.42,401.48,396.34,398.67,1480746
325,1,2025-03-31,391.87,393.53,391.24,392.44,2359391
326,1,2025-04-01,397.83,399.82,396.92,399.12,5115330
327,1,2025-04-02,398.28,400.16,396.9,399.37,2845361
328,1,2025-04-03,414.73,415.97,412.58,413.86,4240697
329,1,2025-04-04,414.85,416.11,410.98,413.38,2113583
330,1,2025-04-07,414.49,415.1,413.26,414.98,7117546
331,1,2025-04-08,410.43,412.51,409.25,410.31,7118417
332,1,2025-04-09,404.27,406.12,402.65,403.54,3504362
333,1,2025-04-10,399.48,399.66,398.1,399.31,6233030
334,1,2025-04-11,396.68,399.74,395.06,397.38,1391082
335,1,2025-04-14,405.5,406.33,402.27,404.55,6162238
336,1,2025-04-15,402.54,404.74,401.33,403.51,839775
337,1,2025-04-16,407.78,408.98,406.29,407.86,4366292
338,1,2025-04-17,412.4,414.49,412.0,412.97,7929618
339,1,2025-04-18,412.11,414.7,410.79,412.65,5815548
340,1,2025-04-21,405.84,408.49,404.95,406.5,5553547
341,1,2025-04-22,417.19,419.0,414.48,416.2,699853
342,1,2025-04-23,414.97,417.46,413.02,415.05,6321215
343,1,2025-04-24,404.87,405.28,403.07,404.6,5148018
344,1,2025-04-25,400.33,400.68,397.6,399.24,736778
345,1,2025-04-28,401.07,403.37,400.7,402.62,5678751
346,1,2025-04-29,401.3,403.46,399.09,401.59,7046132
347,1,2025-04-30,400.29,401.96,399.51,401.46,5466700
348,1,2025-05-01,399.05,399.8,398.56,398.97,7340931
349,1,2025-05-02,396.24,397.96,393.86,395.38,5699849
350,1,2025-05-05,401.4,401.86,400.45,401.04,4685649
351,1,2025-05-06,403.53,404.89,403.03,404.19,5787411
352,1,2025-05-07,422.97,424.47,420.6,423.59,6465540
353,1,2025-05-08,423.71,424.68,420.63,423.11,6637830
354,1,2025-05-09,428.61,430.68,426.31,427.06,2657227
355,1,2025-05-12,425.38,426.23,424.15,425.57,2015510
356,1,2025-05-13,418.92,421.26,417.04,418.79,1529547
357,1,2025-05-14,410.55,413.05,409.24,411.4,5284584
358,1,2025-05-15,403.5,405.95,401.76,404.95,1254086
359,1,2025-05-16,405.31,407.57,404.15,405.14,7512740
360,1,2025-05-19,405.73,406.89,404.02,404.5,7729355
361,1,2025-05-20,401.37,401.58,398.68,400.06,4513642
362,1,2025-05-21,410.24,412.55,407.27,409.51,1812985
363,1,2025-05-22,414.38,416.86,412.01,412.99,4215379
364,1,2025-05-23,411.41,413.78,407.7,409.97,7075573
365,1,2025-05-26,418.3,422.09,417.58,419.61,7918246
366,1,2025-05-27,420.43,421.67,417.92,420.28,6882948
367,1,2025-05-28,414.24,415.94,413.1,415.53,2429486
368,1,2025-05-29,415.56,418.45,413.59,416.61,4758359
369,1,2025-05-30,418.1,420.36,414.85,416.92,4364604
370,1,2025-06-02,410.99,414.01,410.54,412.36,1554589
371,1,2025-06-03,409.17,410.53,407.32,409.95,7655261
372,1,2025-06-04,414.38,416.84,414.35,415.04,5402625
373,1,2025-06-05,412.93,414.96,411.93,414.19,4268903
374,1,2025-06-06,413.09,414.84,411.02,411.79,1380618
375,1,2025-06-09,417.63,418.18,416.91,417.25,1648891
376,1,2025-06-10,415.01,416.52,413.15,414.19,4619258
377,1,2025-06-11,405.71,406.25,404.58,405.18,6160546
378,1,2025-06-12,408.14,408.34,405.84,406.93,5778245
379,1,2025-06-13,413.89,416.71,412.64,415.35,4795262
380,1,2025-06-16,418.81,420.82,417.5,419.99,1371800
381,1,2025-06-17,421.47,424.15,419.43,422.85,3900742
382,1,2025-06-18,432.68,433.86,432.48,432.63,3967837
383,1,2025-06-19,436.74,439.24,434.78,437.1,4837334
384,1,2025-06-20,423.84,426.27,423.68,425.39,7955927
385,1,2025-06-23,429.63,429.71,427.1,428.15,6267290
386,1,2025-06-24,427.99,430.5,425.43,427.08,3652714
387,1,2025-06-25,436.01,438.38,433.74,434.72,5620477
388,1,2025-06-26,435.04,436.45,432.78,434.48,3108274
389,1,2025-06-27,438.9,440.82,438.22,438.8,526049
390,1,2025-06-30,446.03,448.54,444.23,447.74,4583340
391,1,2025-07-01,432.26,434.04,431.55,433.14,7530577
392,1,2025-07-02,431.12,431.41,428.26,430.35,3644304
393,1,2025-07-03,430.39,432.6,430.13,432.07,751822
394,1,2025-07-04,416.44,418.2,415.99,416.11,6054058
395,1,2025-07-07,410.81,413.87,410.67,411.74,4279218
396,1,2025-07-08,414.26,416.99,412.44,414.96,2891777
397,1,2025-07-09,405.36,406.68,405.01,405.94,5451593
398,1,2025-07-10,398.84,400.46,398.7,399.74,7613901
399,1,2025-07-11,411.78,412.83,410.14,411.36,7792176
400,1,2025-07-14,401.69,403.31,398.39,400.27,2890508
401,1,2025-07-15,396.43,398.62,395.31,396.83,6870056
402,1,2025-07-16,398.32,400.65,396.4,398.96,7360558
403,1,2025-07-17,381.83,382.14,381.1,381.66,2025025
404,1,2025-07-18,375.31,377.38,372.96,374.87,1193479
405,1,2025-07-21,373.56,375.77,372.21,374.26,7052153
406,1,2025-07-22,369.1,371.71,367.49,370.02,4691378
407,1,2025-07-23,356.3,358.83,356.27,356.78,7528698
408,1,2025-07-24,359.86,360.12,356.39,358.54,4091906
409,1,2025-07-25,358.18,361.0,357.0,359.03,6316354
410,1,2025-07-28,367.56,369.09,366.76,367.91,2461712
411,1,2025-07-29,359.1,362.37,358.09,360.25,6797983
412,1,2025-07-30,360.92,361.72,358.83,359.73,4718935
413,1,2025-07-31,359.77,362.49,358.52,360.46,3631835
414,1,2025-08-01,363.12,364.86,362.29,364.13,6750220
415,1,2025-08-04,355.19,355.74,352.92,354.66,7748812
416,1,2025-08-05,355.19,356.24,354.43,354.79,6462316
417,1,2025-08-06,359.79,361.8,358.62,359.82,5313570
418,1,2025-08-07,367.64,369.02,365.78,368.95,7588910
419,1,2025-08-08,363.23,365.32,362.72,363.48,5803771
420,1,2025-08-11,352.49,354.96,351.7,353.88,5133764
421,1,2025-08-12,349.51,350.58,349.5,349.56,4637326
422,1,2025-08-13,340.76,343.18,340.2,342.1,7831095
423,1,2025-08-14,353.88,355.59,351.46,353.39,1302623
424,1,2025-08-15,353.58,355.04,353.17,354.73,4448419
425,1,2025-08-18,356.52,357.61,355.65,356.82,4737516
426,1,2025-08-19,353.63,354.11,350.81,352.25,6859003
427,1,2025-08-20,345.93,346.12,344.42,345.21,4645260
428,1,2025-08-21,334.0,335.21,333.65,335.19,4248937
429,1,2025-08-22,325.77,327.44,325.41,325.6,4461193
430,1,2025-08-25,328.61,330.23,326.9,329.81,7156657
431,1,2025-08-26,326.96,329.9,325.2,328.08,4726323
432,1,2025-08-27,327.21,330.27,326.59,328.44,7711018
433,1,2025-08-28,320.62,321.39,319.93,320.08,1718376
434,1,2025-08-29,314.5,316.73,313.76,315.15,7223943
435,1,2025-09-01,309.65,312.39,308.31,310.55,4255946
436,1,2025-09-02,320.0,320.11,317.96,318.79,6790059
437,1,2025-09-03,314.72,315.46,312.12,313.57,722192
438,1,2025-09-04,321.2,323.7,320.26,321.79,3168583
439,1,2025-09-05,328.08,329.38,327.44,327.61,5139619
440,1,2025-09-08,326.19,327.59,325.26,325.42,1656657
441,1,2025-09-09,324.13,324.75,323.31,323.51,538964
442,1,2025-09-10,315.09,316.25,314.58,315.57,1493802
443,1,2025-09-11,318.16,318.94,317.97,318.02,3154357
444,1,2025-09-12,322.82,325.03,322.19,323.87,3389284
445,1,2025-09-15,321.37,324.19,319.63,322.45,7836297
446,1,2025-09-16,328.26,328.6,327.32,328.07,1541300
447,1,2025-09-17,324.84,326.83,324.02,325.98,4131734
448,1,2025-09-18,331.42,333.05,330.93,332.54,5187752
449,1,2025-09-19,328.3,329.94,326.44,329.34,2991629
450,1,2025-09-22,327.56,329.14,326.6,327.24,3010521
451,1,2025-09-23,333.25,333.52,331.35,331.99,7604591
452,1,2025-09-24,320.45,321.82,318.59,321.21,7765439
453,1,2025-09-25,318.97,320.1,318.51,319.0,3320414
454,1,2025-09-26,328.45,329.23,327.4,327.62,4728878
455,1,2025-09-29,321.97,323.03,319.66,321.5,3962166
456,1,2025-09-30,318.13,318.96,317.04,317.6,5696264
457,1,2025-10-01,321.72,322.91,320.49,321.95,2315158
458,1,2025-10-02,313.05,314.39,311.17,312.65,1054738
459,1,2025-10-03,318.89,320.11,317.13,319.14,5687816
460,1,2025-10-06,318.95,320.46,318.15,318.84,7216261
461,1,2025-10-07,309.91,312.38,308.69,310.95,3162566
462,1,2025-10-08,309.55,309.63,307.36,309.19,5581039
463,1,2025-10-09,302.87,303.65,301.73,301.75,2440537
464,1,2025-10-10,307.2,308.15,306.1,307.17,4814265
465,1,2025-10-13,302.71,303.78,301.15,302.05,3087255
466,1,2025-10-14,302.78,304.12,302.02,303.93,7712958
467,1,2025-10-15,312.8,314.29,311.95,313.7,2051504
468,1,2025-10-16,322.67,323.64,321.83,322.72,5725724
469,1,2025-10-17,321.53,321.75,319.1,320.73,5359774
470,1,2025-10-20,325.7,326.02,323.32,325.24,2329347
471,1,2025-10-21,327.05,328.93,326.44,326.9,3537855
472,1,2025-10-22,329.23,331.33,328.38,330.07,718942
473,1,2025-10-23,327.42,328.18,325.79,327.17,2043383
474,1,2025-10-24,325.34,326.92,324.56,324.69,1263140
475,1,2025-10-27,326.91,328.27,326.4,327.37,6969774
476,1,2025-10-28,324.79,326.03,323.55,324.72,5084813
477,1,2025-10-29,321.06,322.25,318.61,320.18,5794912
478,1,2025-10-30,316.97,318.65,316.8,317.48,1504608
479,1,2025-10-31,320.34,322.49,319.36,321.16,3636793
480,1,2025-11-03,323.62,325.31,323.26,324.56,5266262
481,1,2025-11-04,323.0,324.07,320.77,321.71,1552224
482,1,2025-11-05,313.51,314.82,313.4,313.97,3192793
483,1,2025-11-06,317.9,319.74,316.14,317.1,4212273
484,1,2025-11-07,317.83,318.62,315.76,317.36,4165246
485,1,2025-11-10,319.34,319.9,318.15,318.68,4532064
486,1,2025-11-11,318.62,320.34,317.2,319.47,6244396
487,1,2025-11-12,315.88,318.33,314.32,316.86,3251463
488,1,2025-11-13,316.89,316.97,314.71,316.08,4597649
489,1,2025-11-14,319.63,321.07,318.22,318.79,7994845
490,1,2025-11-17,318.57,319.36,317.0,318.69,3793024
491,1,2025-11-18,327.99,330.28,326.83,328.68,3129731
492,1,2025-11-19,328.92,330.17,328.04,328.37,1544262
493,1,2025-11-20,328.37,330.22,327.81,329.53,4540764
494,1,2025-11-21,333.03,334.91,332.45,333.5,2505072
495,1,2025-11-24,345.04,345.23,342.55,344.54,6392682
496,1,2025-11-25,331.68,333.66,328.86,330.58,1451661
497,1,2025-11-26,334.22,335.89,332.14,333.66,5571759
498,1,2025-11-27,330.32,331.49,329.78,330.34,3606688
499,1,2025-11-28,323.36,323.54,321.38,322.38,2586692
500,1,2025-12-01,326.03,326.75,323.04,324.9,2954669
501,2,2024-01-02,49.3,49.44,49.01,49.21,3186670
502,2,2024-01-03,47.61,47.93,47.55,47.78,3722323
503,2,2024-01-04,48.06,48.15,47.76,47.93,4746065
504,2,2024-01-05,48.58,48.68,48.38,48.58,863069
505,2,2024-01-08,49.8,49.85,49.54,49.81,3809644
506,2,2024-01-09,50.52,51.02,50.46,50.72,5664439
507,2,2024-01-10,51.47,51.9,51.38,51.61,5409409
508,2,2024-01-11,52.49,52.71,52.2,52.59,1741438
509,2,2024-01-12,52.02,52.09,51.73,51.94,5777735
510,2,2024-01-15,52.2,52.56,52.16,52.41,2196431
511,2,2024-01-16,52.43,52.68,52.03,52.35,3667354
512,2,2024-01-17,52.06,52.24,51.95,52.22,5980725
513,2,2024-01-18,53.02,53.06,52.61,52.86,6148683
514,2,2024-01-19,53.19,53.66,53.14,53.34,4478812
515,2,2024-01-22,54.7,54.96,54.49,54.72,1635305
516,2,2024-01-23,54.75,55.01,54.47,54.79,1150160
517,2,2024-01-24,56.15,56.28,55.78,56.11,2858777
518,2,2024-01-25,56.93,57.19,56.9,57.09,4650474
519,2,2024-01-26,56.07,56.3,55.66,55.94,5438040
520,2,2024-01-29,55.04,55.3,54.87,55.12,6108827
521,2,2024-01-30,55.19,55.51,54.86,55.02,1345577
522,2,2024-01-31,55.33,55.52,55.15,55.33,7832727
523,2,2024-02-01,57.46,57.93,57.26,57.63,3240593
524,2,2024-02-02,57.5,57.77,57.09,57.42,6277752
525,2,2024-02-05,57.68,57.81,57.66,57.79,6419674
526,2,2024-02-06,57.82,58.04,57.65,57.82,3615739
527,2,2024-02-07,57.7,57.91,57.58,57.68,2824301
528,2,2024-02-08,57.26,57.33,56.98,57.26,4522926
529,2,2024-02-09,56.27,56.5,56.09,56.12,5740069
530,2,2024-02-12,57.12,57.41,56.99,57.01,1146595
531,2,2024-02-13,56.02,56.12,55.72,55.97,6054936
532,2,2024-02-14,56.23,56.64,55.99,56.4,1728744
533,2,2024-02-15,57.7,57.95,57.51,57.57,1451979
534,2,2024-02-16,57.32,57.41,56.89,57.19,6285727
535,2,2024-02-19,58.91,59.04,58.66,59.02,4824887
536,2,2024-02-20,59.16,59.52,59.03,59.36,4247075
537,2,2024-02-21,58.3,58.45,58.1,58.41,5920837
538,2,2024-02-22,57.87,58.17,57.85,57.99,6971963
539,2,2024-02-23,57.97,58.07,57.64,58.02,6931138
540,2,2024-02-26,59.21,59.54,58.92,59.19,3645269
541,2,2024-02-27,58.8,58.89,58.67,58.69,3296061
542,2,2024-02-28,59.67,59.99,59.6,59.67,6532535
543,2,2024-02-29,62.09,62.48,61.98,62.3,6836348
544,2,2024-03-01,61.88,62.17,61.88,61.97,2005033
545,2,2024-03-04,61.14,61.31,60.86,61.08,4200205
546,2,2024-03-05,60.84,60.91,60.38,60.7,6203616
547,2,2024-03-06,60.65,60.78,60.53,60.7,6796805
548,2,2024-03-07,60.99,61.34,60.81,60.81,5429778
549,2,2024-03-08,61.63,62.02,61.54,61.82,4190216
550,2,2024-03-11,60.14,60.71,59.88,60.35,1197699
551,2,2024-03-12,62.39,62.65,62.24,62.38,7809160
552,2,2024-03-13,61.03,61.27,60.98,61.23,6649721
553,2,2024-03-14,62.46,62.85,62.37,62.49,2457432
554,2,2024-03-15,63.05,63.44,62.78,63.14,6015146
555,2,2024-03-18,62.54,62.83,62.25,62.75,4885310
556,2,2024-03-19,63.38,63.62,63.21,63.56,3548844
557,2,2024-03-20,60.52,60.78,60.43,60.66,1399351
558,2,2024-03-21,59.86,60.27,59.56,60.02,5726584
559,2,2024-03-22,61.91,62.03,61.82,62.0,3168070
560,2,2024-03-25,62.52,62.78,62.42,62.52,7930074
561,2,2024-03-26,63.6,63.91,63.51,63.63,3965324
562,2,2024-03-27,64.0,64.05,63.84,63.84,6727792
563,2,2024-03-28,64.6,64.74,64.19,64.43,5335137
564,2,2024-03-29,64.4,64.5,64.04,64.35,663501
565,2,2024-04-01,66.61,66.69,66.25,66.64,6720171
566,2,2024-04-02,67.55,67.66,67.37,67.64,1759919
567,2,2024-04-03,65.55,65.62,65.29,65.61,1796054
568,2,2024-04-04,64.47,64.69,64.36,64.61,7125678
569,2,2024-04-05,66.04,66.3,65.88,66.18,4630164
570,2,2024-04-08,66.29,66.64,66.24,66.52,1995933
571,2,2024-04-09,67.68,68.0,67.28,67.61,7920527
572,2,2024-04-10,66.76,66.9,66.39,66.61,4135096
573,2,2024-04-11,67.74,67.88,67.61,67.8,2142651
574,2,2024-04-12,67.25,67.56,67.01,67.04,7936484
575,2,2024-04-15,65.26,65.64,64.96,65.0,5426483
576,2,2024-04-16,64.5,64.94,64.14,64.62,919314
577,2,2024-04-17,65.61,65.92,65.29,65.43,6794166
578,2,2024-04-18,65.57,65.64,65.16,65.39,6546576
579,2,2024-04-19,64.29,64.81,63.93,64.54,4727048
580,2,2024-04-22,62.12,62.19,61.72,62.09,7112197
581,2,2024-04-23,61.11,61.15,61.03,61.12,2141067
582,2,2024-04-24,61.16,61.17,60.82,61.15,2010982
583,2,2024-04-25,62.54,62.86,62.21,62.33,664346
584,2,2024-04-26,63.67,64.02,63.33,63.62,6848606
585,2,2024-04-29,65.41,65.85,65.26,65.48,1257741
586,2,2024-04-30,63.06,63.21,63.0,63.16,7615201
587,2,2024-05-01,63.98,64.05,63.53,63.9,5701702
588,2,2024-05-02,61.27,61.56,60.98,61.06,4917126
589,2,2024-05-03,61.57,61.62,61.21,61.48,7615910
590,2,2024-05-06,62.53,62.68,61.94,62.31,7738879
591,2,2024-05-07,64.0,64.38,63.71,63.79,4741626
592,2,2024-05-08,64.32,64.37,63.81,64.09,2284969
593,2,2024-05-09,64.97,65.01,64.5,64.77,5293270
594,2,2024-05-10,64.88,65.06,64.58,64.68,2371556
595,2,2024-05-13,65.28,65.49,65.13,65.49,5994383
596,2,2024-05-14,66.1,66.45,65.65,65.85,3340344
597,2,2024-05-15,65.3,65.65,65.05,65.31,5653703
598,2,2024-05-16,64.97,65.17,64.64,65.14,2711814
599,2,2024-05-17,63.7,63.99,63.56,63.92,5989888
600,2,2024-05-20,66.51,66.87,66.44,66.48,4955229
601,2,2024-05-21,65.19,65.8,65.12,65.43,7173149
602,2,2024-05-22,64.35,64.57,64.28,64.53,1924881
603,2,2024-05-23,64.03,64.13,63.81,63.91,2281612
604,2,2024-05-24,61.94,62.37,61.62,62.16,1651924
605,2,2024-05-27,61.29,61.63,61.07,61.39,1997561
606,2,2024-05-28,62.04,62.34,61.93,62.27,1114520
607,2,2024-05-29,62.74,62.98,62.5,62.8,1183526
608,2,2024-05-30,62.0,62.07,61.65,61.98,3270512
609,2,2024-05-31,61.13,61.23,61.03,61.14,962295
610,2,2024-06-03,61.54,61.79,61.39,61.42,3078435
611,2,2024-06-04,58.61,58.8,58.27,58.57,6638039
612,2,2024-06-05,57.8,58.02,57.5,57.83,4061182
613,2,2024-06-06,58.5,59.01,58.25,58.69,4265761
614,2,2024-06-07,58.05,58.33,57.63,57.87,5152048
615,2,2024-06-10,58.98,59.48,58.63,59.13,6563455
616,2,2024-06-11,60.17,60.5,59.81,60.35,3765449
617,2,2024-06-12,62.03,62.12,61.53,61.86,7356304
618,2,2024-06-13,61.61,61.97,61.46,61.82,2945951
619,2,2024-06-14,61.79,62.09,61.38,61.61,4419215
620,2,2024-06-17,62.77,62.97,62.71,62.81,4909505
621,2,2024-06-18,63.15,63.36,62.9,62.94,2645696
622,2,2024-06-19,60.26,60.39,60.1,60.24,3372826
623,2,2024-06-20,58.54,58.85,58.48,58.75,5064914
624,2,2024-06-21,58.96,58.98,58.56,58.87,2986205
625,2,2024-06-24,59.2,59.51,58.99,59.0,6630394
626,2,2024-06-25,60.64,60.84,60.46,60.74,5721371
627,2,2024-06-26,62.34,62.89,62.17,62.52,6693674
628,2,2024-06-27,63.71,63.98,63.46,63.82,1909517
629,2,2024-06-28,64.45,64.74,63.99,64.33,6657630
630,2,2024-07-01,66.42,66.48,66.28,66.41,4300964
631,2,2024-07-02,68.14,68.15,67.85,67.93,6746974
632,2,2024-07-03,69.9,70.01,69.52,69.71,7385233
633,2,2024-07-04,69.6,69.81,69.15,69.42,1429046
634,2,2024-07-05,68.19,68.6,67.94,68.44,1831877
635,2,2024-07-08,69.47,69.62,69.1,69.56,6117208
636,2,2024-07-09,68.44,68.55,68.17,68.33,1721805
637,2,2024-07-10,65.64,65.9,65.19,65.46,2518126
638,2,2024-07-11,64.06,64.11,63.76,64.11,6256795
639,2,2024-07-12,66.71,66.95,66.63,66.63,2392928
640,2,2024-07-15,66.93,67.05,66.38,66.77,5320552
641,2,2024-07-16,65.64,65.82,65.45,65.72,5578971
642,2,2024-07-17,66.4,66.56,66.19,66.23,4336352
643,2,2024-07-18,64.95,65.27,64.72,65.02,2738569
644,2,2024-07-19,62.89,63.11,62.51,63.09,5304460
645,2,2024-07-22,63.75,64.09,63.53,63.64,1624469
646,2,2024-07-23,63.08,63.42,62.64,62.95,6517728
647,2,2024-07-24,61.68,61.94,61.35,61.59,7981018
648,2,2024-07-25,60.5,60.77,60.36,60.62,764892
649,2,2024-07-26,60.09,60.5,60.01,60.24,4509763
650,2,2024-07-29,58.99,59.32,58.62,58.86,4304861
651,2,2024-07-30,60.18,60.24,59.96,59.99,1459581
652,2,2024-07-31,58.16,58.56,57.89,58.27,1873012
653,2,2024-08-01,57.67,57.98,57.41,57.86,2803139
654,2,2024-08-02,57.13,57.24,56.9,56.99,2705383
655,2,2024-08-05,57.84,58.04,57.34,57.67,1034118
656,2,2024-08-06,56.89,57.06,56.42,56.72,3362519
657,2,2024-08-07,56.76,56.81,56.54,56.6,3568938
658,2,2024-08-08,56.95,57.26,56.76,56.92,2872875
659,2,2024-08-09,56.52,56.74,56.46,56.52,5258742
660,2,2024-08-12,54.57,54.88,54.32,54.79,1764543
661,2,2024-08-13,54.99,55.02,54.68,54.88,5251156
662,2,2024-08-14,53.69,54.04,53.56,53.73,782939
663,2,2024-08-15,53.8,54.11,53.53,54.01,1929325
664,2,2024-08-16,54.97,55.17,54.81,54.89,5701435
665,2,2024-08-19,54.54,54.78,54.48,54.59,6678828
666,2,2024-08-20,54.92,55.1,54.68,55.01,4972774
667,2,2024-08-21,54.12,54.24,53.62,53.91,3194381
668,2,2024-08-22,55.49,55.94,55.18,55.63,3525437
669,2,2024-08-23,55.67,56.08,55.47,55.84,1767385
670,2,2024-08-26,57.37,57.65,57.36,57.43,7074081
671,2,2024-08-27,57.16,57.71,56.94,57.37,5401757
672,2,2024-08-28,58.41,58.88,58.27,58.64,3351903
673,2,2024-08-29,57.32,57.72,57.1,57.48,2758373
674,2,2024-08-30,57.2,57.43,57.03,57.13,5042257
675,2,2024-09-02,58.19,58.63,58.15,58.38,1355094
676,2,2024-09-03,59.68,59.94,59.61,59.87,2472454
677,2,2024-09-04,59.24,59.34,59.13,59.14,4222660
678,2,2024-09-05,58.89,59.36,58.77,59.02,520534
679,2,2024-09-06,58.07,58.31,57.87,57.92,1175620
680,2,2024-09-09,55.91,56.15,55.87,55.91,2419190
681,2,2024-09-10,56.16,56.41,56.12,56.25,1810263
682,2,2024-09-11,59.03,59.35,58.75,59.25,2845303
683,2,2024-09-12,59.32,59.34,58.9,59.2,5475162
684,2,2024-09-13,58.56,58.84,58.41,58.72,5163552
685,2,2024-09-16,59.19,59.26,58.9,59.04,7717324
686,2,2024-09-17,58.6,58.84,58.3,58.71,6499243
687,2,2024-09-18,57.4,57.81,57.38,57.57,7568502
688,2,2024-09-19,55.92,56.21,55.72,56.07,6516985
689,2,2024-09-20,55.73,55.9,55.72,55.78,5633481
690,2,2024-09-23,55.35,55.67,55.16,55.2,7402984
691,2,2024-09-24,55.76,56.05,55.66,55.97,5784261
692,2,2024-09-25,56.71,56.97,56.44,56.63,4737591
693,2,2024-09-26,58.05,58.31,57.8,58.12,1214316
694,2,2024-09-27,57.97,58.06,57.78,57.9,5572216
695,2,2024-09-30,56.42,56.75,56.37,56.39,5325490
696,2,2024-10-01,57.51,57.96,57.21,57.66,7020617
697,2,2024-10-02,58.61,59.07,58.59,58.73,2170298
698,2,2024-10-03,59.34,59.49,59.19,59.27,3943209
699,2,2024-10-04,59.8,59.96,59.59,59.63,4230300
700,2,2024-10-07,58.58,58.62,58.36,58.51,4678482
701,2,2024-10-08,59.01,59.23,58.85,58.96,4312533
702,2,2024-10-09,58.81,59.18,58.47,58.95,3225068
703,2,2024-10-10,59.62,59.85,59.4,59.64,4048502
704,2,2024-10-11,59.96,60.22,59.85,59.89,6194899
705,2,2024-10-14,60.21,60.56,59.94,60.05,4414888
706,2,2024-10-15,61.11,61.13,60.95,61.01,1553368
707,2,2024-10-16,60.44,60.86,60.38,60.64,7476621
708,2,2024-10-17,58.87,59.08,58.59,58.92,5875909
709,2,2024-10-18,59.96,60.26,59.55,59.76,6291088
710,2,2024-10-21,60.42,60.68,60.07,60.44,1509770
711,2,2024-10-22,58.88,59.43,58.59,59.09,4121989
712,2,2024-10-23,59.1,59.42,59.03,59.09,4839157
713,2,2024-10-24,58.96,59.23,58.65,59.01,4280825
714,2,2024-10-25,58.39,58.79,58.07,58.45,6217809
715,2,2024-10-28,58.26,58.41,57.99,58.04,3595591
716,2,2024-10-29,60.78,61.06,60.58,60.69,5761207
717,2,2024-10-30,61.99,62.23,61.7,61.78,5181256
718,2,2024-10-31,60.32,60.54,60.07,60.42,7860016
719,2,2024-11-01,58.8,59.04,58.68,58.8,1365539
720,2,2024-11-04,56.56,56.79,56.36,56.63,5503679
721,2,2024-11-05,55.29,55.39,54.86,55.14,6562285
722,2,2024-11-06,55.96,55.97,55.9,55.95,5526906
723,2,2024-11-07,56.31,56.56,56.22,56.46,6795363
724,2,2024-11-08,58.15,58.25,57.79,58.06,742297
725,2,2024-11-11,58.41,58.67,57.93,58.24,6068095
726,2,2024-11-12,57.8,57.89,57.5,57.78,6491163
727,2,2024-11-13,57.6,57.73,57.07,57.4,7818670
728,2,2024-11-14,58.79,59.07,58.78,58.88,2385058
729,2,2024-11-15,57.69,57.98,57.21,57.52,5784718
730,2,2024-11-18,56.34,56.59,56.09,56.27,5025402
731,2,2024-11-19,56.6,56.75,56.36,56.69,1902324
732,2,2024-11-20,53.94,54.25,53.82,54.08,3713808
733,2,2024-11-21,53.62,53.7,53.48,53.59,5822669
734,2,2024-11-22,53.25,53.45,53.15,53.4,881415
735,2,2024-11-25,54.67,54.83,54.41,54.6,3185641
736,2,2024-11-26,54.15,54.25,53.96,54.03,1879018
737,2,2024-11-27,55.03,55.24,55.0,55.07,2158985
738,2,2024-11-28,55.42,55.65,55.3,55.54,2138339
739,2,2024-11-29,55.77,56.05,55.23,55.55,566027
740,2,2024-12-02,54.39,54.53,54.02,54.31,5102758
741,2,2024-12-03,52.59,52.69,52.23,52.51,7587407
742,2,2024-12-04,50.81,51.02,50.72,50.86,7335019
743,2,2024-12-05,51.36,51.5,51.22,51.23,7237112
744,2,2024-12-06,50.3,50.58,50.01,50.42,1755461
745,2,2024-12-09,51.29,51.52,51.09,51.5,6301866
746,2,2024-12-10,51.32,51.45,51.14,51.17,4533156
747,2,2024-12-11,50.54,50.73,50.14,50.43,6101681
748,2,2024-12-12,47.91,48.18,47.81,48.04,1156406
749,2,2024-12-13,49.51,49.68,49.41,49.48,2439859
750,2,2024-12-16,49.96,50.19,49.83,50.0,626682
751,2,2024-12-17,49.53,49.72,49.25,49.48,4892060
752,2,2024-12-18,48.57,48.59,48.22,48.49,1296016
753,2,2024-12-19,48.49,48.87,48.36,48.65,3463349
754,2,2024-12-20,47.98,48.12,47.77,47.92,1522860
755,2,2024-12-23,46.73,47.0,46.68,46.72,5579667
756,2,2024-12-24,47.81,48.04,47.45,47.66,3298478
757,2,2024-12-25,48.7,48.74,48.68,48.68,4974911
758,2,2024-12-26,48.34,48.61,48.24,48.33,6112224
759,2,2024-12-27,48.94,49.16,48.79,48.97,1707157
760,2,2024-12-30,48.39,48.74,48.34,48.5,1860184
761,2,2024-12-31,49.15,49.43,48.72,49.02,3959489
762,2,2025-01-01,47.38,47.47,47.35,47.36,1236518
763,2,2025-01-02,47.14,47.24,46.95,47.2,1250337
764,2,2025-01-03,46.27,46.52,46.14,46.22,3879844
765,2,2025-01-06,45.72,45.87,45.59,45.69,2872498
766,2,2025-01-07,45.18,45.21,45.12,45.21,2161442
767,2,2025-01-08,45.27,45.3,44.94,45.14,7084143
768,2,2025-01-09,44.25,44.36,44.17,44.27,4637538
769,2,2025-01-10,44.87,45.1,44.71,44.75,4539635
770,2,2025-01-13,45.63,45.96,45.61,45.72,1065499
771,2,2025-01-14,46.51,46.85,46.4,46.68,4925272
772,2,2025-01-15,46.94,47.1,46.64,46.79,7990461
773,2,2025-01-16,45.3,45.41,45.09,45.35,5999201
774,2,2025-01-17,45.51,45.71,45.37,45.59,3475888
775,2,2025-01-20,44.49,44.71,44.2,44.37,1743826
776,2,2025-01-21,44.35,44.47,44.3,44.34,7615338
777,2,2025-01-22,43.29,43.41,43.11,43.21,2141143
778,2,2025-01-23,41.48,41.5,41.39,41.48,821063
779,2,2025-01-24,41.86,42.03,41.75,41.91,848280
780,2,2025-01-27,43.66,43.74,43.31,43.49,4410296
781,2,2025-01-28,44.11,44.34,44.06,44.19,5402564
782,2,2025-01-29,42.81,43.03,42.6,42.86,4374971
783,2,2025-01-30,41.66,41.75,41.44,41.65,4151461
784,2,2025-01-31,42.78,42.95,42.66,42.79,1542262
785,2,2025-02-03,42.99,43.04,42.89,42.94,3216672
786,2,2025-02-04,43.27,43.3,43.14,43.2,6583794
787,2,2025-02-05,43.01,43.08,42.97,43.02,6750237
788,2,2025-02-06,41.98,42.15,41.84,42.14,1708468
789,2,2025-02-07,42.01,42.02,41.92,41.99,1850281
790,2,2025-02-10,41.98,42.13,41.68,41.82,639650
791,2,2025-02-11,41.53,41.62,41.42,41.6,7945818
792,2,2025-02-12,40.63,40.67,40.31,40.51,5006290
793,2,2025-02-13,40.77,41.04,40.71,40.88,5931400
794,2,2025-02-14,39.51,39.67,39.37,39.56,2223603
795,2,2025-02-17,39.2,39.5,39.08,39.3,3648462
796,2,2025-02-18,39.4,39.53,39.29,39.51,5110611
797,2,2025-02-19,40.71,40.74,40.59,40.71,1477466
798,2,2025-02-20,41.05,41.25,40.79,41.01,6311528
799,2,2025-02-21,40.43,40.49,40.3,40.48,2221146
800,2,2025-02-24,39.85,40.04,39.66,39.75,4917860
801,2,2025-02-25,39.74,39.77,39.65,39.68,4078559
802,2,2025-02-26,38.38,38.66,38.32,38.46,7075747
803,2,2025-02-27,38.14,38.33,37.95,38.08,1383714
804,2,2025-02-28,38.16,38.46,38.01,38.31,2869262
805,2,2025-03-03,38.09,38.15,37.85,38.05,3676711
806,2,2025-03-04,38.3,38.41,38.14,38.34,6162289
807,2,2025-03-05,37.3,37.38,37.17,37.3,2403332
808,2,2025-03-06,37.85,37.98,37.68,37.9,6018368
809,2,2025-03-07,38.59,38.69,38.35,38.51,1713463
810,2,2025-03-10,37.61,37.79,37.54,37.7,4629321
811,2,2025-03-11,37.24,37.56,37.24,37.34,1183164
812,2,2025-03-12,36.24,36.54,36.14,36.34,980603
813,2,2025-03-13,36.25,36.47,36.03,36.38,5104741
814,2,2025-03-14,36.64,36.8,36.51,36.64,7592868
815,2,2025-03-17,37.01,37.08,36.87,37.03,6529324
816,2,2025-03-18,36.1,36.17,35.97,36.16,4368602
817,2,2025-03-19,36.07,36.25,36.07,36.2,1680835
818,2,2025-03-20,36.73,36.91,36.51,36.59,3463573
819,2,2025-03-21,35.97,35.98,35.88,35.9,2633703
820,2,2025-03-24,35.58,35.78,35.42,35.49,7724657
821,2,2025-03-25,35.25,35.54,35.13,35.34,2458306
822,2,2025-03-26,36.16,36.21,36.15,36.19,2706888
823,2,2025-03-27,37.43,37.62,37.11,37.29,4811704
824,2,2025-03-28,36.95,37.16,36.76,36.89,6274753
825,2,2025-03-31,36.95,37.06,36.82,36.96,705130
826,2,2025-04-01,35.15,35.27,35.02,35.26,7956485
827,2,2025-04-02,35.0,35.25,34.89,35.05,572923
828,2,2025-04-03,34.73,34.78,34.61,34.63,5552734
829,2,2025-04-04,34.85,34.95,34.66,34.73,7207371
830,2,2025-04-07,34.44,34.7,34.3,34.5,7324455
831,2,2025-04-08,34.15,34.32,34.04,34.08,2020749
832,2,2025-04-09,34.01,34.2,33.98,34.08,1300169
833,2,2025-04-10,34.92,35.05,34.72,34.88,4561054
834,2,2025-04-11,34.29,34.52,34.16,34.42,4192552
835,2,2025-04-14,35.83,35.94,35.52,35.73,7370051
836,2,2025-04-15,35.53,35.64,35.41,35.59,906111
837,2,2025-04-16,35.82,35.93,35.72,35.81,5647539
838,2,2025-04-17,35.01,35.31,34.86,35.1,3950529
839,2,2025-04-18,34.98,35.18,34.91,35.06,5095835
840,2,2025-04-21,34.89,35.08,34.84,34.96,4035090
841,2,2025-04-22,34.5,34.54,34.35,34.5,3292322
842,2,2025-04-23,34.2,34.26,34.07,34.1,1483543
843,2,2025-04-24,33.6,33.76,33.55,33.71,3741640
844,2,2025-04-25,33.47,33.53,33.27,33.5,1621610
845,2,2025-04-28,33.62,33.82,33.45,33.62,4377552
846,2,2025-04-29,33.32,33.47,33.2,33.26,4716038
847,2,2025-04-30,32.75,32.76,32.54,32.7,4074045
848,2,2025-05-01,32.48,32.57,32.39,32.45,3207215
849,2,2025-05-02,31.13,31.19,31.1,31.19,7005264
850,2,2025-05-05,30.81,30.85,30.59,30.7,5368482
851,2,2025-05-06,31.1,31.26,31.01,31.13,6023946
852,2,2025-05-07,32.09,32.17,31.94,31.99,5237841
853,2,2025-05-08,32.28,32.35,32.08,32.2,4787281
854,2,2025-05-09,32.56,32.58,32.44,32.47,2211634
855,2,2025-05-12,32.21,32.39,32.16,32.27,3836737
856,2,2025-05-13,32.8,32.87,32.59,32.7,7741445
857,2,2025-05-14,32.25,32.52,32.12,32.37,7553280
858,2,2025-05-15,32.61,32.63,32.53,32.56,1272569
859,2,2025-05-16,33.67,33.68,33.58,33.66,6237472
860,2,2025-05-19,34.03,34.19,33.99,34.14,5411245
861,2,2025-05-20,34.46,34.59,34.33,34.53,1484578
862,2,2025-05-21,34.26,34.27,34.03,34.17,6952766
863,2,2025-05-22,33.97,34.08,33.79,33.85,3836336
864,2,2025-05-23,34.59,34.73,34.42,34.46,4981881
865,2,2025-05-26,33.87,33.97,33.72,33.85,2822459
866,2,2025-05-27,33.17,33.32,33.01,33.21,3813952
867,2,2025-05-28,32.84,32.89,32.68,32.89,6859598
868,2,2025-05-29,33.19,33.32,33.19,33.23,7415662
869,2,2025-05-30,33.73,33.95,33.67,33.87,2234115
870,2,2025-06-02,33.5,33.71,33.42,33.63,4704157
871,2,2025-06-03,33.4,33.48,33.27,33.34,2472352
872,2,2025-06-04,33.53,33.6,33.38,33.55,7324658
873,2,2025-06-05,33.81,34.02,33.65,33.87,3596779
874,2,2025-06-06,33.09,33.13,32.94,33.0,5276695
875,2,2025-06-09,32.68,32.71,32.64,32.64,872240
876,2,2025-06-10,32.33,32.37,32.3,32.32,2518963
877,2,2025-06-11,32.04,32.14,31.95,32.11,3064346
878,2,2025-06-12,31.15,31.35,30.96,31.2,3977633
879,2,2025-06-13,31.4,31.58,31.31,31.32,6317396
880,2,2025-06-16,30.72,30.91,30.68,30.82,6811544
881,2,2025-06-17,31.15,31.39,31.1,31.25,6284189
882,2,2025-06-18,30.26,30.41,30.26,30.28,3956259
883,2,2025-06-19,30.47,30.56,30.23,30.36,2840820
884,2,2025-06-20,29.65,29.81,29.64,29.69,7530656
885,2,2025-06-23,29.32,29.35,29.13,29.28,6977432
886,2,2025-06-24,29.16,29.24,29.05,29.22,2933851
887,2,2025-06-25,29.34,29.57,29.34,29.43,814950
888,2,2025-06-26,29.86,29.95,29.69,29.79,3285489
889,2,2025-06-27,29.95,30.16,29.79,30.05,7977298
890,2,2025-06-30,30.25,30.26,30.1,30.22,5759961
891,2,2025-07-01,30.22,30.46,30.07,30.28,6175231
892,2,2025-07-02,30.08,30.16,29.97,30.0,5669374
893,2,2025-07-03,29.91,30.0,29.74,29.81,2710359
894,2,2025-07-04,30.08,30.11,30.0,30.03,3107485
895,2,2025-07-07,30.06,30.22,29.88,29.98,1016574
896,2,2025-07-08,29.46,29.6,29.42,29.54,3253345
897,2,2025-07-09,30.27,30.33,30.26,30.3,6926219
898,2,2025-07-10,30.36,30.4,30.16,30.29,5437170
899,2,2025-07-11,29.77,29.86,29.66,29.76,5097794
900,2,2025-07-14,29.59,29.74,29.57,29.63,4424004
901,2,2025-07-15,30.46,30.71,30.42,30.55,4140277
902,2,2025-07-16,30.87,31.07,30.71,30.97,5434409
903,2,2025-07-17,30.05,30.17,29.94,30.11,1031554
904,2,2025-07-18,30.07,30.1,29.88,29.96,7173254
905,2,2025-07-21,30.7,30.91,30.53,30.81,3619649
906,2,2025-07-22,31.25,31.41,31.09,31.28,2493617
907,2,2025-07-23,31.43,31.66,31.25,31.48,1228394
908,2,2025-07-24,31.59,31.69,31.5,31.53,4446440
909,2,2025-07-25,31.45,31.67,31.37,31.53,1291356
910,2,2025-07-28,32.36,32.43,32.23,32.32,5489317
911,2,2025-07-29,32.49,32.65,32.42,32.57,1686323
912,2,2025-07-30,32.46,32.54,32.26,32.33,2863662
913,2,2025-07-31,32.8,32.99,32.72,32.84,5944007
914,2,2025-08-01,32.83,32.94,32.76,32.8,6242811
915,2,2025-08-04,33.32,33.41,33.12,33.2,5947349
916,2,2025-08-05,33.12,33.24,32.89,32.99,7950590
917,2,2025-08-06,32.75,32.99,32.75,32.82,6664549
918,2,2025-08-07,33.34,33.4,33.18,33.29,4672423
919,2,2025-08-08,33.47,33.67,33.44,33.59,3253121
920,2,2025-08-11,33.45,33.5,33.27,33.43,1189288
921,2,2025-08-12,32.4,32.54,32.18,32.34,1796768
922,2,2025-08-13,33.18,33.32,32.98,33.1,7307417
923,2,2025-08-14,32.73,32.85,32.66,32.67,919420
924,2,2025-08-15,32.46,32.52,32.23,32.39,3623912
925,2,2025-08-18,33.1,33.3,32.98,33.17,585757
926,2,2025-08-19,32.35,32.42,32.22,32.28,808866
927,2,2025-08-20,31.95,31.99,31.94,31.95,5986839
928,2,2025-08-21,31.84,31.95,31.72,31.86,4285470
929,2,2025-08-22,31.91,31.96,31.9,31.94,4785804
930,2,2025-08-25,32.28,32.48,32.27,32.4,4263673
931,2,2025-08-26,32.35,32.55,32.25,32.44,5391863
932,2,2025-08-27,32.05,32.25,31.91,32.13,2346843
933,2,2025-08-28,32.98,33.21,32.96,33.02,5538106
934,2,2025-08-29,33.45,33.54,33.38,33.47,4954078
935,2,2025-09-01,34.1,34.23,33.77,33.97,3816575
936,2,2025-09-02,33.94,34.05,33.78,34.04,1997639
937,2,2025-09-03,33.4,33.42,33.3,33.31,7617056
938,2,2025-09-04,34.14,34.31,33.85,34.02,602999
939,2,2025-09-05,33.9,33.92,33.86,33.91,4535040
940,2,2025-09-08,33.55,33.73,33.49,33.63,4122697
941,2,2025-09-09,33.63,33.63,33.46,33.58,5476462
942,2,2025-09-10,33.12,33.27,33.06,33.24,6418913
943,2,2025-09-11,33.13,33.13,33.01,33.09,2534827
944,2,2025-09-12,33.04,33.17,32.78,32.95,643087
945,2,2025-09-15,33.45,33.6,33.25,33.52,1247027
946,2,2025-09-16,32.82,33.04,32.71,32.87,1898130
947,2,2025-09-17,32.31,32.32,32.16,32.2,4470615
948,2,2025-09-18,32.15,32.27,32.12,32.2,3100849
949,2,2025-09-19,31.64,31.89,31.54,31.7,6589196
950,2,2025-09-22,32.37,32.54,32.17,32.34,6611439
951,2,2025-09-23,33.0,33.09,32.83,33.06,5426988
952,2,2025-09-24,33.08,33.27,32.89,33.19,5093362
953,2,2025-09-25,32.82,32.91,32.63,32.88,7323015
954,2,2025-09-26,32.53,32.68,32.49,32.58,1539323
955,2,2025-09-29,31.64,31.7,31.42,31.55,4428541
956,2,2025-09-30,31.19,31.47,31.01,31.29,1588642
957,2,2025-10-01,32.38,32.53,32.19,32.43,1387904
958,2,2025-10-02,31.84,32.06,31.7,31.89,6240762
959,2,2025-10-03,32.29,32.4,32.11,32.31,7205975
960,2,2025-10-06,32.01,32.06,31.75,31.9,1300785
961,2,2025-10-07,32.31,32.36,32.17,32.28,2231835
962,2,2025-10-08,33.1,33.31,33.03,33.18,5661059
963,2,2025-10-09,32.5,32.64,32.4,32.47,6890970
964,2,2025-10-10,32.56,32.59,32.53,32.57,741721
965,2,2025-10-13,32.51,32.65,32.36,32.57,7911825
966,2,2025-10-14,32.53,32.54,32.28,32.46,7892207
967,2,2025-10-15,32.86,33.0,32.81,32.91,3536500
968,2,2025-10-16,32.27,32.54,32.2,32.39,2846731
969,2,2025-10-17,31.68,31.78,31.49,31.65,6401898
970,2,2025-10-20,31.05,31.13,30.89,31.04,818119
971,2,2025-10-21,31.68,31.85,31.58,31.71,4370950
972,2,2025-10-22,31.72,31.73,31.63,31.69,3485299
973,2,2025-10-23,31.31,31.4,31.2,31.32,909100
974,2,2025-10-24,32.31,32.34,32.15,32.31,3887735
975,2,2025-10-27,32.33,32.51,32.12,32.25,1514800
976,2,2025-10-28,31.95,32.05,31.91,31.97,4927366
977,2,2025-10-29,31.86,31.92,31.73,31.87,7303718
978,2,2025-10-30,31.57,31.7,31.47,31.49,1356237
979,2,2025-10-31,30.98,31.05,30.83,30.97,4337498
980,2,2025-11-03,31.24,31.32,31.06,31.13,6261952
981,2,2025-11-04,31.78,31.81,31.58,31.74,1841500
982,2,2025-11-05,31.4,31.48,31.29,31.35,6264728
983,2,2025-11-06,30.5,30.62,30.47,30.6,5169202
984,2,2025-11-07,30.79,30.93,30.63,30.85,4576258
985,2,2025-11-10,31.92,32.1,31.83,31.99,3576135
986,2,2025-11-11,31.92,32.14,31.87,32.03,4605062
987,2,2025-11-12,31.56,31.57,31.45,31.48,5399576
988,2,2025-11-13,30.87,31.14,30.74,30.98,6785108
989,2,2025-11-14,30.49,30.68,30.46,30.6,5540678
990,2,2025-11-17,31.8,31.94,31.66,31.78,6404806
991,2,2025-11-18,32.07,32.25,32.03,32.05,2744708
992,2,2025-11-19,32.58,32.69,32.56,32.61,3704928
993,2,2025-11-20,32.05,32.27,31.99,32.14,4452895
994,2,2025-11-21,31.99,32.12,31.87,31.98,1319766
995,2,2025-11-24,32.0,32.09,31.74,31.87,7504187
996,2,2025-11-25,31.19,31.24,30.95,31.07,2873664
997,2,2025-11-26,29.23,29.29,29.13,29.26,4397793
998,2,2025-11-27,29.02,29.1,28.95,28.98,5070543
999,2,2025-11-28,28.49,28.61,28.38,28.6,1384442
1000,2,2025-12-01,27.29,27.42,27.05,27.21,3605308
1001,3,2024-01-02,135.18,135.87,134.95,135.71,6426466
1002,3,2024-01-03,134.22,134.84,133.96,134.43,545984
1003,3,2024-01-04,133.81,134.3,133.55,133.57,1817218
1004,3,2024-01-05,131.38,131.82,130.85,131.56,7371222
1005,3,2024-01-08,132.55,133.06,131.84,132.56,4527256
1006,3,2024-01-09,129.12,129.9,128.8,129.29,6069384
1007,3,2024-01-10,130.53,130.78,129.88,130.3,2061968
1008,3,2024-01-11,128.79,129.41,127.92,128.6,3151966
1009,3,2024-01-12,129.97,131.23,129.48,130.46,6818043
1010,3,2024-01-15,130.18,130.48,129.64,130.1,6984452
1011,3,2024-01-16,129.95,130.17,129.63,130.15,4227908
1012,3,2024-01-17,126.23,126.84,125.51,126.49,2121049
1013,3,2024-01-18,126.43,127.02,125.45,126.14,3828305
1014,3,2024-01-19,126.72,127.57,126.34,127.2,1926587
1015,3,2024-01-22,130.53,131.14,130.39,130.51,7038492
1016,3,2024-01-23,129.09,129.81,128.23,128.75,1495378
1017,3,2024-01-24,128.57,128.98,128.35,128.35,7492530
1018,3,2024-01-25,126.02,126.47,125.77,125.83,4001569
1019,3,2024-01-26,128.64,128.88,128.03,128.47,2841071
1020,3,2024-01-29,129.69,129.94,129.13,129.28,2574871
1021,3,2024-01-30,127.84,128.35,127.63,128.24,614425
1022,3,2024-01-31,130.63,131.03,130.34,130.5,3127386
1023,3,2024-02-01,130.18,130.4,129.78,129.97,1034321
1024,3,2024-02-02,131.27,131.54,130.8,131.15,1475555
1025,3,2024-02-05,127.28,127.72,126.95,127.68,1842372
1026,3,2024-02-06,128.42,128.88,127.68,128.32,5745241
1027,3,2024-02-07,127.16,127.71,126.33,126.84,4501136
1028,3,2024-02-08,126.0,126.58,125.18,125.53,1488464
1029,3,2024-02-09,127.46,127.84,126.93,127.49,5826619
1030,3,2024-02-12,122.71,122.91,122.54,122.74,6958222
1031,3,2024-02-13,119.02,119.63,118.55,119.13,6415840
1032,3,2024-02-14,116.31,116.63,115.94,115.96,4065007
1033,3,2024-02-15,114.28,115.11,113.87,114.59,1455455
1034,3,2024-02-16,116.07,117.01,115.51,116.44,2944022
1035,3,2024-02-19,114.28,114.56,113.97,114.25,5156561
1036,3,2024-02-20,111.36,112.01,111.06,111.32,3055356
1037,3,2024-02-21,112.63,112.92,111.84,112.37,4583951
1038,3,2024-02-22,109.66,110.32,109.6,109.89,7481474
1039,3,2024-02-23,107.93,108.23,107.5,107.85,6665172
1040,3,2024-02-26,106.58,107.47,106.53,106.85,1315584
1041,3,2024-02-27,108.05,108.48,107.62,108.16,1178997
1042,3,2024-02-28,105.35,105.91,104.52,105.09,5270996
1043,3,2024-02-29,105.86,106.5,105.61,106.16,4834485
1044,3,2024-03-01,105.91,106.6,105.71,106.17,4777073
1045,3,2024-03-04,107.95,108.23,106.93,107.57,3081984
1046,3,2024-03-05,106.37,106.72,105.74,106.72,3531480
1047,3,2024-03-06,107.73,108.2,107.69,107.84,5775155
1048,3,2024-03-07,109.29,109.53,108.45,109.01,6992597
1049,3,2024-03-08,109.21,109.51,108.96,109.3,3361737
1050,3,2024-03-11,112.4,112.85,112.04,112.36,1911701
1051,3,2024-03-12,109.22,109.32,108.27,108.93,5525495
1052,3,2024-03-13,111.56,111.94,111.55,111.89,5910044
1053,3,2024-03-14,110.18,110.23,109.32,109.75,3618915
1054,3,2024-03-15,109.89,110.45,109.49,109.93,3692781
1055,3,2024-03-18,110.99,111.29,110.71,110.95,1893432
1056,3,2024-03-19,113.2,113.6,112.53,113.11,2275624
1057,3,2024-03-20,111.06,111.31,110.37,111.02,4761121
1058,3,2024-03-21,111.19,111.26,110.69,111.01,5678729
1059,3,2024-03-22,113.48,114.15,112.52,113.05,3987022
1060,3,2024-03-25,115.23,116.24,115.17,115.62,4043386
1061,3,2024-03-26,114.96,115.79,114.41,115.35,2843747
1062,3,2024-03-27,109.7,110.32,109.19,110.09,4016516
1063,3,2024-03-28,108.08,108.35,107.25,107.88,6486674
1064,3,2024-03-29,107.53,107.73,106.93,107.71,6120689
1065,3,2024-04-01,106.98,107.66,106.87,107.36,887149
1066,3,2024-04-02,105.31,105.82,104.51,104.9,2651117
1067,3,2024-04-03,107.16,107.33,106.77,106.86,2607289
1068,3,2024-04-04,108.3,108.31,107.92,107.99,1809603
1069,3,2024-04-05,107.02,107.59,106.85,107.07,5755811
1070,3,2024-04-08,106.46,106.98,105.91,106.47,3071359
1071,3,2024-04-09,107.78,107.88,107.09,107.41,7951891
1072,3,2024-04-10,108.19,108.35,107.68,107.96,5281809
1073,3,2024-04-11,108.6,109.16,108.11,108.74,1369957
1074,3,2024-04-12,111.54,112.1,111.34,111.84,6096129
1075,3,2024-04-15,111.77,112.36,111.46,111.88,1588623
1076,3,2024-04-16,109.73,109.74,108.8,109.41,3866154
1077,3,2024-04-17,107.39,107.41,106.64,107.23,5280681
1078,3,2024-04-18,103.17,103.44,102.23,102.79,6937667
1079,3,2024-04-19,101.73,102.46,101.49,102.06,6298632
1080,3,2024-04-22,103.52,103.97,102.95,103.31,1961942
1081,3,2024-04-23,101.57,102.17,101.16,101.83,6737671
1082,3,2024-04-24,103.83,104.29,103.76,104.23,3844566
1083,3,2024-04-25,104.28,104.55,104.22,104.53,7538791
1084,3,2024-04-26,106.18,106.71,105.44,106.05,5285621
1085,3,2024-04-29,106.1,106.19,105.39,105.8,7249229
1086,3,2024-04-30,104.94,105.54,104.32,104.88,5717402
1087,3,2024-05-01,105.21,105.61,104.26,104.84,2572876
1088,3,2024-05-02,106.9,107.55,106.41,106.97,2925530
1089,3,2024-05-03,107.61,107.86,107.16,107.37,950439
1090,3,2024-05-06,108.42,108.59,107.74,108.02,4187913
1091,3,2024-05-07,110.15,110.76,110.06,110.43,6265304
1092,3,2024-05-08,109.01,109.68,108.42,109.26,5865502
1093,3,2024-05-09,109.94,110.1,109.58,109.88,7223842
1094,3,2024-05-10,110.04,110.77,109.42,110.35,5484543
1095,3,2024-05-13,110.39,110.77,109.7,110.04,7549333
1096,3,2024-05-14,113.09,113.4,112.52,113.1,6357027
1097,3,2024-05-15,113.22,114.32,112.66,113.67,4115497
1098,3,2024-05-16,111.25,111.87,110.95,111.19,5613768
1099,3,2024-05-17,109.3,109.36,108.55,108.9,7706941
1100,3,2024-05-20,110.16,110.83,109.65,110.53,5358444
1101,3,2024-05-21,110.68,110.91,110.22,110.79,7223455
1102,3,2024-05-22,111.42,111.66,111.24,111.3,5245934
1103,3,2024-05-23,110.93,111.69,110.54,111.21,4169244
1104,3,2024-05-24,109.73,110.48,109.53,110.12,4504550
1105,3,2024-05-27,111.66,111.69,111.18,111.22,6408338
1106,3,2024-05-28,108.94,109.42,108.41,109.34,5504873
1107,3,2024-05-29,106.8,106.9,106.11,106.48,7436118
1108,3,2024-05-30,106.84,107.33,106.42,107.24,4034147
1109,3,2024-05-31,107.93,108.02,107.65,107.76,874684
1110,3,2024-06-03,107.31,107.99,107.02,107.47,1780170
1111,3,2024-06-04,104.15,104.79,103.65,104.48,2154293
1112,3,2024-06-05,102.86,103.12,102.11,102.61,7866445
1113,3,2024-06-06,102.29,102.65,101.82,101.9,6773203
1114,3,2024-06-07,100.68,101.15,100.09,100.45,3016277
1115,3,2024-06-10,101.11,101.6,100.78,101.18,3789959
1116,3,2024-06-11,102.22,102.25,101.82,101.88,6855250
1117,3,2024-06-12,99.08,99.76,99.08,99.47,1845596
1118,3,2024-06-13,97.14,97.84,96.62,97.46,3621666
1119,3,2024-06-14,98.68,98.8,98.15,98.53,4423151
1120,3,2024-06-17,95.61,96.22,95.26,95.68,782159
1121,3,2024-06-18,96.9,97.26,96.1,96.55,3108901
1122,3,2024-06-19,98.02,98.55,97.95,98.41,4476492
1123,3,2024-06-20,100.01,100.33,99.67,99.8,6277484
1124,3,2024-06-21,100.9,101.06,100.65,100.77,6474597
1125,3,2024-06-24,98.87,98.99,98.47,98.89,823367
1126,3,2024-06-25,94.7,94.86,94.35,94.59,3007209
1127,3,2024-06-26,95.23,96.0,94.7,95.57,1819157
1128,3,2024-06-27,93.07,93.34,92.79,92.85,7213093
1129,3,2024-06-28,92.33,92.57,91.96,92.46,2942637
1130,3,2024-07-01,90.47,90.65,90.22,90.27,6033108
1131,3,2024-07-02,91.15,91.61,90.89,91.36,7178666
1132,3,2024-07-03,89.94,90.7,89.7,90.2,3404977
1133,3,2024-07-04,92.0,92.53,91.79,91.9,1454088
1134,3,2024-07-05,94.04,94.08,93.82,93.9,6887385
1135,3,2024-07-08,92.79,93.4,92.45,92.91,6421602
1136,3,2024-07-09,93.28,93.62,93.08,93.18,7776018
1137,3,2024-07-10,93.89,94.16,93.06,93.62,4936856
1138,3,2024-07-11,93.31,93.47,92.65,93.06,6021341
1139,3,2024-07-12,93.16,93.65,92.77,93.1,1617272
1140,3,2024-07-15,94.65,94.65,94.04,94.59,800440
1141,3,2024-07-16,91.39,92.03,91.13,91.74,6485131
1142,3,2024-07-17,92.5,92.75,92.13,92.26,4688652
1143,3,2024-07-18,95.29,95.37,94.78,94.95,5357301
1144,3,2024-07-19,94.86,95.45,94.69,95.18,5774783
1145,3,2024-07-22,96.6,97.23,96.15,96.96,7056492
1146,3,2024-07-23,94.64,95.17,94.43,94.72,3982218
1147,3,2024-07-24,92.14,92.96,91.96,92.46,745356
1148,3,2024-07-25,89.96,90.16,89.45,90.01,4568263
1149,3,2024-07-26,90.5,91.28,90.1,90.8,911087
1150,3,2024-07-29,88.36,88.72,87.58,88.04,1332249
1151,3,2024-07-30,86.49,86.68,86.2,86.59,1002544
1152,3,2024-07-31,88.36,88.47,87.69,88.21,2289745
1153,3,2024-08-01,89.9,90.22,89.07,89.59,2073454
1154,3,2024-08-02,90.98,91.1,90.61,90.8,2505183
1155,3,2024-08-05,89.93,90.43,89.67,90.25,4450119
1156,3,2024-08-06,88.8,89.45,88.44,89.07,4496415
1157,3,2024-08-07,88.7,89.2,88.06,88.49,7556569
1158,3,2024-08-08,90.32,91.12,90.07,90.63,1101278
1159,3,2024-08-09,92.05,92.11,91.57,91.72,5728115
1160,3,2024-08-12,90.91,91.39,90.62,90.91,5204571
1161,3,2024-08-13,89.79,89.86,89.57,89.76,3828950
1162,3,2024-08-14,93.99,94.15,93.84,93.88,7038452
1163,3,2024-08-15,94.45,94.68,94.14,94.34,5345384
1164,3,2024-08-16,98.3,98.79,97.89,98.44,6814309
1165,3,2024-08-19,96.74,97.49,96.64,97.03,2450055
1166,3,2024-08-20,97.52,98.1,97.07,97.53,854892
1167,3,2024-08-21,96.11,96.91,95.7,96.37,2639349
1168,3,2024-08-22,98.28,98.77,97.5,97.9,5497669
1169,3,2024-08-23,98.29,98.84,98.21,98.65,2453053
1170,3,2024-08-26,99.48,100.07,99.46,99.73,2877078
1171,3,2024-08-27,98.81,98.9,98.6,98.78,7403254
1172,3,2024-08-28,100.13,100.51,100.05,100.21,3935305
1173,3,2024-08-29,100.34,100.92,99.95,100.15,5790885
1174,3,2024-08-30,100.28,100.48,99.71,100.3,7855173
1175,3,2024-09-02,99.45,99.99,99.14,99.4,5668602
1176,3,2024-09-03,99.14,99.67,98.87,98.95,4632199
1177,3,2024-09-04,98.59,98.85,98.26,98.32,912752
1178,3,2024-09-05,100.11,100.46,99.87,100.0,7517488
1179,3,2024-09-06,99.97,100.24,99.54,99.94,1155327
1180,3,2024-09-09,100.33,100.45,100.13,100.32,5038083
1181,3,2024-09-10,103.92,104.12,103.38,104.03,3272224
1182,3,2024-09-11,102.51,102.79,102.29,102.61,7831427
1183,3,2024-09-12,103.37,103.64,102.56,103.18,6527641
1184,3,2024-09-13,102.45,103.12,101.85,102.62,3678741
1185,3,2024-09-16,103.5,103.56,103.3,103.43,4059598
1186,3,2024-09-17,103.12,103.73,102.78,102.82,7700714
1187,3,2024-09-18,102.78,103.42,102.53,102.86,4668603
1188,3,2024-09-19,102.24,102.7,101.98,102.07,1895048
1189,3,2024-09-20,99.99,100.85,99.49,100.36,2779357
1190,3,2024-09-23,101.96,102.25,101.9,101.92,518350
1191,3,2024-09-24,101.83,102.12,101.16,101.56,7195148
1192,3,2024-09-25,106.05,106.43,105.61,106.12,2335626
1193,3,2024-09-26,107.68,107.72,106.77,107.25,4857993
1194,3,2024-09-27,108.38,108.94,107.91,108.32,4070305
1195,3,2024-09-30,108.0,108.37,107.44,107.99,1721354
1196,3,2024-10-01,106.7,107.28,106.13,107.08,1516230
1197,3,2024-10-02,107.81,108.47,107.58,107.88,2673921
1198,3,2024-10-03,109.24,109.85,108.88,109.21,6248318
1199,3,2024-10-04,109.8,110.16,109.0,109.58,6701164
1200,3,2024-10-07,110.55,110.75,109.93,110.39,5662599
1201,3,2024-10-08,112.84,112.85,112.2,112.55,3297606
1202,3,2024-10-09,114.06,114.3,113.43,114.07,1268133
1203,3,2024-10-10,114.61,115.51,114.19,114.9,6735621
1204,3,2024-10-11,116.14,116.51,115.73,116.11,6172300
1205,3,2024-10-14,117.47,118.45,116.82,117.87,4096386
1206,3,2024-10-15,119.25,119.69,118.66,119.43,7172947
1207,3,2024-10-16,116.3,116.94,116.28,116.45,6609305
1208,3,2024-10-17,114.15,115.0,114.06,114.41,2199308
1209,3,2024-10-18,114.79,115.66,114.25,115.18,1083014
1210,3,2024-10-21,116.22,116.75,115.94,115.97,1308630
1211,3,2024-10-22,116.23,116.73,116.06,116.64,996855
1212,3,2024-10-23,114.38,114.89,113.69,114.22,7400735
1213,3,2024-10-24,115.16,115.7,115.1,115.45,6843961
1214,3,2024-10-25,120.18,120.87,119.51,119.76,1704180
1215,3,2024-10-28,116.04,116.68,115.98,116.28,4836002
1216,3,2024-10-29,115.83,116.43,115.69,116.28,2613925
1217,3,2024-10-30,118.85,118.92,118.25,118.4,4281464
1218,3,2024-10-31,117.07,117.33,116.47,116.88,3797493
1219,3,2024-11-01,118.03,118.44,117.88,118.17,2206656
1220,3,2024-11-04,117.46,118.52,117.37,117.83,1327371
1221,3,2024-11-05,120.39,120.79,120.17,120.2,2960865
1222,3,2024-11-06,122.59,123.18,122.15,122.97,2840051
1223,3,2024-11-07,125.4,125.62,124.7,125.35,1915887
1224,3,2024-11-08,124.56,125.62,124.21,124.99,5593483
1225,3,2024-11-11,128.52,128.61,128.18,128.53,5439111
1226,3,2024-11-12,135.71,136.28,135.39,136.16,4929179
1227,3,2024-11-13,141.19,141.25,139.83,140.65,3039737
1228,3,2024-11-14,144.21,145.07,144.0,144.1,6785818
1229,3,2024-11-15,144.03,144.54,143.55,143.79,6421195
1230,3,2024-11-18,141.89,142.24,141.33,141.73,5023740
1231,3,2024-11-19,139.07,139.96,138.98,139.32,2380173
1232,3,2024-11-20,140.96,141.49,140.84,140.96,1247025
1233,3,2024-11-21,142.07,142.9,141.54,141.87,5594032
1234,3,2024-11-22,141.8,142.72,141.71,142.19,1073879
1235,3,2024-11-25,142.58,142.75,141.68,142.25,4176877
1236,3,2024-11-26,137.62,138.17,136.91,137.88,4599650
1237,3,2024-11-27,138.41,139.25,138.1,138.49,2859193
1238,3,2024-11-28,138.18,138.7,138.15,138.32,4674999
1239,3,2024-11-29,139.91,140.32,139.56,139.68,5867923
1240,3,2024-12-02,138.03,138.13,137.47,138.04,5450589
1241,3,2024-12-03,136.75,137.47,136.33,136.77,3435386
1242,3,2024-12-04,133.83,134.62,133.33,133.84,3145728
1243,3,2024-12-05,135.43,135.98,134.75,135.94,3116575
1244,3,2024-12-06,135.91,135.94,134.93,135.65,3059423
1245,3,2024-12-09,137.34,137.79,136.8,137.5,2357104
1246,3,2024-12-10,138.98,139.48,138.06,138.82,991251
1247,3,2024-12-11,137.53,138.33,137.15,138.06,6975263
1248,3,2024-12-12,140.27,141.03,139.97,140.19,5719688
1249,3,2024-12-13,133.81,134.25,133.35,133.94,6562449
1250,3,2024-12-16,129.84,130.78,129.58,130.25,4270763
1251,3,2024-12-17,130.58,130.87,130.12,130.46,4227137
1252,3,2024-12-18,128.7,129.31,127.7,128.34,4518755
1253,3,2024-12-19,128.69,129.0,128.01,128.18,6071660
1254,3,2024-12-20,128.47,129.55,128.4,128.89,3026285
1255,3,2024-12-23,132.68,132.87,132.04,132.7,5386526
1256,3,2024-12-24,134.26,135.12,133.91,134.47,4549606
1257,3,2024-12-25,135.38,135.74,134.62,135.24,1854506
1258,3,2024-12-26,137.07,138.18,136.36,137.6,4826324
1259,3,2024-12-27,139.34,139.73,138.29,139.07,4495395
1260,3,2024-12-30,145.44,146.12,144.93,145.31,4745873
1261,3,2024-12-31,142.94,143.23,142.81,143.1,5639799
1262,3,2025-01-01,140.64,141.24,140.38,140.87,6726607
1263,3,2025-01-02,142.35,143.16,141.8,142.45,2423349
1264,3,2025-01-03,143.26,143.61,143.05,143.14,1939370
1265,3,2025-01-06,143.25,143.77,142.87,143.29,5351915
1266,3,2025-01-07,147.58,148.27,147.46,148.13,2437976
1267,3,2025-01-08,149.04,150.19,148.18,149.43,4143814
1268,3,2025-01-09,145.16,146.47,145.08,145.71,5011998
1269,3,2025-01-10,149.4,149.83,148.81,149.51,1177297
1270,3,2025-01-13,145.75,146.38,145.11,145.23,1339492
1271,3,2025-01-14,144.68,145.4,143.83,144.65,7486667
1272,3,2025-01-15,138.36,139.37,138.16,138.64,1417076
1273,3,2025-01-16,139.52,139.85,138.8,139.42,2269535
1274,3,2025-01-17,137.25,137.45,137.1,137.33,7774426
1275,3,2025-01-20,135.68,136.08,135.28,135.58,7615331
1276,3,2025-01-21,136.09,136.63,135.53,136.29,7724865
1277,3,2025-01-22,140.33,141.09,139.64,140.49,658056
1278,3,2025-01-23,136.92,137.42,135.72,136.41,5466675
1279,3,2025-01-24,140.25,140.45,139.46,139.92,2819513
1280,3,2025-01-27,139.04,139.34,137.86,138.53,1415403
1281,3,2025-01-28,141.71,142.62,141.38,141.84,7834946
1282,3,2025-01-29,137.84,138.19,137.16,138.11,2265953
1283,3,2025-01-30,139.87,140.4,138.67,139.41,6250556
1284,3,2025-01-31,144.42,144.56,143.67,144.53,6673983
1285,3,2025-02-03,147.17,148.02,146.54,147.27,7075709
1286,3,2025-02-04,146.56,147.29,145.58,146.19,4297508
1287,3,2025-02-05,144.43,145.07,143.67,144.07,705131
1288,3,2025-02-06,146.37,147.46,145.82,146.9,6432644
1289,3,2025-02-07,148.82,149.1,148.59,148.66,1683668
1290,3,2025-02-10,150.74,151.61,149.97,150.72,6223720
1291,3,2025-02-11,153.45,153.74,152.65,153.09,6013790
1292,3,2025-02-12,149.38,150.28,148.63,149.66,6496465
1293,3,2025-02-13,150.17,151.35,149.32,150.56,7132560
1294,3,2025-02-14,152.89,154.1,152.04,153.22,5353300
1295,3,2025-02-17,149.59,149.77,148.4,149.03,1765669
1296,3,2025-02-18,144.75,145.24,144.52,144.86,1167959
1297,3,2025-02-19,140.17,141.21,139.81,140.61,7399917
1298,3,2025-02-20,145.09,145.73,144.99,145.14,5851727
1299,3,2025-02-21,147.38,147.64,146.62,147.05,1476494
1300,3,2025-02-24,152.4,152.95,151.06,151.97,2622254
1301,3,2025-02-25,150.61,150.85,150.35,150.72,2463495
1302,3,2025-02-26,148.33,149.14,147.87,148.19,5632003
1303,3,2025-02-27,147.4,148.12,146.79,147.83,5651393
1304,3,2025-02-28,148.2,148.83,147.29,147.94,2421691
1305,3,2025-03-03,148.52,148.93,147.71,148.72,7975545
1306,3,2025-03-04,149.78,150.65,148.72,149.25,6111813
1307,3,2025-03-05,151.38,151.65,150.88,151.23,3281759
1308,3,2025-03-06,152.4,152.91,151.3,151.83,2452187
1309,3,2025-03-07,145.98,146.09,145.26,145.54,4478178
1310,3,2025-03-10,144.99,145.51,144.95,145.4,1459036
1311,3,2025-03-11,149.15,149.98,148.6,148.85,7077022
1312,3,2025-03-12,145.32,145.99,144.96,145.19,2847577
1313,3,2025-03-13,147.56,148.24,146.85,146.98,6897752
1314,3,2025-03-14,145.73,146.43,145.5,145.55,1614656
1315,3,2025-03-17,145.37,146.27,144.99,145.65,7964013
1316,3,2025-03-18,146.86,146.9,146.05,146.36,5817718
1317,3,2025-03-19,143.71,144.46,143.21,143.31,1201834
1318,3,2025-03-20,144.03,144.18,143.46,143.6,4315533
1319,3,2025-03-21,142.93,143.43,142.0,142.84,4445115
1320,3,2025-03-24,148.29,148.66,148.13,148.2,6261900
1321,3,2025-03-25,145.19,146.34,144.6,145.74,3456273
1322,3,2025-03-26,140.94,141.74,140.13,140.84,1653316
1323,3,2025-03-27,145.2,145.6,144.19,145.02,4956531
1324,3,2025-03-28,146.84,148.28,146.27,147.43,7631719
1325,3,2025-03-31,145.76,146.59,144.99,145.48,2085251
1326,3,2025-04-01,148.74,149.86,148.45,149.28,916512
1327,3,2025-04-02,155.12,155.64,154.95,155.27,7737869
1328,3,2025-04-03,158.7,158.78,157.43,158.24,1722055
1329,3,2025-04-04,159.0,159.62,158.56,158.68,4181338
1330,3,2025-04-07,156.3,157.14,156.01,156.39,5637214
1331,3,2025-04-08,159.65,160.14,158.76,159.23,7140597
1332,3,2025-04-09,162.32,162.9,161.91,162.35,6173679
1333,3,2025-04-10,163.78,164.29,163.74,163.87,3063086
1334,3,2025-04-11,160.06,160.32,159.4,160.11,1663022
1335,3,2025-04-14,156.09,156.36,155.65,156.06,7304057
1336,3,2025-04-15,156.16,156.32,156.04,156.19,7271777
1337,3,2025-04-16,157.8,158.1,157.73,158.06,838211
1338,3,2025-04-17,154.67,155.56,154.59,155.16,5456414
1339,3,2025-04-18,152.93,153.31,152.47,153.23,1354516
1340,3,2025-04-21,152.56,152.72,152.2,152.36,3447180
1341,3,2025-04-22,156.98,157.79,156.55,157.23,5526948
1342,3,2025-04-23,160.3,160.55,159.21,160.14,7035086
1343,3,2025-04-24,161.18,161.76,160.02,160.86,1297479
1344,3,2025-04-25,162.62,162.63,162.47,162.58,1788015
1345,3,2025-04-28,158.61,159.53,157.58,158.15,4150418
1346,3,2025-04-29,158.93,159.86,158.44,158.78,5553523
1347,3,2025-04-30,157.49,157.86,157.48,157.74,1339343
1348,3,2025-05-01,154.5,156.01,153.71,155.11,2069221
1349,3,2025-05-02,152.63,153.28,151.91,152.71,1931858
1350,3,2025-05-05,149.28,149.94,148.86,149.52,663626
1351,3,2025-05-06,150.55,151.42,149.88,150.31,6948473
1352,3,2025-05-07,151.77,151.95,151.15,151.66,6753788
1353,3,2025-05-08,152.16,152.81,151.11,152.0,6864621
1354,3,2025-05-09,152.41,152.95,151.61,152.12,2680808
1355,3,2025-05-12,149.09,149.63,148.37,148.98,6625169
1356,3,2025-05-13,149.22,149.87,148.74,149.23,3665034
1357,3,2025-05-14,149.32,149.69,148.43,148.85,4210916
1358,3,2025-05-15,150.27,150.59,149.12,149.75,656051
1359,3,2025-05-16,149.16,149.55,148.96,149.34,7318026
1360,3,2025-05-19,150.86,151.6,150.1,151.06,5427186
1361,3,2025-05-20,152.87,153.75,151.85,152.61,5548304
1362,3,2025-05-21,154.59,155.33,153.56,154.3,6833984
1363,3,2025-05-22,152.98,153.59,152.56,152.68,1996131
1364,3,2025-05-23,151.26,151.36,150.76,151.14,7953254
1365,3,2025-05-26,149.98,150.55,149.19,150.53,3177829
1366,3,2025-05-27,151.88,153.05,151.06,152.29,739775
1367,3,2025-05-28,155.13,155.24,154.77,154.98,2433666
1368,3,2025-05-29,155.95,156.48,155.9,156.15,7082852
1369,3,2025-05-30,156.22,156.7,155.35,155.98,5798036
1370,3,2025-06-02,158.13,158.54,157.16,157.59,6811977
1371,3,2025-06-03,158.77,159.51,157.73,158.63,6677076
1372,3,2025-06-04,158.92,159.61,158.32,159.51,7031521
1373,3,2025-06-05,160.67,161.36,160.18,160.94,5994139
1374,3,2025-06-06,159.54,160.67,159.22,160.05,1533293
1375,3,2025-06-09,161.75,162.61,161.51,161.86,6568589
1376,3,2025-06-10,159.12,159.8,159.04,159.32,3293272
1377,3,2025-06-11,159.62,159.77,158.69,159.41,3662916
1378,3,2025-06-12,156.37,157.47,155.98,156.71,3569819
1379,3,2025-06-13,151.75,152.07,151.36,151.39,1591882
1380,3,2025-06-16,152.17,153.5,151.3,152.76,1135836
1381,3,2025-06-17,149.29,149.74,148.61,149.69,5451321
1382,3,2025-06-18,156.89,157.74,156.66,156.71,5237056
1383,3,2025-06-19,155.8,156.08,155.4,155.77,5606529
1384,3,2025-06-20,151.84,152.12,151.1,151.77,7319231
1385,3,2025-06-23,154.03,154.88,153.35,153.99,3846417
1386,3,2025-06-24,153.75,154.62,153.02,154.12,5390278
1387,3,2025-06-25,152.59,152.96,152.07,152.25,2761485
1388,3,2025-06-26,146.29,147.13,145.65,146.83,6050391
1389,3,2025-06-27,152.35,152.69,151.84,152.61,4410018
1390,3,2025-06-30,159.01,159.17,158.66,158.69,6474490
1391,3,2025-07-01,157.27,157.95,156.0,156.92,1328314
1392,3,2025-07-02,155.23,156.13,154.65,155.78,3158550
1393,3,2025-07-03,159.2,159.97,158.5,159.68,3898603
1394,3,2025-07-04,161.54,162.32,159.97,160.92,4741979
1395,3,2025-07-07,164.18,164.77,163.8,164.14,2634016
1396,3,2025-07-08,161.96,162.65,160.94,161.59,5857632
1397,3,2025-07-09,159.21,159.98,158.42,159.43,3209506
1398,3,2025-07-10,158.66,159.85,157.87,159.17,1114603
1399,3,2025-07-11,164.7,165.17,164.33,164.73,4446917
1400,3,2025-07-14,167.22,167.74,166.71,167.11,2477702
1401,3,2025-07-15,163.88,164.88,163.4,163.96,7799543
1402,3,2025-07-16,164.42,164.56,163.87,163.99,5833629
1403,3,2025-07-17,167.66,167.78,166.96,167.17,4050166
1404,3,2025-07-18,170.93,171.9,170.22,170.6,7638663
1405,3,2025-07-21,167.57,168.66,167.53,168.08,1649783
1406,3,2025-07-22,166.07,167.23,165.77,166.24,4144441
1407,3,2025-07-23,166.8,166.85,165.79,166.68,7167929
1408,3,2025-07-24,164.71,165.9,164.23,165.09,1417459
1409,3,2025-07-25,161.5,162.16,160.95,161.61,7252154
1410,3,2025-07-28,166.78,167.25,165.69,166.4,5042822
1411,3,2025-07-29,166.63,167.13,166.18,166.68,6997591
1412,3,2025-07-30,162.92,163.93,162.27,163.15,3572212
1413,3,2025-07-31,163.53,164.47,162.6,163.47,6019345
1414,3,2025-08-01,166.61,167.48,165.71,166.42,4789960
1415,3,2025-08-04,167.86,167.98,167.21,167.77,1943200
1416,3,2025-08-05,163.4,163.97,163.2,163.25,4776832
1417,3,2025-08-06,165.02,165.14,163.58,164.5,1848075
1418,3,2025-08-07,166.99,168.43,166.75,167.64,5792132
1419,3,2025-08-08,170.55,171.18,169.73,170.14,837377
1420,3,2025-08-11,168.48,168.5,167.55,167.99,3612023
1421,3,2025-08-12,169.36,169.8,169.26,169.69,1761169
1422,3,2025-08-13,167.16,167.89,167.07,167.64,2800956
1423,3,2025-08-14,166.27,166.59,166.09,166.11,938763
1424,3,2025-08-15,166.98,167.45,166.57,167.13,2931633
1425,3,2025-08-18,162.64,163.33,161.91,163.14,4895218
1426,3,2025-08-19,167.02,167.78,166.63,167.03,1363110
1427,3,2025-08-20,170.03,170.65,169.62,170.16,2253053
1428,3,2025-08-21,171.97,172.25,170.45,171.45,5563230
1429,3,2025-08-22,171.94,172.25,171.13,171.55,1129312
1430,3,2025-08-25,175.68,175.89,174.47,175.49,3299789
1431,3,2025-08-26,181.04,181.5,180.0,180.99,3888065
1432,3,2025-08-27,179.76,180.98,178.86,180.48,2669370
1433,3,2025-08-28,181.22,181.74,179.95,180.59,6796157
1434,3,2025-08-29,180.41,180.97,179.73,180.59,4888693
1435,3,2025-09-01,179.95,180.56,179.29,179.61,3464786
1436,3,2025-09-02,179.02,179.71,178.42,179.56,2595937
1437,3,2025-09-03,176.17,176.51,174.81,175.53,3069764
1438,3,2025-09-04,177.0,178.14,176.52,177.34,2344462
1439,3,2025-09-05,180.2,180.9,180.18,180.25,5688837
1440,3,2025-09-08,180.16,180.16,179.44,179.95,7260837
1441,3,2025-09-09,178.97,179.72,177.59,178.4,4535985
1442,3,2025-09-10,175.89,176.57,175.4,175.48,732106
1443,3,2025-09-11,178.06,178.44,176.95,177.82,6706001
1444,3,2025-09-12,173.48,173.86,172.68,173.68,5727726
1445,3,2025-09-15,177.78,178.26,176.93,177.17,648362
1446,3,2025-09-16,177.06,178.35,176.68,177.37,1174748
1447,3,2025-09-17,175.63,175.88,174.81,175.33,3222493
1448,3,2025-09-18,173.28,174.52,172.54,173.58,2068147
1449,3,2025-09-19,175.37,176.44,174.78,175.52,4205084
1450,3,2025-09-22,181.14,181.85,180.45,181.06,5617877
1451,3,2025-09-23,179.44,180.04,179.16,179.97,4774274
1452,3,2025-09-24,179.12,180.08,178.28,179.51,1938886
1453,3,2025-09-25,175.41,175.97,174.87,175.14,4700869
1454,3,2025-09-26,166.28,167.28,165.64,166.34,7573056
1455,3,2025-09-29,172.97,174.09,172.68,173.06,5601301
1456,3,2025-09-30,175.38,175.81,174.58,175.43,7128518
1457,3,2025-10-01,175.73,176.32,175.73,175.84,1959561
1458,3,2025-10-02,177.78,178.99,177.75,178.38,6030831
1459,3,2025-10-03,181.11,182.0,180.93,181.73,2831043
1460,3,2025-10-06,181.45,181.56,180.75,181.27,6560443
1461,3,2025-10-07,177.22,177.72,177.11,177.46,2287694
1462,3,2025-10-08,174.79,175.07,174.44,175.01,6455833
1463,3,2025-10-09,180.3,181.13,179.45,180.13,4842008
1464,3,2025-10-10,177.6,178.26,177.57,178.19,2849595
1465,3,2025-10-13,178.35,179.87,177.88,178.88,2761033
1466,3,2025-10-14,178.11,178.18,177.21,177.93,4694435
1467,3,2025-10-15,176.49,177.87,176.25,177.07,4996818
1468,3,2025-10-16,180.31,180.32,179.66,180.08,6463735
1469,3,2025-10-17,183.14,184.4,182.28,183.37,3905575
1470,3,2025-10-20,180.0,180.45,179.89,180.24,4963813
1471,3,2025-10-21,185.02,186.11,184.31,185.48,2422145
1472,3,2025-10-22,187.8,188.73,187.29,187.91,2323643
1473,3,2025-10-23,187.99,188.77,186.91,188.27,6157802
1474,3,2025-10-24,186.86,188.14,185.99,187.14,1605567
1475,3,2025-10-27,185.85,186.05,185.19,186.04,5587252
1476,3,2025-10-28,188.25,189.49,187.3,188.92,6940266
1477,3,2025-10-29,186.5,187.97,185.62,186.95,3061639
1478,3,2025-10-30,188.26,189.04,186.9,188.01,4998217
1479,3,2025-10-31,186.54,187.23,185.38,185.85,1717099
1480,3,2025-11-03,189.63,190.6,189.58,189.7,2145544
1481,3,2025-11-04,191.72,192.86,191.45,192.14,6009396
1482,3,2025-11-05,192.9,193.29,191.35,192.21,2039872
1483,3,2025-11-06,196.21,196.52,196.18,196.43,1363919
1484,3,2025-11-07,205.91,206.5,205.19,206.26,6241495
1485,3,2025-11-10,206.65,207.37,205.55,207.15,5891275
1486,3,2025-11-11,207.15,208.1,206.92,207.41,661190
1487,3,2025-11-12,211.13,212.81,210.65,211.95,6405605
1488,3,2025-11-13,204.33,206.12,203.95,204.96,2301124
1489,3,2025-11-14,207.69,208.91,205.72,206.96,7112478
1490,3,2025-11-17,202.48,202.56,201.7,201.87,7431166
1491,3,2025-11-18,202.35,203.0,201.62,202.55,7827361
1492,3,2025-11-19,199.87,200.33,199.13,200.28,1918266
1493,3,2025-11-20,193.81,194.14,192.89,194.08,7046386
1494,3,2025-11-21,193.27,194.4,191.71,192.73,2069281
1495,3,2025-11-24,196.41,196.49,195.56,196.16,6134810
1496,3,2025-11-25,198.35,198.95,197.53,198.12,3982004
1497,3,2025-11-26,196.93,197.78,196.04,196.63,2512515
1498,3,2025-11-27,199.56,200.83,198.86,199.72,774533
1499,3,2025-11-28,200.78,201.25,199.83,200.2,7165316
1500,3,2025-12-01,202.71,203.85,202.14,202.59,4629139
1501,4,2024-01-02,122.23,122.8,121.89,122.37,5158443
1502,4,2024-01-03,123.49,123.91,123.19,123.57,6533783
1503,4,2024-01-04,122.35,122.83,121.87,122.66,3193197
1504,4,2024-01-05,124.21,125.26,123.83,124.63,5327407
1505,4,2024-01-08,125.36,125.82,125.33,125.76,2002299
1506,4,2024-01-09,120.42,120.95,120.2,120.71,6616735
1507,4,2024-01-10,120.19,120.91,119.27,119.99,6142875
1508,4,2024-01-11,118.63,119.28,118.39,118.4,2746056
1509,4,2024-01-12,119.93,120.32,119.51,120.02,5414813
1510,4,2024-01-15,116.59,116.98,116.06,116.62,1619608
1511,4,2024-01-16,115.63,115.96,115.05,115.4,6394809
1512,4,2024-01-17,116.53,117.03,115.96,116.29,6439361
1513,4,2024-01-18,116.01,116.49,115.61,115.75,3874789
1514,4,2024-01-19,117.04,117.3,116.58,116.98,1462592
1515,4,2024-01-22,117.54,118.13,117.01,117.25,3643604
1516,4,2024-01-23,117.31,117.59,116.59,117.14,4532030
1517,4,2024-01-24,117.18,117.83,116.81,116.91,7644781
1518,4,2024-01-25,117.15,117.75,116.73,117.31,5058779
1519,4,2024-01-26,120.97,121.55,120.59,121.26,1912540
1520,4,2024-01-29,116.35,117.11,116.03,116.72,7210578
1521,4,2024-01-30,117.58,117.6,117.04,117.53,4164599
1522,4,2024-01-31,117.77,118.11,117.09,118.06,2628632
1523,4,2024-02-01,117.98,118.43,117.61,118.39,1788692
1524,4,2024-02-02,121.83,122.13,121.37,121.48,1330579
1525,4,2024-02-05,118.63,119.73,118.02,119.04,1474492
1526,4,2024-02-06,118.2,118.79,117.7,118.48,4060850
1527,4,2024-02-07,114.54,114.88,113.99,114.46,2565807
1528,4,2024-02-08,111.05,111.58,111.01,111.49,3494276
1529,4,2024-02-09,112.71,113.31,112.04,112.35,4820995
1530,4,2024-02-12,110.23,110.42,109.44,110.02,3922299
1531,4,2024-02-13,108.88,109.46,108.35,109.06,1813447
1532,4,2024-02-14,105.89,106.67,105.42,106.1,3933711
1533,4,2024-02-15,107.18,107.43,106.51,107.12,2297714
1534,4,2024-02-16,106.77,106.95,106.06,106.46,2689171
1535,4,2024-02-19,109.21,109.35,108.69,109.01,7942922
1536,4,2024-02-20,107.52,108.16,107.43,107.48,1289184
1537,4,2024-02-21,107.6,107.81,107.28,107.65,3966256
1538,4,2024-02-22,105.56,106.36,105.09,105.92,3358666
1539,4,2024-02-23,105.73,105.83,105.66,105.82,7378527
1540,4,2024-02-26,101.92,102.52,101.62,102.06,1011778
1541,4,2024-02-27,101.11,101.19,100.25,100.75,6811718
1542,4,2024-02-28,100.07,100.34,100.01,100.33,2706084
1543,4,2024-02-29,98.23,99.02,97.83,98.57,1651223
1544,4,2024-03-01,98.07,98.3,98.04,98.18,5562830
1545,4,2024-03-04,99.01,99.49,98.36,98.74,5873078
1546,4,2024-03-05,101.74,101.98,101.23,101.42,893114
1547,4,2024-03-06,104.77,105.36,104.31,104.55,2289052
1548,4,2024-03-07,104.29,104.9,103.67,104.63,3028374
1549,4,2024-03-08,105.38,106.18,104.88,105.62,6728379
1550,4,2024-03-11,107.96,108.36,107.7,108.25,1307628
1551,4,2024-03-12,106.81,107.21,106.46,107.08,7541924
1552,4,2024-03-13,108.93,109.4,108.69,109.26,1802161
1553,4,2024-03-14,107.75,108.14,107.71,107.85,6613136
1554,4,2024-03-15,108.94,109.18,108.77,108.81,2139206
1555,4,2024-03-18,108.38,108.44,107.61,107.96,7928984
1556,4,2024-03-19,110.75,110.86,109.8,110.44,4999003
1557,4,2024-03-20,113.64,114.3,113.01,113.48,2990349
1558,4,2024-03-21,113.22,113.82,112.88,113.1,6886656
1559,4,2024-03-22,111.36,111.75,111.01,111.26,5304439
1560,4,2024-03-25,111.22,111.85,110.56,111.45,2244544
1561,4,2024-03-26,108.1,108.74,107.6,108.26,5148246
1562,4,2024-03-27,105.11,105.72,104.92,105.48,1637529
1563,4,2024-03-28,105.98,106.36,105.02,105.62,6044417
1564,4,2024-03-29,105.97,106.29,105.56,106.12,6203704
1565,4,2024-04-01,101.01,101.18,100.87,100.89,6852011
1566,4,2024-04-02,100.09,100.37,99.76,100.22,7299740
1567,4,2024-04-03,99.67,100.1,99.16,99.52,3361144
1568,4,2024-04-04,98.21,98.61,98.2,98.35,7024000
1569,4,2024-04-05,99.49,99.58,99.26,99.38,1188195
1570,4,2024-04-08,99.95,100.45,99.31,99.87,2272325
1571,4,2024-04-09,102.26,102.85,102.11,102.41,1823266
1572,4,2024-04-10,103.59,103.98,103.31,103.8,5267028
1573,4,2024-04-11,103.0,103.95,102.75,103.34,1758245
1574,4,2024-04-12,106.5,106.87,106.03,106.55,6202433
1575,4,2024-04-15,107.56,108.23,107.01,107.98,6191437
1576,4,2024-04-16,105.19,105.57,104.74,104.84,5949861
1577,4,2024-04-17,104.7,104.97,104.32,104.73,1039547
1578,4,2024-04-18,106.52,107.13,106.42,106.83,1922193
1579,4,2024-04-19,109.27,109.6,108.47,109.08,7552137
1580,4,2024-04-22,109.66,109.91,108.93,109.25,5307865
1581,4,2024-04-23,107.13,108.12,106.88,107.53,4742064
1582,4,2024-04-24,106.21,106.75,106.05,106.47,7348144
1583,4,2024-04-25,106.06,106.5,105.61,106.07,5381797
1584,4,2024-04-26,104.17,104.63,103.66,103.81,758806
1585,4,2024-04-29,104.97,105.41,104.42,104.82,2459980
1586,4,2024-04-30,102.32,102.77,102.16,102.35,5016119
1587,4,2024-05-01,105.31,106.21,104.9,105.72,7376621
1588,4,2024-05-02,104.54,104.99,103.97,104.62,4389027
1589,4,2024-05-03,105.63,105.79,105.16,105.35,7757625
1590,4,2024-05-06,107.32,107.57,106.99,107.19,3587067
1591,4,2024-05-07,109.04,109.81,108.53,109.4,3082946
1592,4,2024-05-08,106.85,107.64,106.26,107.16,3484776
1593,4,2024-05-09,105.39,105.39,105.08,105.12,5722375
1594,4,2024-05-10,110.34,110.78,109.83,110.32,1779756
1595,4,2024-05-13,107.86,108.24,107.25,108.12,3879955
1596,4,2024-05-14,110.54,110.67,110.23,110.27,1870470
1597,4,2024-05-15,110.7,110.97,109.93,110.34,5183160
1598,4,2024-05-16,109.12,109.23,108.61,108.8,3332964
1599,4,2024-05-17,108.56,108.87,108.05,108.49,1256068
1600,4,2024-05-20,109.85,110.74,109.85,110.24,4868340
1601,4,2024-05-21,111.14,111.15,110.72,111.12,7901726
1602,4,2024-05-22,111.27,111.9,110.73,111.04,3027724
1603,4,2024-05-23,109.63,110.29,108.76,109.29,7557432
1604,4,2024-05-24,110.24,110.49,110.06,110.09,3170219
1605,4,2024-05-27,109.61,110.1,109.13,109.64,7159779
1606,4,2024-05-28,110.11,110.83,109.54,110.43,2596006
1607,4,2024-05-29,109.16,109.68,108.73,109.27,4063995
1608,4,2024-05-30,105.76,105.95,105.13,105.83,7681603
1609,4,2024-05-31,105.84,105.99,105.32,105.96,2941438
1610,4,2024-06-03,105.58,106.01,105.32,105.62,5094442
1611,4,2024-06-04,107.74,108.34,106.73,107.37,6928250
1612,4,2024-06-05,108.71,109.19,108.16,108.36,1963077
1613,4,2024-06-06,109.88,110.44,109.48,109.82,1458960
1614,4,2024-06-07,111.95,112.15,111.23,111.68,4615599
1615,4,2024-06-10,112.48,112.61,112.04,112.53,2306762
1616,4,2024-06-11,111.39,112.16,110.95,111.65,1170738
1617,4,2024-06-12,108.42,109.32,107.83,108.72,6247316
1618,4,2024-06-13,109.69,110.11,109.38,109.94,7231331
1619,4,2024-06-14,110.73,111.21,110.64,110.7,5688384
1620,4,2024-06-17,111.77,112.39,110.92,111.44,5005095
1621,4,2024-06-18,110.41,110.9,109.97,110.22,5315766
1622,4,2024-06-19,108.75,109.31,108.17,108.69,2176631
1623,4,2024-06-20,108.95,109.8,108.34,109.31,6084633
1624,4,2024-06-21,109.52,110.1,108.96,109.86,7655514
1625,4,2024-06-24,109.36,110.1,108.81,109.75,7848871
1626,4,2024-06-25,109.53,109.92,109.08,109.68,6474239
1627,4,2024-06-26,106.78,107.27,106.43,107.02,3954520
1628,4,2024-06-27,106.38,107.29,105.85,106.68,4248744
1629,4,2024-06-28,103.87,104.58,103.37,104.17,5772251
1630,4,2024-07-01,104.94,105.13,104.23,104.86,1425980
1631,4,2024-07-02,107.78,108.34,107.46,107.8,5781053
1632,4,2024-07-03,107.62,108.37,107.41,107.73,6709135
1633,4,2024-07-04,108.76,109.22,108.46,108.49,6990739
1634,4,2024-07-05,111.27,111.88,111.01,111.56,7882921
1635,4,2024-07-08,109.87,110.23,109.22,109.44,5584240
1636,4,2024-07-09,106.63,107.11,105.96,106.21,4458833
1637,4,2024-07-10,105.33,106.13,105.09,105.59,1481755
1638,4,2024-07-11,108.67,109.05,107.93,108.45,6873572
1639,4,2024-07-12,107.61,107.99,107.16,107.9,2683111
1640,4,2024-07-15,105.51,105.95,105.04,105.81,6014891
1641,4,2024-07-16,108.93,109.37,108.22,108.86,1607040
1642,4,2024-07-17,109.43,109.71,108.48,109.03,7444890
1643,4,2024-07-18,113.1,113.43,112.44,113.39,5375733
1644,4,2024-07-19,116.6,117.28,116.08,116.51,3529954
1645,4,2024-07-22,118.01,118.51,117.34,118.02,5395977
1646,4,2024-07-23,118.23,118.84,117.67,118.35,5438891
1647,4,2024-07-24,119.22,119.42,118.61,119.08,3254922
1648,4,2024-07-25,114.49,114.9,114.16,114.84,5515941
1649,4,2024-07-26,114.45,114.84,114.2,114.38,6090194
1650,4,2024-07-29,114.62,114.74,114.01,114.35,5334474
1651,4,2024-07-30,111.53,111.93,110.92,111.89,6464186
1652,4,2024-07-31,112.65,113.49,112.64,112.94,4670451
1653,4,2024-08-01,109.3,109.65,108.91,109.31,5853118
1654,4,2024-08-02,108.73,108.81,107.99,108.48,7742607
1655,4,2024-08-05,109.54,109.66,109.09,109.46,6503847
1656,4,2024-08-06,108.37,108.78,108.24,108.7,1709076
1657,4,2024-08-07,104.77,105.78,104.45,105.16,3226697
1658,4,2024-08-08,103.77,104.04,103.15,103.74,500641
1659,4,2024-08-09,102.33,102.81,101.91,102.31,3836902
1660,4,2024-08-12,106.6,107.05,106.2,106.53,7895146
1661,4,2024-08-13,104.85,105.16,104.34,105.1,2278252
1662,4,2024-08-14,106.71,107.16,106.17,106.97,7680671
1663,4,2024-08-15,105.77,105.97,105.37,105.89,1057697
1664,4,2024-08-16,104.87,105.32,104.31,105.08,3500445
1665,4,2024-08-19,106.26,106.77,105.92,106.33,1029185
1666,4,2024-08-20,107.25,107.89,106.6,107.05,1944705
1667,4,2024-08-21,105.35,105.73,104.82,105.08,1651185
1668,4,2024-08-22,107.48,107.76,107.05,107.06,5027054
1669,4,2024-08-23,107.59,108.29,107.55,107.93,5301331
1670,4,2024-08-26,108.27,108.61,108.09,108.39,7016415
1671,4,2024-08-27,108.32,109.05,108.07,108.42,1287520
1672,4,2024-08-28,109.05,109.17,108.21,108.68,2799121
1673,4,2024-08-29,109.68,110.14,109.09,109.66,4636566
1674,4,2024-08-30,107.68,108.26,107.47,107.58,7598827
1675,4,2024-09-02,106.41,107.03,105.87,106.2,4959627
1676,4,2024-09-03,107.62,107.93,107.24,107.32,571231
1677,4,2024-09-04,105.87,106.43,105.41,106.19,896484
1678,4,2024-09-05,106.28,106.9,105.64,106.09,2368337
1679,4,2024-09-06,103.49,104.37,103.0,103.76,4266719
1680,4,2024-09-09,101.72,102.16,101.14,101.9,7110407
1681,4,2024-09-10,102.8,103.38,102.25,102.5,2845526
1682,4,2024-09-11,100.71,101.09,100.27,101.05,7586502
1683,4,2024-09-12,101.55,101.89,101.05,101.35,7057647
1684,4,2024-09-13,102.26,102.52,101.57,101.88,5980980
1685,4,2024-09-16,100.08,100.62,99.27,99.69,3541035
1686,4,2024-09-17,100.05,100.59,99.51,99.95,5856200
1687,4,2024-09-18,98.86,99.5,98.3,99.06,6675225
1688,4,2024-09-19,96.51,96.82,95.87,96.22,5055301
1689,4,2024-09-20,99.04,99.35,98.61,98.74,1063417
1690,4,2024-09-23,98.41,98.71,97.58,98.15,3670417
1691,4,2024-09-24,96.6,97.43,96.45,96.9,4543397
1692,4,2024-09-25,98.26,98.33,97.87,98.05,2701587
1693,4,2024-09-26,98.76,98.89,98.52,98.71,7498335
1694,4,2024-09-27,101.64,102.15,101.5,101.53,3972927
1695,4,2024-09-30,99.84,100.32,99.64,99.95,3154195
1696,4,2024-10-01,98.15,99.07,98.04,98.54,3158992
1697,4,2024-10-02,99.86,100.5,99.77,100.19,1428819
1698,4,2024-10-03,101.42,101.53,101.02,101.43,2195714
1699,4,2024-10-04,100.15,100.31,99.66,100.2,1315212
1700,4,2024-10-07,101.07,101.63,100.98,101.12,3153033
1701,4,2024-10-08,99.84,99.96,99.43,99.54,801922
1702,4,2024-10-09,100.13,100.66,99.59,100.21,1702343
1703,4,2024-10-10,100.99,101.15,100.6,100.85,4625927
1704,4,2024-10-11,103.06,103.5,102.61,102.81,6232945
1705,4,2024-10-14,104.77,105.3,104.17,104.41,1322995
1706,4,2024-10-15,102.58,102.92,102.48,102.9,4250006
1707,4,2024-10-16,103.19,103.4,102.44,103.04,6030736
1708,4,2024-10-17,101.62,101.85,101.33,101.68,6206749
1709,4,2024-10-18,101.69,101.84,101.21,101.68,6981251
1710,4,2024-10-21,103.13,103.29,102.22,102.73,1988093
1711,4,2024-10-22,101.97,102.28,101.7,101.81,7944137
1712,4,2024-10-23,98.65,99.03,98.45,98.58,1492218
1713,4,2024-10-24,104.18,104.45,103.44,103.82,1182015
1714,4,2024-10-25,104.8,105.43,104.6,105.18,5249824
1715,4,2024-10-28,105.35,105.69,104.94,105.37,2782174
1716,4,2024-10-29,106.86,107.24,106.64,107.06,3635556
1717,4,2024-10-30,106.4,106.83,105.93,106.79,2089831
1718,4,2024-10-31,107.3,107.91,107.24,107.33,1886300
1719,4,2024-11-01,108.89,109.12,108.88,109.06,4638261
1720,4,2024-11-04,108.77,108.98,107.97,108.45,3210387
1721,4,2024-11-05,108.76,109.3,108.63,108.87,3380370
1722,4,2024-11-06,106.83,106.91,106.03,106.5,1402657
1723,4,2024-11-07,103.0,103.12,102.44,102.87,7441254
1724,4,2024-11-08,100.41,101.08,100.2,100.75,5940129
1725,4,2024-11-11,102.14,102.16,101.84,101.96,4628717
1726,4,2024-11-12,101.66,102.4,101.14,101.87,7301111
1727,4,2024-11-13,105.66,106.16,105.08,105.7,1007813
1728,4,2024-11-14,104.99,105.65,104.68,105.06,664061
1729,4,2024-11-15,102.38,102.71,102.03,102.68,6457927
1730,4,2024-11-18,101.16,101.61,100.76,101.0,5635207
1731,4,2024-11-19,104.04,104.79,103.8,104.32,6345291
1732,4,2024-11-20,100.59,100.83,100.47,100.67,1700022
1733,4,2024-11-21,101.53,102.01,100.94,101.22,5808155
1734,4,2024-11-22,103.99,104.18,103.83,103.97,5811910
1735,4,2024-11-25,102.5,103.02,102.47,102.87,1611046
1736,4,2024-11-26,102.81,103.38,102.33,102.5,6429659
1737,4,2024-11-27,101.88,102.2,101.61,101.61,3105964
1738,4,2024-11-28,100.61,100.83,100.47,100.52,5790962
1739,4,2024-11-29,97.69,98.12,97.5,97.76,929475
1740,4,2024-12-02,97.13,97.62,96.76,96.89,7739205
1741,4,2024-12-03,98.98,99.56,98.49,98.95,6353848
1742,4,2024-12-04,102.87,103.66,102.64,103.2,5403685
1743,4,2024-12-05,105.04,105.55,104.85,104.99,2515951
1744,4,2024-12-06,103.1,103.6,102.56,103.03,1667311
1745,4,2024-12-09,103.25,103.92,103.2,103.36,1861351
1746,4,2024-12-10,106.06,106.88,105.94,106.33,4178887
1747,4,2024-12-11,105.56,106.07,105.44,105.96,3456480
1748,4,2024-12-12,103.31,103.35,103.18,103.22,2339403
1749,4,2024-12-13,107.02,107.7,106.55,107.36,6559945
1750,4,2024-12-16,104.66,104.9,104.57,104.58,6699216
1751,4,2024-12-17,104.41,104.95,104.36,104.8,1569767
1752,4,2024-12-18,102.19,102.2,101.49,102.08,7682132
1753,4,2024-12-19,104.29,104.87,104.17,104.43,4103190
1754,4,2024-12-20,106.37,106.66,106.22,106.32,2988172
1755,4,2024-12-23,106.84,107.24,106.6,106.68,6686936
1756,4,2024-12-24,106.86,107.4,106.54,107.2,6773625
1757,4,2024-12-25,109.45,110.15,109.35,109.87,5415234
1758,4,2024-12-26,113.0,113.85,112.74,113.25,7131679
1759,4,2024-12-27,113.38,113.76,113.31,113.68,7668868
1760,4,2024-12-30,112.65,113.19,112.57,112.77,7424897
1761,4,2024-12-31,116.64,116.77,116.17,116.54,4997086
1762,4,2025-01-01,114.55,114.65,113.92,114.38,2761728
1763,4,2025-01-02,114.79,115.79,114.33,115.16,7496613
1764,4,2025-01-03,113.68,114.16,113.34,113.4,516340
1765,4,2025-01-06,114.59,114.81,114.17,114.44,5910075
1766,4,2025-01-07,114.22,114.54,113.91,113.96,4833821
1767,4,2025-01-08,115.17,116.24,115.04,115.55,3387630
1768,4,2025-01-09,114.95,115.41,114.47,115.12,3604582
1769,4,2025-01-10,115.89,116.34,115.44,115.61,3639947
1770,4,2025-01-13,113.79,114.16,113.43,113.79,6660531
1771,4,2025-01-14,111.69,112.15,111.23,111.76,6112126
1772,4,2025-01-15,113.69,113.86,113.51,113.51,7954289
1773,4,2025-01-16,116.52,117.17,116.06,116.1,3120106
1774,4,2025-01-17,116.7,117.31,115.8,116.37,2710229
1775,4,2025-01-20,119.34,120.0,118.72,118.9,6708663
1776,4,2025-01-21,121.75,122.28,121.05,122.18,5779721
1777,4,2025-01-22,122.26,122.53,121.3,121.81,5470604
1778,4,2025-01-23,121.73,122.76,121.1,122.15,726392
1779,4,2025-01-24,121.14,121.96,120.54,121.55,1622879
1780,4,2025-01-27,121.89,122.75,121.34,122.2,5739229
1781,4,2025-01-28,121.34,122.07,120.83,121.5,2650768
1782,4,2025-01-29,123.29,124.28,123.26,123.63,6133496
1783,4,2025-01-30,123.62,124.12,122.64,123.29,4656169
1784,4,2025-01-31,123.6,124.28,122.9,123.27,5820146
1785,4,2025-02-03,122.57,122.95,121.39,122.11,1438500
1786,4,2025-02-04,122.41,123.15,122.25,122.69,1877703
1787,4,2025-02-05,122.94,123.55,122.26,122.61,2848922
1788,4,2025-02-06,119.91,120.5,119.65,119.77,6525044
1789,4,2025-02-07,118.53,118.96,118.1,118.9,6849569
1790,4,2025-02-10,117.33,117.97,116.94,117.77,989893
1791,4,2025-02-11,114.66,115.22,114.22,114.84,742750
1792,4,2025-02-12,112.63,113.5,112.25,112.84,4728044
1793,4,2025-02-13,112.81,113.62,112.81,112.98,3174868
1794,4,2025-02-14,112.17,112.64,112.04,112.37,6138817
1795,4,2025-02-17,111.71,111.77,111.26,111.53,6060885
1796,4,2025-02-18,105.82,106.68,105.73,106.16,4903816
1797,4,2025-02-19,104.57,104.75,104.18,104.28,3973296
1798,4,2025-02-20,106.28,106.34,105.49,105.95,7133015
1799,4,2025-02-21,107.15,107.26,106.31,106.92,4372255
1800,4,2025-02-24,104.48,104.89,103.71,104.29,3060614
1801,4,2025-02-25,104.54,105.19,104.27,104.66,7180099
1802,4,2025-02-26,103.2,103.44,102.85,102.97,5077904
1803,4,2025-02-27,104.02,104.33,103.41,103.91,1569668
1804,4,2025-02-28,104.7,105.05,103.79,104.39,6360841
1805,4,2025-03-03,104.94,105.69,104.84,105.1,2600879
1806,4,2025-03-04,105.41,105.58,105.3,105.53,6289553
1807,4,2025-03-05,105.2,105.96,104.79,105.41,1553354
1808,4,2025-03-06,107.22,107.91,107.2,107.54,6942524
1809,4,2025-03-07,104.78,104.86,104.2,104.43,6836267
1810,4,2025-03-10,106.97,107.21,106.15,106.58,4294568
1811,4,2025-03-11,106.41,106.81,105.85,106.26,6057819
1812,4,2025-03-12,109.92,110.68,109.91,110.14,6897948
1813,4,2025-03-13,109.75,109.88,109.49,109.84,3967089
1814,4,2025-03-14,110.59,111.26,110.16,110.95,7250948
1815,4,2025-03-17,110.32,110.92,109.5,110.11,6261624
1816,4,2025-03-18,110.02,110.5,109.81,110.29,7973286
1817,4,2025-03-19,107.18,107.38,107.15,107.2,1668058
1818,4,2025-03-20,107.42,107.86,107.21,107.45,734924
1819,4,2025-03-21,106.28,106.51,105.64,105.91,4050572
1820,4,2025-03-24,104.42,105.34,103.83,104.8,5627535
1821,4,2025-03-25,104.11,104.5,103.85,104.45,2737526
1822,4,2025-03-26,107.28,107.84,106.76,107.1,5522332
1823,4,2025-03-27,106.52,107.45,106.3,106.87,6148820
1824,4,2025-03-28,110.18,110.71,109.91,110.48,4066245
1825,4,2025-03-31,110.2,110.43,109.57,110.03,3418534
1826,4,2025-04-01,108.5,109.44,108.11,108.93,1083565
1827,4,2025-04-02,107.43,108.22,106.82,107.58,6071272
1828,4,2025-04-03,105.44,105.64,105.14,105.24,3939943
1829,4,2025-04-04,107.17,108.13,106.91,107.5,4405187
1830,4,2025-04-07,110.15,110.88,109.6,110.59,1442879
1831,4,2025-04-08,105.24,105.72,104.62,105.58,3651320
1832,4,2025-04-09,107.18,107.29,106.9,107.14,3110641
1833,4,2025-04-10,112.12,112.13,111.51,112.06,621434
1834,4,2025-04-11,110.81,111.14,109.88,110.46,5744878
1835,4,2025-04-14,109.07,109.38,108.71,109.15,4423773
1836,4,2025-04-15,107.62,107.69,107.28,107.39,3712877
1837,4,2025-04-16,108.57,108.82,107.98,108.53,5664129
1838,4,2025-04-17,110.82,111.06,110.41,110.88,7438516
1839,4,2025-04-18,115.22,115.29,114.49,114.94,5121952
1840,4,2025-04-21,109.55,109.95,109.05,109.62,7454216
1841,4,2025-04-22,111.42,111.44,111.15,111.35,3654806
1842,4,2025-04-23,112.36,112.92,112.1,112.61,1966701
1843,4,2025-04-24,111.99,112.6,111.3,111.57,6653134
1844,4,2025-04-25,111.94,112.44,111.75,111.76,3309828
1845,4,2025-04-28,112.36,112.53,111.45,112.02,6463536
1846,4,2025-04-29,113.55,113.79,112.94,113.63,3609174
1847,4,2025-04-30,114.68,115.36,114.11,114.79,4999592
1848,4,2025-05-01,114.75,115.56,114.06,114.9,2313733
1849,4,2025-05-02,116.36,116.94,115.66,116.22,4833902
1850,4,2025-05-05,115.64,116.43,114.96,115.99,1802879
1851,4,2025-05-06,117.99,118.12,117.43,118.05,4281927
1852,4,2025-05-07,116.71,117.26,116.0,116.59,5204887
1853,4,2025-05-08,116.82,116.97,116.34,116.41,3780657
1854,4,2025-05-09,119.17,119.6,119.03,119.05,5806819
1855,4,2025-05-12,119.69,120.33,119.59,119.8,3902796
1856,4,2025-05-13,119.5,119.75,119.2,119.37,7234319
1857,4,2025-05-14,118.35,119.14,117.79,118.59,6277936
1858,4,2025-05-15,121.26,121.46,120.43,121.11,5205785
1859,4,2025-05-16,118.86,119.57,118.44,119.24,1303074
1860,4,2025-05-19,116.87,117.7,116.8,117.07,4206837
1861,4,2025-05-20,114.37,114.81,114.36,114.47,1051819
1862,4,2025-05-21,117.9,117.96,116.99,117.47,3314407
1863,4,2025-05-22,115.95,116.07,115.65,115.66,1840078
1864,4,2025-05-23,119.91,120.34,119.82,119.84,7819369
1865,4,2025-05-26,122.42,122.82,122.19,122.31,6062726
1866,4,2025-05-27,122.62,122.76,122.18,122.2,672786
1867,4,2025-05-28,121.28,121.37,120.77,120.93,2956547
1868,4,2025-05-29,120.55,121.35,119.87,120.82,2506928
1869,4,2025-05-30,115.33,115.85,115.12,115.47,6088958
1870,4,2025-06-02,116.05,116.41,115.77,116.05,1947906
1871,4,2025-06-03,117.89,118.08,117.24,117.52,4877361
1872,4,2025-06-04,120.62,120.85,119.79,120.36,7653215
1873,4,2025-06-05,115.81,116.4,115.24,115.88,5171832
1874,4,2025-06-06,116.3,116.6,115.8,116.2,3304703
1875,4,2025-06-09,115.37,115.7,115.01,115.68,4901519
1876,4,2025-06-10,114.91,115.67,114.47,115.1,7738589
1877,4,2025-06-11,114.49,115.01,113.95,114.79,3183083
1878,4,2025-06-12,114.79,115.64,114.53,115.18,6346359
1879,4,2025-06-13,116.02,116.71,115.7,116.48,6464295
1880,4,2025-06-16,118.12,118.52,117.47,117.74,5013514
1881,4,2025-06-17,116.55,117.19,115.93,116.76,6949344
1882,4,2025-06-18,116.19,117.21,115.89,116.58,6171509
1883,4,2025-06-19,115.53,116.37,115.18,115.81,7926947
1884,4,2025-06-20,117.39,117.55,117.27,117.47,2951560
1885,4,2025-06-23,115.2,115.85,114.61,115.4,7909660
1886,4,2025-06-24,117.6,117.81,116.63,117.22,3521080
1887,4,2025-06-25,120.51,121.42,120.46,120.95,1213398
1888,4,2025-06-26,118.26,118.77,117.78,117.98,6152692
1889,4,2025-06-27,115.6,116.2,115.33,115.77,5723427
1890,4,2025-06-30,117.27,117.91,116.59,117.32,1410597
1891,4,2025-07-01,114.82,115.28,114.81,115.25,1288517
1892,4,2025-07-02,117.12,117.77,116.82,117.29,1776435
1893,4,2025-07-03,118.8,119.57,118.09,118.92,7505827
1894,4,2025-07-04,123.58,123.77,122.64,123.22,1331026
1895,4,2025-07-07,123.86,124.49,123.26,124.03,2524340
1896,4,2025-07-08,123.41,123.84,123.07,123.73,1447165
1897,4,2025-07-09,126.52,127.25,125.82,126.13,3850848
1898,4,2025-07-10,122.85,123.61,122.42,123.22,5459517
1899,4,2025-07-11,125.38,125.55,124.95,125.14,2721756
1900,4,2025-07-14,124.42,125.26,123.77,124.84,5446105
1901,4,2025-07-15,124.27,125.41,124.22,124.69,598460
1902,4,2025-07-16,122.88,123.76,122.74,123.16,1284010
1903,4,2025-07-17,123.93,124.57,123.34,123.91,2838690
1904,4,2025-07-18,126.73,126.89,126.35,126.78,7355939
1905,4,2025-07-21,127.67,128.33,126.79,127.19,6350157
1906,4,2025-07-22,128.99,129.53,128.86,129.31,2803600
1907,4,2025-07-23,131.23,132.29,130.64,131.6,2304218
1908,4,2025-07-24,129.49,129.64,129.07,129.09,5464141
1909,4,2025-07-25,127.77,127.83,127.0,127.33,1629650
1910,4,2025-07-28,127.85,128.24,127.81,127.85,2544416
1911,4,2025-07-29,130.8,131.13,130.32,130.55,3520190
1912,4,2025-07-30,132.6,133.02,132.11,132.5,3751740
1913,4,2025-07-31,131.53,131.7,131.01,131.05,767659
1914,4,2025-08-01,127.71,128.0,127.63,127.95,2198487
1915,4,2025-08-04,125.17,125.35,124.62,125.28,7096457
1916,4,2025-08-05,122.58,122.96,122.01,122.81,3107248
1917,4,2025-08-06,122.33,122.39,121.73,122.1,5753534
1918,4,2025-08-07,124.94,125.19,124.26,124.96,2289646
1919,4,2025-08-08,124.3,125.28,124.19,124.61,595511
1920,4,2025-08-11,125.35,125.63,125.22,125.38,2478741
1921,4,2025-08-12,128.74,129.2,127.63,128.38,4873691
1922,4,2025-08-13,129.98,130.18,129.89,129.99,6641948
1923,4,2025-08-14,123.8,124.19,123.35,123.47,1599372
1924,4,2025-08-15,120.29,120.9,119.76,120.68,3894622
1925,4,2025-08-18,119.81,120.39,119.55,120.04,601707
1926,4,2025-08-19,113.39,114.0,112.78,113.52,6308947
1927,4,2025-08-20,116.34,116.42,115.77,116.25,5961616
1928,4,2025-08-21,112.28,113.37,111.7,112.71,5445251
1929,4,2025-08-22,113.97,114.71,113.3,114.2,3195649
1930,4,2025-08-25,116.29,116.43,115.4,116.06,5290503
1931,4,2025-08-26,120.4,121.05,119.91,120.23,7687295
1932,4,2025-08-27,119.29,119.48,118.78,119.26,7159961
1933,4,2025-08-28,117.99,118.21,117.5,117.53,4400582
1934,4,2025-08-29,118.76,119.34,118.45,118.9,3912707
1935,4,2025-09-01,122.41,123.33,122.04,122.61,5641450
1936,4,2025-09-02,121.79,121.93,121.08,121.82,5178463
1937,4,2025-09-03,120.65,121.44,120.64,120.86,807148
1938,4,2025-09-04,119.05,119.68,119.01,119.26,2793661
1939,4,2025-09-05,115.92,116.56,115.68,116.39,2624491
1940,4,2025-09-08,118.02,118.49,117.14,117.68,1662777
1941,4,2025-09-09,119.59,119.73,118.7,119.11,1105384
1942,4,2025-09-10,119.71,120.32,119.46,119.98,6587818
1943,4,2025-09-11,118.94,119.01,118.31,118.49,2765169
1944,4,2025-09-12,116.61,117.18,116.14,116.79,2918599
1945,4,2025-09-15,113.69,114.06,113.31,113.97,2757966
1946,4,2025-09-16,112.11,112.87,111.69,112.49,4593730
1947,4,2025-09-17,109.48,109.63,109.19,109.53,2849453
1948,4,2025-09-18,112.75,113.23,112.04,112.36,3707518
1949,4,2025-09-19,110.1,110.89,109.47,110.52,3656889
1950,4,2025-09-22,111.72,112.13,111.29,111.49,2319842
1951,4,2025-09-23,110.47,110.85,110.24,110.44,6165013
1952,4,2025-09-24,110.25,110.61,110.25,110.35,6556107
1953,4,2025-09-25,111.5,111.93,110.94,111.89,5374099
1954,4,2025-09-26,110.15,110.37,109.96,110.3,4111009
1955,4,2025-09-29,110.16,110.6,109.46,109.95,897651
1956,4,2025-09-30,110.29,110.64,109.8,110.55,4214784
1957,4,2025-10-01,111.35,111.55,110.83,111.03,7918689
1958,4,2025-10-02,113.53,114.31,113.06,113.98,1360316
1959,4,2025-10-03,116.41,116.83,116.26,116.76,4053068
1960,4,2025-10-06,117.06,117.37,116.71,116.75,1413585
1961,4,2025-10-07,112.09,112.65,111.43,111.8,6662648
1962,4,2025-10-08,115.19,115.78,114.6,115.02,3742652
1963,4,2025-10-09,114.44,114.89,114.03,114.15,6062485
1964,4,2025-10-10,113.19,113.51,112.95,113.14,5506516
1965,4,2025-10-13,115.58,115.85,114.94,115.43,1305018
1966,4,2025-10-14,114.73,115.09,114.71,114.8,3928117
1967,4,2025-10-15,114.33,114.95,113.71,114.51,5149073
1968,4,2025-10-16,113.96,115.0,113.3,114.38,4009303
1969,4,2025-10-17,114.53,114.77,113.5,114.09,4274042
1970,4,2025-10-20,112.31,112.92,112.05,112.45,970743
1971,4,2025-10-21,111.58,111.81,110.91,111.39,6400226
1972,4,2025-10-22,109.63,110.33,109.43,109.83,3454465
1973,4,2025-10-23,112.16,112.59,111.72,112.27,4820292
1974,4,2025-10-24,111.18,111.7,110.45,110.8,1470664
1975,4,2025-10-27,108.43,108.96,108.17,108.56,836968
1976,4,2025-10-28,113.22,113.33,112.84,112.9,1296653
1977,4,2025-10-29,115.25,115.93,114.45,115.01,5994852
1978,4,2025-10-30,113.81,114.67,113.69,114.05,7193546
1979,4,2025-10-31,113.72,114.54,113.65,114.12,6851013
1980,4,2025-11-03,111.58,112.48,111.18,111.97,6805095
1981,4,2025-11-04,113.71,113.97,112.86,113.53,4803347
1982,4,2025-11-05,112.42,112.86,112.12,112.69,2645669
1983,4,2025-11-06,113.33,113.88,112.91,113.04,4865809
1984,4,2025-11-07,114.3,114.76,114.05,114.19,6575066
1985,4,2025-11-10,115.61,116.07,115.56,115.7,1889782
1986,4,2025-11-11,114.67,115.3,114.02,114.46,4221316
1987,4,2025-11-12,115.75,116.02,115.32,115.78,4690229
1988,4,2025-11-13,113.08,113.46,112.79,113.41,3320886
1989,4,2025-11-14,114.4,114.61,114.07,114.15,2229301
1990,4,2025-11-17,114.59,114.81,114.34,114.49,7554631
1991,4,2025-11-18,116.06,116.1,115.26,115.87,7760861
1992,4,2025-11-19,114.72,115.51,114.13,115.11,7488567
1993,4,2025-11-20,112.61,113.48,112.53,113.01,4032340
1994,4,2025-11-21,113.38,113.55,112.98,113.0,3035339
1995,4,2025-11-24,113.1,113.2,112.49,112.86,6004045
1996,4,2025-11-25,115.07,115.53,114.08,114.68,2267129
1997,4,2025-11-26,119.56,120.06,118.62,119.17,765215
1998,4,2025-11-27,121.94,122.63,121.03,121.47,5093244
1999,4,2025-11-28,124.32,124.52,123.85,123.88,767000
2000,4,2025-12-01,125.24,125.73,124.91,125.24,2775637
2001,5,2024-01-02,305.31,307.82,303.83,306.4,4506393
2002,5,2024-01-03,307.23,308.48,304.99,306.34,4643719
2003,5,2024-01-04,315.88,316.69,314.58,315.38,1533278
2004,5,2024-01-05,318.49,320.36,316.61,318.65,3257815
2005,5,2024-01-08,319.8,321.38,318.67,320.93,2203444
2006,5,2024-01-09,327.54,329.28,325.33,326.89,4760364
2007,5,2024-01-10,328.64,330.24,327.91,328.06,1450369
2008,5,2024-01-11,327.32,328.25,326.64,328.16,5414067
2009,5,2024-01-12,328.78,329.72,328.26,328.5,1076028
2010,5,2024-01-15,332.9,334.66,331.92,333.57,6014139
2011,5,2024-01-16,324.7,326.82,322.87,325.43,6351563
2012,5,2024-01-17,335.21,337.08,334.15,335.76,2506514
2013,5,2024-01-18,332.43,335.42,331.02,333.62,5164038
2014,5,2024-01-19,326.48,327.45,326.21,327.05,7819538
2015,5,2024-01-22,327.63,329.13,326.03,328.39,1564709
2016,5,2024-01-23,339.5,340.92,336.89,338.21,3903222
2017,5,2024-01-24,342.48,344.33,341.69,343.76,6703841
2018,5,2024-01-25,347.55,349.29,346.28,348.71,4215181
2019,5,2024-01-26,351.62,353.34,351.23,352.9,3733137
2020,5,2024-01-29,347.07,348.96,345.94,348.32,3108534
2021,5,2024-01-30,358.08,360.07,355.02,356.96,6576827
2022,5,2024-01-31,358.82,360.45,357.83,358.56,6719295
2023,5,2024-02-01,353.14,354.7,352.37,352.49,1319076
2024,5,2024-02-02,355.04,356.9,353.6,355.36,6938855
2025,5,2024-02-05,362.34,363.58,361.01,362.13,1719116
2026,5,2024-02-06,359.2,361.15,357.21,359.54,1489045
2027,5,2024-02-07,372.61,372.8,370.71,371.27,4571034
2028,5,2024-02-08,372.1,373.47,370.73,372.59,3212711
2029,5,2024-02-09,367.35,368.69,366.17,366.44,4763308
2030,5,2024-02-12,356.41,357.49,356.03,356.92,3970432
2031,5,2024-02-13,351.7,352.72,348.62,350.4,2133818
2032,5,2024-02-14,351.93,355.16,351.34,353.17,5077463
2033,5,2024-02-15,351.53,354.06,350.95,352.44,7017915
2034,5,2024-02-16,353.67,356.07,353.36,354.73,5134619
2035,5,2024-02-19,356.58,359.37,354.73,357.9,4849180
2036,5,2024-02-20,357.73,360.59,357.6,359.04,5859121
2037,5,2024-02-21,359.44,361.29,358.17,358.93,5887394
2038,5,2024-02-22,364.37,365.14,363.91,364.08,3828595
2039,5,2024-02-23,358.95,360.25,357.17,359.45,3619772
2040,5,2024-02-26,359.7,361.59,358.98,359.29,2949054
2041,5,2024-02-27,360.58,362.26,359.57,360.85,7801259
2042,5,2024-02-28,355.67,356.01,355.23,355.32,7477313
2043,5,2024-02-29,357.04,358.77,355.64,356.73,6356553
2044,5,2024-03-01,356.16,357.4,355.4,356.13,2111515
2045,5,2024-03-04,357.75,358.57,354.97,357.11,1088337
2046,5,2024-03-05,354.63,357.83,354.15,355.83,4276219
2047,5,2024-03-06,348.57,350.33,346.79,348.79,4458172
2048,5,2024-03-07,344.15,346.37,343.07,345.39,3807630
2049,5,2024-03-08,343.57,344.64,343.07,344.14,6257325
2050,5,2024-03-11,355.6,356.97,354.01,356.0,1365626
2051,5,2024-03-12,357.84,358.62,356.0,356.75,4292325
2052,5,2024-03-13,368.56,370.0,366.01,367.34,3867260
2053,5,2024-03-14,360.97,361.24,358.86,360.03,6323362
2054,5,2024-03-15,364.04,365.58,363.73,364.3,2452092
2055,5,2024-03-18,361.96,364.09,359.82,363.17,4820088
2056,5,2024-03-19,369.26,370.97,366.88,368.87,7073042
2057,5,2024-03-20,371.69,373.64,369.62,372.4,6071404
2058,5,2024-03-21,371.79,372.98,370.83,372.91,5675349
2059,5,2024-03-22,377.76,379.84,374.61,376.66,3157758
2060,5,2024-03-25,376.31,377.87,374.71,376.61,1392722
2061,5,2024-03-26,388.66,390.1,386.06,388.38,839282
2062,5,2024-03-27,380.31,381.12,378.56,379.58,3566560
2063,5,2024-03-28,366.82,368.49,366.52,367.44,1875880
2064,5,2024-03-29,372.3,374.35,369.43,371.51,1128421
2065,5,2024-04-01,378.41,380.28,377.55,378.8,3789402
2066,5,2024-04-02,373.43,374.75,371.29,373.4,1226739
2067,5,2024-04-03,371.97,373.98,370.49,371.78,6830490
2068,5,2024-04-04,377.58,378.54,376.86,377.81,1838118
2069,5,2024-04-05,386.47,388.76,385.26,385.74,4393512
2070,5,2024-04-08,396.14,397.6,395.67,395.9,2635932
2071,5,2024-04-09,400.09,402.41,399.39,400.28,7382697
2072,5,2024-04-10,405.96,407.8,402.14,404.38,5498252
2073,5,2024-04-11,408.82,410.67,407.64,407.71,7269059
2074,5,2024-04-12,413.29,414.63,409.8,411.78,549988
2075,5,2024-04-15,411.83,415.15,410.42,412.81,5990670
2076,5,2024-04-16,411.61,413.66,410.81,411.54,1322111
2077,5,2024-04-17,407.68,408.92,407.03,407.86,6983770
2078,5,2024-04-18,395.97,397.71,394.14,394.42,3152908
2079,5,2024-04-19,406.42,407.22,404.45,405.69,2570810
2080,5,2024-04-22,412.49,413.76,410.14,412.06,5801073
2081,5,2024-04-23,405.36,407.85,403.43,405.58,2881453
2082,5,2024-04-24,422.17,423.84,418.8,421.02,767271
2083,5,2024-04-25,419.36,421.53,416.99,420.59,5550107
2084,5,2024-04-26,419.28,420.45,417.23,420.07,6001705
2085,5,2024-04-29,420.51,422.91,417.09,419.25,6120844
2086,5,2024-04-30,422.68,424.54,421.27,424.37,2064102
2087,5,2024-05-01,427.23,429.02,425.73,428.04,5282859
2088,5,2024-05-02,435.4,437.18,434.93,435.46,2750754
2089,5,2024-05-03,436.36,438.49,435.33,436.41,3178459
2090,5,2024-05-06,443.04,443.36,442.74,443.11,7106713
2091,5,2024-05-07,445.19,446.06,441.76,443.52,1368643
2092,5,2024-05-08,437.04,438.0,436.75,437.17,5727264
2093,5,2024-05-09,433.52,435.67,432.25,433.58,3590021
2094,5,2024-05-10,419.98,421.61,418.7,420.87,7173579
2095,5,2024-05-13,422.54,423.2,420.82,421.62,3435337
2096,5,2024-05-14,419.0,420.2,416.71,419.19,2512379
2097,5,2024-05-15,419.52,420.3,417.43,418.46,4793792
2098,5,2024-05-16,410.76,412.37,409.22,411.86,7609083
2099,5,2024-05-17,407.38,407.42,405.27,407.03,6518096
2100,5,2024-05-20,401.63,404.65,399.43,402.95,6251315
2101,5,2024-05-21,393.2,394.05,392.67,393.14,1677446
2102,5,2024-05-22,390.07,392.08,389.42,389.96,6509640
2103,5,2024-05-23,394.58,397.22,392.36,395.48,770562
2104,5,2024-05-24,390.76,394.48,390.52,392.27,3484530
2105,5,2024-05-27,387.73,388.89,385.94,388.35,2354815
2106,5,2024-05-28,388.22,389.21,386.39,388.92,5414569
2107,5,2024-05-29,396.19,397.12,396.01,396.92,5915846
2108,5,2024-05-30,406.58,407.59,405.69,405.72,6726886
2109,5,2024-05-31,403.36,405.28,402.14,402.61,5042686
2110,5,2024-06-03,399.65,401.03,398.42,400.25,675739
2111,5,2024-06-04,398.96,401.29,397.83,399.71,2684289
2112,5,2024-06-05,403.38,407.04,402.02,404.69,4125121
2113,5,2024-06-06,411.57,412.45,410.34,412.41,3452338
2114,5,2024-06-07,407.17,408.92,406.9,407.58,2180456
2115,5,2024-06-10,414.18,415.99,412.78,415.07,5321139
2116,5,2024-06-11,413.55,416.12,411.13,414.1,1215417
2117,5,2024-06-12,421.51,422.18,421.16,421.55,5123663
2118,5,2024-06-13,434.93,436.91,433.45,435.02,2243223
2119,5,2024-06-14,435.22,436.76,434.83,435.88,2910822
2120,5,2024-06-17,430.37,431.42,430.13,430.14,5677980
2121,5,2024-06-18,430.94,431.75,429.1,430.79,2913784
2122,5,2024-06-19,417.9,419.19,415.05,417.2,7945665
2123,5,2024-06-20,421.16,422.11,418.58,420.49,1715698
2124,5,2024-06-21,423.27,423.7,421.33,422.43,7789372
2125,5,2024-06-24,429.25,432.46,428.0,430.39,6117450
2126,5,2024-06-25,432.73,433.77,431.8,432.57,3766095
2127,5,2024-06-26,428.56,429.9,426.38,427.96,3287238
2128,5,2024-06-27,445.43,445.8,443.5,444.89,2033463
2129,5,2024-06-28,435.61,436.27,434.33,435.54,7521518
2130,5,2024-07-01,429.06,430.92,425.41,427.6,1515044
2131,5,2024-07-02,411.88,414.53,411.51,413.5,1002860
2132,5,2024-07-03,413.13,413.91,411.1,411.56,5705338
2133,5,2024-07-04,403.88,406.44,403.5,405.3,3128395
2134,5,2024-07-05,404.15,404.7,402.44,403.96,7459096
2135,5,2024-07-08,403.27,404.68,401.34,402.08,5183757
2136,5,2024-07-09,415.21,416.17,413.86,415.53,5445256
2137,5,2024-07-10,420.31,421.02,418.87,419.54,1267415
2138,5,2024-07-11,422.77,424.26,419.83,421.77,2976201
2139,5,2024-07-12,422.62,425.42,420.41,423.37,5513726
2140,5,2024-07-15,413.38,413.88,411.43,413.46,7918154
2141,5,2024-07-16,423.73,425.36,421.51,424.93,2925034
2142,5,2024-07-17,434.0,434.13,431.3,432.63,3797667
2143,5,2024-07-18,429.3,429.6,427.86,429.3,3329821
2144,5,2024-07-19,423.2,424.8,422.41,423.59,4414892
2145,5,2024-07-22,409.4,411.75,405.97,408.28,6752037
2146,5,2024-07-23,406.25,408.29,404.2,405.56,4175701
2147,5,2024-07-24,408.64,409.7,407.59,408.45,689716
2148,5,2024-07-25,397.37,398.91,395.77,397.79,5963686
2149,5,2024-07-26,401.65,403.91,399.14,400.05,1842542
2150,5,2024-07-29,410.04,410.07,408.15,409.23,4445019
2151,5,2024-07-30,414.43,416.7,413.8,415.78,7411729
2152,5,2024-07-31,416.56,416.64,415.52,416.2,4090511
2153,5,2024-08-01,426.67,429.12,424.19,427.52,6674942
2154,5,2024-08-02,432.21,434.62,428.38,430.96,5241800
2155,5,2024-08-05,423.66,425.57,420.35,422.4,786451
2156,5,2024-08-06,421.53,425.39,421.14,423.12,6021471
2157,5,2024-08-07,425.84,428.27,425.7,426.11,5281086
2158,5,2024-08-08,421.88,423.61,420.5,423.36,7875525
2159,5,2024-08-09,425.53,429.32,423.36,427.18,2873602
2160,5,2024-08-12,438.08,440.46,435.81,437.35,7582257
2161,5,2024-08-13,418.63,421.06,416.94,418.95,987161
2162,5,2024-08-14,418.4,419.66,415.49,417.32,1129765
2163,5,2024-08-15,410.87,413.11,410.44,411.86,6101213
2164,5,2024-08-16,415.25,415.26,413.45,414.13,3130135
2165,5,2024-08-19,409.72,411.11,407.94,409.08,1371962
2166,5,2024-08-20,415.92,419.11,415.46,417.29,4933613
2167,5,2024-08-21,431.0,431.56,429.04,430.01,1109561
2168,5,2024-08-22,428.16,428.8,425.25,427.39,5317380
2169,5,2024-08-23,432.56,432.91,431.54,431.68,5794354
2170,5,2024-08-26,427.85,429.31,427.04,428.95,2194702
2171,5,2024-08-27,434.09,435.99,432.27,435.22,2484088
2172,5,2024-08-28,450.43,452.03,449.48,450.46,5313694
2173,5,2024-08-29,440.96,441.06,437.59,439.8,3392605
2174,5,2024-08-30,443.62,444.18,441.62,443.48,3101911
2175,5,2024-09-02,447.96,450.9,446.61,449.01,6723932
2176,5,2024-09-03,436.88,437.12,433.83,435.86,2436603
2177,5,2024-09-04,432.79,435.84,432.3,434.12,1548614
2178,5,2024-09-05,435.03,436.0,433.74,434.73,4912930
2179,5,2024-09-06,447.29,449.62,446.81,446.83,3660558
2180,5,2024-09-09,449.09,451.43,448.82,449.68,7348616
2181,5,2024-09-10,445.63,446.81,443.47,446.75,3923342
2182,5,2024-09-11,455.71,456.9,454.34,455.43,6755723
2183,5,2024-09-12,454.93,457.37,454.11,455.52,7780742
2184,5,2024-09-13,465.06,467.19,461.16,463.66,4302205
2185,5,2024-09-16,452.87,453.96,451.15,451.23,4341532
2186,5,2024-09-17,459.67,462.11,455.46,458.12,7571347
2187,5,2024-09-18,466.31,466.67,464.44,465.37,7699349
2188,5,2024-09-19,488.71,489.61,484.64,486.87,6511172
2189,5,2024-09-20,480.09,482.44,477.55,482.01,2759617
2190,5,2024-09-23,481.96,484.27,481.37,483.58,1176251
2191,5,2024-09-24,485.59,486.68,482.87,484.25,3085338
2192,5,2024-09-25,497.61,499.77,495.52,497.72,7346247
2193,5,2024-09-26,490.48,492.73,489.39,489.67,1463767
2194,5,2024-09-27,476.42,476.8,473.21,475.41,7235159
2195,5,2024-09-30,481.24,482.66,481.03,481.53,4162319
2196,5,2024-10-01,469.95,471.61,468.43,469.05,5063917
2197,5,2024-10-02,469.58,472.51,467.86,470.18,6137633
2198,5,2024-10-03,463.87,465.67,461.95,462.34,1909779
2199,5,2024-10-04,464.11,466.53,462.92,464.7,2637230
2200,5,2024-10-07,473.18,475.94,473.08,473.61,7688845
2201,5,2024-10-08,470.03,472.38,468.03,469.34,1119803
2202,5,2024-10-09,472.65,472.94,469.51,471.95,6526626
2203,5,2024-10-10,479.89,481.0,478.3,479.6,4146045
2204,5,2024-10-11,482.18,483.34,478.19,480.41,2772158
2205,5,2024-10-14,480.38,482.69,478.68,479.98,3296189
2206,5,2024-10-15,492.34,493.43,490.76,492.44,3236463
2207,5,2024-10-16,498.32,499.46,496.17,498.19,1627904
2208,5,2024-10-17,473.23,476.51,471.56,473.85,1982097
2209,5,2024-10-18,479.2,479.51,478.39,479.37,1411635
2210,5,2024-10-21,466.71,467.78,464.22,466.75,5647907
2211,5,2024-10-22,466.1,469.16,464.59,466.86,1840461
2212,5,2024-10-23,474.17,474.76,473.25,474.71,5269870
2213,5,2024-10-24,466.58,470.39,465.89,468.32,1130351
2214,5,2024-10-25,462.55,466.08,460.79,464.06,3733254
2215,5,2024-10-28,461.53,462.2,458.55,460.83,6761884
2216,5,2024-10-29,483.85,485.37,481.62,482.95,1074021
2217,5,2024-10-30,481.6,483.44,477.23,479.77,3364347
2218,5,2024-10-31,485.34,485.57,480.79,483.48,6119502
2219,5,2024-11-01,483.82,484.56,480.19,482.08,7121940
2220,5,2024-11-04,484.48,485.74,482.84,483.17,1937327
2221,5,2024-11-05,482.95,485.43,482.19,482.9,6492155
2222,5,2024-11-06,490.01,491.89,487.77,490.5,3777092
2223,5,2024-11-07,489.56,492.41,487.78,490.43,7323098
2224,5,2024-11-08,476.03,476.81,474.19,475.35,640392
2225,5,2024-11-11,470.82,473.4,468.07,471.7,2886195
2226,5,2024-11-12,473.17,474.28,472.25,474.23,977918
2227,5,2024-11-13,472.51,474.18,469.49,471.28,2965640
2228,5,2024-11-14,484.09,487.22,484.05,484.52,3054469
2229,5,2024-11-15,479.22,481.5,478.62,479.37,5732940
2230,5,2024-11-18,487.96,488.71,487.19,487.29,6892187
2231,5,2024-11-19,499.91,500.94,499.04,499.66,7886514
2232,5,2024-11-20,496.82,498.21,495.88,497.34,5558760
2233,5,2024-11-21,508.54,510.98,507.22,509.9,7968693
2234,5,2024-11-22,510.56,515.51,508.86,512.52,4180676
2235,5,2024-11-25,513.24,516.63,510.63,514.76,1227348
2236,5,2024-11-26,534.59,538.98,532.76,535.8,1839668
2237,5,2024-11-27,546.11,547.43,543.75,545.09,6134606
2238,5,2024-11-28,559.3,561.68,558.23,559.66,3223810
2239,5,2024-11-29,578.55,581.19,575.33,576.43,4517202
2240,5,2024-12-02,589.48,593.03,587.73,589.99,3979354
2241,5,2024-12-03,597.64,598.27,594.59,595.62,4494992
2242,5,2024-12-04,584.73,587.13,584.12,585.5,7304606
2243,5,2024-12-05,576.57,577.99,572.19,574.39,5141569
2244,5,2024-12-06,583.04,586.9,579.54,584.73,4996761
2245,5,2024-12-09,581.35,583.04,579.37,582.17,4039351
2246,5,2024-12-10,555.5,558.57,553.03,557.33,7126343
2247,5,2024-12-11,551.99,554.81,549.86,550.39,3267982
2248,5,2024-12-12,541.93,542.5,537.27,540.31,7410392
2249,5,2024-12-13,538.69,539.36,535.51,537.0,2337852
2250,5,2024-12-16,544.93,548.16,541.87,544.48,7796039
2251,5,2024-12-17,540.43,541.5,537.0,539.98,1694499
2252,5,2024-12-18,540.07,543.35,540.05,540.23,742419
2253,5,2024-12-19,533.94,536.7,531.6,531.83,3628172
2254,5,2024-12-20,513.86,517.06,513.49,514.85,6324473
2255,5,2024-12-23,506.26,509.66,504.05,508.19,2697223
2256,5,2024-12-24,499.01,501.88,496.7,499.41,3225299
2257,5,2024-12-25,498.01,499.29,497.04,497.41,1594878
2258,5,2024-12-26,486.24,489.58,484.04,487.17,1338378
2259,5,2024-12-27,491.18,494.51,488.84,491.81,2075637
2260,5,2024-12-30,498.41,501.95,498.19,500.03,7243964
2261,5,2024-12-31,492.58,494.41,491.27,493.53,6405304
2262,5,2025-01-01,494.91,496.6,492.36,494.12,6209920
2263,5,2025-01-02,497.63,499.85,496.55,498.74,2684137
2264,5,2025-01-03,506.72,507.2,503.0,504.92,4064636
2265,5,2025-01-06,499.07,501.15,497.66,498.1,2692496
2266,5,2025-01-07,500.64,503.02,500.56,501.11,2087465
2267,5,2025-01-08,496.48,499.59,494.26,497.44,7970881
2268,5,2025-01-09,508.51,510.78,507.99,508.89,3081601
2269,5,2025-01-10,518.36,520.3,515.67,519.13,4139343
2270,5,2025-01-13,533.15,536.24,532.58,534.56,7228502
2271,5,2025-01-14,557.34,559.08,556.59,558.04,2587366
2272,5,2025-01-15,561.73,564.39,558.3,560.48,3173760
2273,5,2025-01-16,540.95,543.68,536.46,539.2,6373155
2274,5,2025-01-17,544.98,545.73,544.21,544.87,5481830
2275,5,2025-01-20,540.8,541.76,539.01,541.54,4510654
2276,5,2025-01-21,545.5,548.36,541.28,544.45,919810
2277,5,2025-01-22,536.9,540.34,534.68,537.95,5381054
2278,5,2025-01-23,534.14,537.45,532.68,535.23,801745
2279,5,2025-01-24,524.32,526.64,521.71,526.04,977517
2280,5,2025-01-27,520.37,522.0,518.51,518.7,2206896
2281,5,2025-01-28,508.22,510.01,505.84,508.37,2891437
2282,5,2025-01-29,502.96,503.55,502.07,502.42,1125396
2283,5,2025-01-30,505.18,507.81,503.45,506.33,4862851
2284,5,2025-01-31,518.85,519.2,514.6,517.36,6330468
2285,5,2025-02-03,523.81,525.25,523.33,523.33,6159201
2286,5,2025-02-04,540.06,541.66,539.05,539.62,4304697
2287,5,2025-02-05,515.26,518.77,514.49,516.09,2564662
2288,5,2025-02-06,514.55,515.5,512.94,514.3,7829217
2289,5,2025-02-07,523.87,527.7,522.4,524.63,1723481
2290,5,2025-02-10,519.42,522.58,518.47,521.23,7439715
2291,5,2025-02-11,509.11,509.67,506.57,508.95,6221394
2292,5,2025-02-12,512.58,515.3,511.59,513.76,4477996
2293,5,2025-02-13,520.69,522.48,519.76,520.24,1672907
2294,5,2025-02-14,526.37,528.85,522.57,525.25,5075924
2295,5,2025-02-17,540.63,542.75,536.01,538.56,6348161
2296,5,2025-02-18,558.06,562.22,556.48,559.09,6921781
2297,5,2025-02-19,556.75,558.68,554.27,557.5,3872809
2298,5,2025-02-20,562.73,564.39,561.32,563.06,6216670
2299,5,2025-02-21,540.73,543.98,537.56,541.36,6252864
2300,5,2025-02-24,554.02,558.51,553.33,556.16,5875045
2301,5,2025-02-25,552.95,556.36,551.87,553.73,4699791
2302,5,2025-02-26,561.91,563.99,560.21,563.26,6923025
2303,5,2025-02-27,568.66,571.1,566.2,569.46,4024038
2304,5,2025-02-28,576.65,576.81,572.22,574.49,5658507
2305,5,2025-03-03,583.78,586.94,582.47,584.81,1260799
2306,5,2025-03-04,579.15,580.1,577.22,578.5,7427045
2307,5,2025-03-05,584.23,585.37,580.35,583.06,3603330
2308,5,2025-03-06,585.33,587.49,584.28,586.96,1999957
2309,5,2025-03-07,594.33,597.05,593.06,593.99,4482706
2310,5,2025-03-10,597.49,598.56,594.72,598.49,1010029
2311,5,2025-03-11,601.67,605.66,598.41,602.57,3843802
2312,5,2025-03-12,588.0,588.65,584.55,586.19,3956027
2313,5,2025-03-13,579.51,580.4,575.97,578.56,673537
2314,5,2025-03-14,590.62,593.89,589.22,592.43,4147681
2315,5,2025-03-17,607.2,609.06,605.14,605.2,3779051
2316,5,2025-03-18,607.18,611.3,604.27,609.46,6426031
2317,5,2025-03-19,596.06,598.69,593.4,595.42,7806706
2318,5,2025-03-20,597.75,599.66,593.55,596.41,6847245
2319,5,2025-03-21,617.92,621.6,614.59,617.38,6253364
2320,5,2025-03-24,630.49,631.89,628.78,630.84,7104054
2321,5,2025-03-25,627.85,632.45,626.57,630.0,4457854
2322,5,2025-03-26,614.84,617.87,612.3,613.9,661126
2323,5,2025-03-27,614.69,614.76,612.25,613.08,3703622
2324,5,2025-03-28,611.63,613.63,609.15,612.81,2949644
2325,5,2025-03-31,598.64,600.71,596.08,597.35,7102338
2326,5,2025-04-01,603.58,604.13,599.02,601.81,2046081
2327,5,2025-04-02,603.64,606.69,600.32,603.14,4550571
2328,5,2025-04-03,607.91,609.11,604.56,605.71,2225778
2329,5,2025-04-04,608.0,609.36,604.59,608.37,2129268
2330,5,2025-04-07,616.94,618.16,613.61,617.65,3797307
2331,5,2025-04-08,623.11,626.17,620.34,623.39,3353124
2332,5,2025-04-09,614.03,615.77,613.27,614.29,3353786
2333,5,2025-04-10,614.91,619.89,612.24,616.51,1412778
2334,5,2025-04-11,613.56,614.01,610.51,612.31,5036363
2335,5,2025-04-14,611.07,616.2,608.13,612.58,3198938
2336,5,2025-04-15,602.07,603.65,600.42,603.25,554416
2337,5,2025-04-16,608.89,610.19,603.71,607.15,6774009
2338,5,2025-04-17,596.7,600.05,595.62,597.01,7997799
2339,5,2025-04-18,610.07,612.34,606.59,610.61,2560370
2340,5,2025-04-21,619.62,620.82,618.37,618.89,2367485
2341,5,2025-04-22,612.14,616.39,609.34,613.83,958860
2342,5,2025-04-23,613.33,616.51,609.42,611.85,3287780
2343,5,2025-04-24,605.0,610.0,601.5,606.59,6064750
2344,5,2025-04-25,611.66,612.32,606.92,610.14,1320436
2345,5,2025-04-28,616.22,619.49,612.86,617.18,2488860
2346,5,2025-04-29,627.68,631.53,626.43,628.58,7166153
2347,5,2025-04-30,653.45,653.63,649.82,651.3,4988806
2348,5,2025-05-01,656.81,657.44,656.62,656.68,7228915
2349,5,2025-05-02,684.35,688.44,680.31,686.48,6921053
2350,5,2025-05-05,707.16,707.73,704.39,706.95,5276414
2351,5,2025-05-06,704.16,704.7,699.13,701.89,3241870
2352,5,2025-05-07,716.06,719.14,713.36,715.41,6115391
2353,5,2025-05-08,719.22,721.4,715.16,720.84,2191638
2354,5,2025-05-09,711.92,714.72,710.2,714.31,7151884
2355,5,2025-05-12,720.1,724.78,718.68,721.92,7804675
2356,5,2025-05-13,728.96,731.24,725.46,727.98,7126871
2357,5,2025-05-14,728.31,731.66,725.78,728.77,7509683
2358,5,2025-05-15,719.47,726.08,717.8,722.16,860138
2359,5,2025-05-16,723.08,725.3,719.64,725.16,1714139
2360,5,2025-05-19,732.3,735.86,730.17,733.34,3079263
2361,5,2025-05-20,717.34,719.29,715.97,716.9,5159844
2362,5,2025-05-21,700.29,700.79,698.86,700.04,6263832
2363,5,2025-05-22,712.75,713.84,707.08,710.52,4155163
2364,5,2025-05-23,705.8,708.61,702.7,705.52,3067812
2365,5,2025-05-26,700.55,704.01,696.5,701.31,1446711
2366,5,2025-05-27,699.57,703.02,699.1,701.1,4628485
2367,5,2025-05-28,693.1,695.99,689.0,694.17,1122254
2368,5,2025-05-29,720.97,723.15,717.15,718.86,7559372
2369,5,2025-05-30,729.7,730.68,727.65,727.73,6000592
2370,5,2025-06-02,727.15,730.62,726.48,728.0,6949446
2371,5,2025-06-03,704.34,706.09,700.34,705.12,4481525
2372,5,2025-06-04,701.18,702.31,700.48,701.88,5257344
2373,5,2025-06-05,685.68,686.3,680.43,684.3,5072491
2374,5,2025-06-06,670.51,671.63,664.75,668.6,7616743
2375,5,2025-06-09,663.96,667.52,659.61,661.46,1520899
2376,5,2025-06-10,688.71,688.71,685.27,686.3,4668180
2377,5,2025-06-11,676.68,680.58,675.83,676.07,3577816
2378,5,2025-06-12,699.91,705.38,696.7,701.91,6552412
2379,5,2025-06-13,712.85,715.62,709.55,711.22,1950284
2380,5,2025-06-16,710.56,710.86,704.57,708.67,2571634
2381,5,2025-06-17,715.49,719.55,713.47,714.12,3825360
2382,5,2025-06-18,711.32,714.57,710.3,710.34,1379690
2383,5,2025-06-19,709.18,711.19,705.65,708.45,2741166
2384,5,2025-06-20,712.15,717.48,710.21,714.3,1028020
2385,5,2025-06-23,741.7,743.85,737.3,742.64,3361262
2386,5,2025-06-24,741.44,741.95,737.06,739.13,4887339
2387,5,2025-06-25,755.8,759.24,753.01,754.03,1272876
2388,5,2025-06-26,742.73,745.42,737.13,739.79,3219120
2389,5,2025-06-27,755.59,759.96,751.66,753.56,5285449
2390,5,2025-06-30,741.41,742.65,736.04,739.25,2568992
2391,5,2025-07-01,738.96,743.15,734.6,739.44,1123200
2392,5,2025-07-02,753.23,759.29,752.13,755.64,4212320
2393,5,2025-07-03,736.73,742.54,733.6,739.08,4705030
2394,5,2025-07-04,730.73,732.38,726.5,728.77,7439323
2395,5,2025-07-07,716.46,719.87,711.85,715.94,4817191
2396,5,2025-07-08,725.82,731.39,724.25,728.05,5544570
2397,5,2025-07-09,739.06,742.99,737.52,739.69,6411022
2398,5,2025-07-10,734.18,736.71,729.82,732.12,7551477
2399,5,2025-07-11,741.28,744.25,739.52,739.63,4751974
2400,5,2025-07-14,719.97,726.82,719.54,722.72,7405022
2401,5,2025-07-15,731.84,732.95,726.22,729.8,3080372
2402,5,2025-07-16,712.73,713.79,708.14,710.04,858493
2403,5,2025-07-17,671.23,675.71,670.39,672.51,6281066
2404,5,2025-07-18,682.73,684.05,680.83,682.47,3114043
2405,5,2025-07-21,694.26,695.65,689.72,692.28,6048944
2406,5,2025-07-22,672.37,673.29,667.23,670.57,1259736
2407,5,2025-07-23,666.87,669.86,666.12,667.87,3370222
2408,5,2025-07-24,650.06,654.05,648.69,651.28,6544231
2409,5,2025-07-25,669.64,670.93,666.74,667.18,4863851
2410,5,2025-07-28,657.38,660.15,653.04,655.24,6175779
2411,5,2025-07-29,645.02,645.79,643.67,644.02,4984770
2412,5,2025-07-30,643.48,645.04,640.53,641.54,5869160
2413,5,2025-07-31,632.61,633.01,626.87,630.49,6609298
2414,5,2025-08-01,630.4,631.51,626.3,628.45,1116587
2415,5,2025-08-04,638.63,643.09,636.07,640.98,2553412
2416,5,2025-08-05,641.22,644.45,637.44,641.25,2340138
2417,5,2025-08-06,642.61,644.13,641.68,644.08,655804
2418,5,2025-08-07,661.54,664.86,659.3,660.95,4634196
2419,5,2025-08-08,651.91,654.18,647.65,650.1,7164531
2420,5,2025-08-11,647.88,650.78,642.67,645.41,7864371
2421,5,2025-08-12,648.04,652.21,644.39,648.71,2901160
2422,5,2025-08-13,639.67,644.08,639.15,640.4,6949585
2423,5,2025-08-14,649.55,650.05,645.53,649.35,6381639
2424,5,2025-08-15,648.94,650.8,647.69,648.91,6554401
2425,5,2025-08-18,635.53,637.99,632.32,634.42,7888078
2426,5,2025-08-19,623.47,625.79,623.27,623.64,5141044
2427,5,2025-08-20,614.14,614.78,609.87,611.93,4692470
2428,5,2025-08-21,610.26,613.71,607.09,612.43,1609100
2429,5,2025-08-22,612.12,614.21,607.57,611.05,5958203
2430,5,2025-08-25,608.69,610.49,605.09,607.66,7570611
2431,5,2025-08-26,615.3,617.52,612.81,615.53,2978999
2432,5,2025-08-27,615.51,618.74,611.67,615.16,1581748
2433,5,2025-08-28,598.34,599.25,596.15,599.23,5840852
2434,5,2025-08-29,594.82,595.92,591.33,595.5,5103878
2435,5,2025-09-01,579.81,580.67,576.64,578.73,6191157
2436,5,2025-09-02,574.39,576.5,572.16,575.87,4212312
2437,5,2025-09-03,581.49,583.49,576.12,579.42,3405883
2438,5,2025-09-04,582.34,585.21,581.86,582.77,3074715
2439,5,2025-09-05,592.13,595.25,589.38,591.15,1884247
2440,5,2025-09-08,596.61,597.89,593.08,597.08,5247554
2441,5,2025-09-09,587.89,587.96,585.64,587.78,7865075
2442,5,2025-09-10,600.87,604.34,600.26,602.99,7726998
2443,5,2025-09-11,601.7,602.35,598.43,602.25,4725235
2444,5,2025-09-12,604.08,607.54,601.67,602.35,5156542
2445,5,2025-09-15,605.05,608.97,601.74,605.8,4997887
2446,5,2025-09-16,613.42,616.7,610.46,613.05,7097539
2447,5,2025-09-17,617.68,617.79,615.96,616.1,4531923
2448,5,2025-09-18,624.33,627.86,619.04,622.05,2837490
2449,5,2025-09-19,618.1,621.61,614.76,619.68,4232382
2450,5,2025-09-22,630.49,634.26,626.49,629.97,7533636
2451,5,2025-09-23,642.57,644.87,642.12,643.15,4658463
2452,5,2025-09-24,636.3,638.53,635.39,637.13,6631891
2453,5,2025-09-25,641.12,645.37,637.57,641.84,6581805
2454,5,2025-09-26,655.18,657.96,649.75,653.04,1240852
2455,5,2025-09-29,635.22,638.15,633.03,636.14,4489442
2456,5,2025-09-30,633.8,636.42,633.04,634.34,2902373
2457,5,2025-10-01,629.69,631.3,625.82,627.46,1117916
2458,5,2025-10-02,627.78,630.57,625.66,630.18,5072474
2459,5,2025-10-03,619.64,622.51,615.71,618.31,4456625
2460,5,2025-10-06,648.81,654.9,647.62,651.2,4906023
2461,5,2025-10-07,664.14,667.08,661.26,663.39,854056
2462,5,2025-10-08,653.92,655.69,650.13,654.95,893264
2463,5,2025-10-09,667.47,669.57,665.49,666.2,3281179
2464,5,2025-10-10,645.84,649.37,644.43,644.81,7624732
2465,5,2025-10-13,657.16,660.22,656.35,659.41,5303158
2466,5,2025-10-14,645.49,651.59,644.69,648.0,5670421
2467,5,2025-10-15,647.97,652.49,644.74,649.32,7883014
2468,5,2025-10-16,651.64,654.87,647.67,649.11,6783404
2469,5,2025-10-17,654.3,658.26,650.84,655.63,3671304
2470,5,2025-10-20,658.13,661.54,655.28,657.75,2036572
2471,5,2025-10-21,670.84,674.84,669.16,672.06,3602298
2472,5,2025-10-22,657.56,662.3,654.34,658.73,4161623
2473,5,2025-10-23,645.06,648.29,643.32,645.59,5472222
2474,5,2025-10-24,634.9,638.74,634.46,636.31,7266628
2475,5,2025-10-27,628.47,632.9,627.51,629.34,5606792
2476,5,2025-10-28,632.33,633.84,628.13,630.16,2635286
2477,5,2025-10-29,623.64,628.64,620.34,625.55,7626568
2478,5,2025-10-30,623.82,625.68,623.07,623.55,7966688
2479,5,2025-10-31,617.2,621.64,616.52,618.55,6219060
2480,5,2025-11-03,621.4,622.3,617.59,619.88,3785814
2481,5,2025-11-04,627.25,633.09,624.37,629.57,1917270
2482,5,2025-11-05,640.32,643.03,638.14,641.81,7614420
2483,5,2025-11-06,628.86,630.18,625.99,626.74,5331013
2484,5,2025-11-07,649.7,650.86,648.56,650.26,977370
2485,5,2025-11-10,654.5,656.23,650.26,653.68,1020371
2486,5,2025-11-11,659.72,663.17,657.52,661.07,1575225
2487,5,2025-11-12,666.33,667.97,663.22,665.35,5139396
2488,5,2025-11-13,663.0,668.48,661.53,664.76,1576148
2489,5,2025-11-14,671.37,674.28,668.1,672.01,6265215
2490,5,2025-11-17,675.63,678.6,673.08,677.69,4727290
2491,5,2025-11-18,696.08,699.99,691.11,693.8,2618513
2492,5,2025-11-19,702.87,704.77,699.07,702.22,5621608
2493,5,2025-11-20,696.43,698.33,689.89,693.72,1648534
2494,5,2025-11-21,686.78,688.27,685.99,686.58,5278199
2495,5,2025-11-24,704.51,708.24,700.16,701.71,657028
2496,5,2025-11-25,733.22,733.85,729.41,731.43,5830143
2497,5,2025-11-26,722.09,726.3,720.56,722.65,7564108
2498,5,2025-11-27,720.14,722.4,716.97,720.59,3829196
2499,5,2025-11-28,710.52,713.22,707.44,711.52,2044363
2500,5,2025-12-01,718.08,720.53,717.24,719.71,7052046
2501,6,2024-01-02,275.77,277.03,274.98,275.66,5330000
2502,6,2024-01-03,267.89,268.74,267.72,268.51,5391780
2503,6,2024-01-04,266.34,267.34,265.67,265.76,2128836
2504,6,2024-01-05,274.56,274.81,273.81,274.44,4381256
2505,6,2024-01-08,277.23,277.87,275.69,276.8,2549899
2506,6,2024-01-09,282.33,283.28,281.51,281.77,3514073
2507,6,2024-01-10,282.33,283.33,280.86,282.53,1479163
2508,6,2024-01-11,280.28,280.81,277.75,279.32,5092436
2509,6,2024-01-12,278.85,280.17,278.32,278.46,565015
2510,6,2024-01-15,269.13,269.22,266.98,268.36,2849704
2511,6,2024-01-16,270.34,271.44,268.98,271.1,3222050
2512,6,2024-01-17,270.17,271.11,267.95,269.28,4063154
2513,6,2024-01-18,267.37,269.12,265.92,268.22,1640126
2514,6,2024-01-19,264.3,265.33,263.32,264.48,1687103
2515,6,2024-01-22,260.5,261.58,258.09,259.5,7820935
2516,6,2024-01-23,258.22,258.45,257.19,257.88,6167551
2517,6,2024-01-24,260.71,261.23,260.68,260.96,5660911
2518,6,2024-01-25,265.18,266.66,263.58,264.51,1863752
2519,6,2024-01-26,275.5,276.44,273.06,274.52,7908614
2520,6,2024-01-29,267.34,267.45,266.3,266.51,2750784
2521,6,2024-01-30,265.5,266.76,263.4,264.46,7711813
2522,6,2024-01-31,265.84,267.36,264.33,266.23,1123045
2523,6,2024-02-01,258.45,260.84,257.8,259.45,1767951
2524,6,2024-02-02,255.22,255.51,254.07,254.5,4403237
2525,6,2024-02-05,260.01,260.1,258.8,259.17,2799770
2526,6,2024-02-06,256.43,257.2,256.36,256.53,6124982
2527,6,2024-02-07,256.07,257.78,255.86,256.93,7836864
2528,6,2024-02-08,252.15,253.26,251.87,251.9,3355033
2529,6,2024-02-09,254.7,256.68,253.63,255.64,3017261
2530,6,2024-02-12,253.8,255.1,252.0,253.19,3553962
2531,6,2024-02-13,247.74,248.56,246.58,247.31,2500043
2532,6,2024-02-14,257.15,258.57,256.17,256.3,5496669
2533,6,2024-02-15,253.3,255.32,252.08,254.09,1302872
2534,6,2024-02-16,258.24,259.71,258.0,259.13,6510927
2535,6,2024-02-19,259.87,260.91,258.61,260.89,7026196
2536,6,2024-02-20,251.99,252.23,250.81,251.76,7035120
2537,6,2024-02-21,243.46,243.61,242.73,242.9,5781107
2538,6,2024-02-22,244.56,246.25,244.44,245.15,1187779
2539,6,2024-02-23,246.17,246.52,245.53,245.6,1095589
2540,6,2024-02-26,245.21,246.35,244.51,245.57,1979748
2541,6,2024-02-27,251.02,252.09,250.01,251.66,6987561
2542,6,2024-02-28,250.39,251.55,250.38,251.27,1818881
2543,6,2024-02-29,252.25,253.72,251.11,252.17,5771510
2544,6,2024-03-01,253.78,254.93,253.29,254.64,7939853
2545,6,2024-03-04,258.32,259.25,257.35,258.13,2640522
2546,6,2024-03-05,263.69,265.15,262.52,263.84,4479131
2547,6,2024-03-06,256.4,258.07,256.3,256.91,970872
2548,6,2024-03-07,246.65,248.04,245.73,246.96,6632776
2549,6,2024-03-08,254.1,254.12,252.53,253.66,1161737
2550,6,2024-03-11,257.67,259.08,256.93,257.49,5608106
2551,6,2024-03-12,256.34,258.12,255.64,256.82,6066444
2552,6,2024-03-13,255.33,256.14,254.16,255.37,2851060
2553,6,2024-03-14,258.62,258.69,257.9,258.44,3987086
2554,6,2024-03-15,258.43,259.94,257.12,258.51,7792070
2555,6,2024-03-18,248.79,249.1,247.67,248.89,3646978
2556,6,2024-03-19,250.19,251.35,249.71,251.14,7923216
2557,6,2024-03-20,247.18,249.33,246.2,248.15,1795849
2558,6,2024-03-21,245.08,245.35,244.76,244.9,3434687
2559,6,2024-03-22,246.38,247.91,245.94,247.33,7663968
2560,6,2024-03-25,250.78,251.12,249.95,250.68,5927969
2561,6,2024-03-26,240.12,242.17,240.03,240.77,7710795
2562,6,2024-03-27,244.31,245.63,243.61,245.16,2669913
2563,6,2024-03-28,246.82,247.44,246.2,246.22,2810057
2564,6,2024-03-29,256.17,257.85,255.12,256.88,3717480
2565,6,2024-04-01,258.26,259.84,257.01,258.71,6980731
2566,6,2024-04-02,260.23,262.01,260.13,260.5,3853086
2567,6,2024-04-03,257.44,258.16,256.09,257.8,2844027
2568,6,2024-04-04,260.33,261.85,258.24,259.47,4662468
2569,6,2024-04-05,255.22,256.04,254.73,255.85,5245112
2570,6,2024-04-08,254.96,255.31,253.1,254.0,2277634
2571,6,2024-04-09,256.27,256.36,255.48,256.33,1216869
2572,6,2024-04-10,252.08,253.02,251.45,251.57,4182053
2573,6,2024-04-11,244.93,245.32,243.38,244.04,6330749
2574,6,2024-04-12,239.12,239.51,238.36,238.56,6858295
2575,6,2024-04-15,241.91,242.38,240.46,241.65,4119148
2576,6,2024-04-16,242.23,243.31,241.76,242.92,7889634
2577,6,2024-04-17,239.33,240.25,237.34,238.71,4981903
2578,6,2024-04-18,234.81,236.56,233.78,235.53,1962073
2579,6,2024-04-19,237.2,237.8,235.49,236.65,581855
2580,6,2024-04-22,232.97,233.62,232.94,233.42,5387262
2581,6,2024-04-23,233.56,234.9,233.35,233.63,5194174
2582,6,2024-04-24,232.11,232.93,230.95,232.0,1308086
2583,6,2024-04-25,231.97,232.6,231.36,231.59,1464017
2584,6,2024-04-26,235.83,236.01,233.75,234.97,4644313
2585,6,2024-04-29,232.96,233.73,231.67,232.55,5347462
2586,6,2024-04-30,235.11,235.76,233.93,235.3,759004
2587,6,2024-05-01,234.38,235.63,234.18,234.26,5879526
2588,6,2024-05-02,238.96,239.75,238.86,239.66,1636774
2589,6,2024-05-03,229.12,230.65,227.78,229.61,3036185
2590,6,2024-05-06,228.13,229.31,227.45,228.28,4588335
2591,6,2024-05-07,222.36,222.75,221.26,222.54,6607731
2592,6,2024-05-08,221.64,221.88,220.42,221.73,2455660
2593,6,2024-05-09,222.29,222.36,221.06,222.19,2191399
2594,6,2024-05-10,227.17,228.3,226.85,228.0,1644730
2595,6,2024-05-13,231.07,232.45,230.14,231.4,644417
2596,6,2024-05-14,228.39,229.06,226.99,227.91,5728435
2597,6,2024-05-15,227.03,227.31,226.07,226.86,553642
2598,6,2024-05-16,226.94,227.73,226.08,226.58,7239342
2599,6,2024-05-17,228.17,229.42,227.08,228.1,2610628
2600,6,2024-05-20,230.71,231.42,230.39,230.61,2011894
2601,6,2024-05-21,227.45,228.12,227.29,227.76,2640362
2602,6,2024-05-22,224.67,226.34,223.8,225.52,4338538
2603,6,2024-05-23,222.63,224.52,221.63,223.44,7056757
2604,6,2024-05-24,224.41,225.72,223.41,224.95,6746972
2605,6,2024-05-27,221.72,222.2,221.08,221.15,5195882
2606,6,2024-05-28,213.96,215.09,213.52,213.84,4333245
2607,6,2024-05-29,212.38,213.35,211.75,212.93,5899565
2608,6,2024-05-30,215.86,216.46,214.98,215.49,6153939
2609,6,2024-05-31,219.62,220.67,218.58,219.45,7533688
2610,6,2024-06-03,216.64,217.51,216.64,217.37,733999
2611,6,2024-06-04,217.61,218.0,217.03,218.0,5965611
2612,6,2024-06-05,219.06,219.19,217.77,218.25,5343290
2613,6,2024-06-06,224.45,225.06,223.57,224.68,2731024
2614,6,2024-06-07,222.72,223.71,222.53,223.55,3926957
2615,6,2024-06-10,234.88,235.05,233.21,234.1,7643187
2616,6,2024-06-11,229.74,230.95,227.92,229.2,1809359
2617,6,2024-06-12,234.23,235.56,233.25,234.32,2548509
2618,6,2024-06-13,237.88,239.6,237.79,238.8,5688511
2619,6,2024-06-14,239.57,239.86,238.95,239.8,3992761
2620,6,2024-06-17,243.49,244.15,242.18,244.13,5424575
2621,6,2024-06-18,253.33,254.42,252.59,252.9,2504633
2622,6,2024-06-19,250.98,252.43,250.35,250.64,5672564
2623,6,2024-06-20,255.31,257.11,254.0,256.25,4692082
2624,6,2024-06-21,242.54,243.69,241.11,242.15,6068944
2625,6,2024-06-24,241.54,242.99,240.75,241.8,3299505
2626,6,2024-06-25,244.48,245.55,242.91,243.7,2905334
2627,6,2024-06-26,241.06,241.6,239.49,240.91,6254849
2628,6,2024-06-27,236.91,238.54,235.65,237.58,5567830
2629,6,2024-06-28,227.77,228.88,227.59,228.53,7435393
2630,6,2024-07-01,234.62,235.26,233.59,234.35,5602532
2631,6,2024-07-02,238.2,239.6,237.2,237.4,3062374
2632,6,2024-07-03,235.23,236.28,233.78,234.98,4802694
2633,6,2024-07-04,243.11,243.68,241.28,242.48,7105422
2634,6,2024-07-05,242.4,243.19,240.7,241.45,4815984
2635,6,2024-07-08,242.22,243.3,240.38,241.37,6407931
2636,6,2024-07-09,246.92,247.42,245.68,246.94,3299915
2637,6,2024-07-10,252.65,252.99,251.48,252.01,3559988
2638,6,2024-07-11,250.46,250.62,249.0,249.96,3902405
2639,6,2024-07-12,254.24,254.88,253.03,254.87,4283833
2640,6,2024-07-15,245.78,246.76,245.67,246.55,7625829
2641,6,2024-07-16,247.5,248.31,246.72,246.86,6608707
2642,6,2024-07-17,250.52,251.52,250.33,251.47,1892855
2643,6,2024-07-18,251.34,253.28,250.71,251.84,3181357
2644,6,2024-07-19,250.01,251.25,249.56,250.2,3408104
2645,6,2024-07-22,251.69,252.42,250.59,251.51,814061
2646,6,2024-07-23,256.21,256.27,255.71,256.22,732802
2647,6,2024-07-24,253.27,254.33,253.12,253.51,5664433
2648,6,2024-07-25,245.19,245.71,243.53,244.96,4177313
2649,6,2024-07-26,246.23,247.6,245.53,246.26,4578012
2650,6,2024-07-29,245.73,247.62,244.67,246.55,7417331
2651,6,2024-07-30,239.05,240.96,239.0,239.55,2823601
2652,6,2024-07-31,242.18,243.42,241.33,241.64,3579553
2653,6,2024-08-01,244.7,245.85,242.63,244.0,3833224
2654,6,2024-08-02,244.23,244.91,243.2,244.22,3411335
2655,6,2024-08-05,249.11,250.89,248.06,250.01,4183242
2656,6,2024-08-06,247.91,248.35,246.87,247.11,2677149
2657,6,2024-08-07,245.47,247.38,245.17,246.15,4146855
2658,6,2024-08-08,247.11,249.24,245.91,248.09,7290574
2659,6,2024-08-09,247.73,248.86,246.71,248.36,6841538
2660,6,2024-08-12,246.58,247.77,245.54,247.11,7337413
2661,6,2024-08-13,249.63,251.05,248.31,249.15,3785729
2662,6,2024-08-14,250.43,251.75,250.4,250.69,4438814
2663,6,2024-08-15,247.78,249.27,247.36,248.56,4679611
2664,6,2024-08-16,242.53,242.78,242.15,242.68,7614965
2665,6,2024-08-19,240.8,242.11,238.73,239.99,1407581
2666,6,2024-08-20,242.83,244.32,241.86,243.49,3845765
2667,6,2024-08-21,247.33,247.9,246.16,247.8,1891326
2668,6,2024-08-22,247.62,248.62,247.27,247.79,1605404
2669,6,2024-08-23,251.53,252.6,250.34,252.51,1345644
2670,6,2024-08-26,258.19,259.09,257.83,257.85,7102884
2671,6,2024-08-27,265.5,266.78,264.44,264.74,4060696
2672,6,2024-08-28,272.92,273.13,272.28,272.96,5250474
2673,6,2024-08-29,263.74,264.69,262.93,264.48,6958891
2674,6,2024-08-30,261.45,263.17,259.9,262.36,4746180
2675,6,2024-09-02,263.31,263.88,262.24,262.59,2468513
2676,6,2024-09-03,269.63,271.29,268.22,270.59,6354739
2677,6,2024-09-04,278.79,279.44,276.82,277.83,7002015
2678,6,2024-09-05,279.77,279.98,278.19,279.22,6428506
2679,6,2024-09-06,285.43,285.7,283.83,284.85,2657207
2680,6,2024-09-09,280.8,281.53,280.14,280.19,997504
2681,6,2024-09-10,288.62,290.55,287.98,289.44,3449505
2682,6,2024-09-11,295.03,296.54,293.41,295.12,2776226
2683,6,2024-09-12,290.15,292.25,289.26,290.6,3395703
2684,6,2024-09-13,290.53,291.73,288.46,289.67,7425904
2685,6,2024-09-16,283.88,284.68,283.56,283.71,4172566
2686,6,2024-09-17,278.84,280.06,277.78,279.19,2386947
2687,6,2024-09-18,278.36,279.69,277.83,278.83,7293581
2688,6,2024-09-19,283.81,284.77,282.29,282.89,2797607
2689,6,2024-09-20,285.59,286.25,284.87,285.8,5443333
2690,6,2024-09-23,280.97,282.47,280.13,280.37,6274317
2691,6,2024-09-24,278.0,279.22,277.47,278.31,6485229
2692,6,2024-09-25,285.92,286.22,284.49,285.74,7071092
2693,6,2024-09-26,284.24,285.65,283.27,283.58,5356080
2694,6,2024-09-27,281.02,281.44,280.2,281.02,2530553
2695,6,2024-09-30,274.62,276.4,274.21,275.4,7748852
2696,6,2024-10-01,273.62,275.23,272.93,272.94,1916960
2697,6,2024-10-02,283.24,285.02,282.24,283.34,2578187
2698,6,2024-10-03,278.88,279.21,278.64,278.73,3707804
2699,6,2024-10-04,285.47,286.18,285.26,285.52,1858285
2700,6,2024-10-07,284.51,286.19,284.41,284.82,6853810
2701,6,2024-10-08,283.28,285.14,281.71,283.81,5650432
2702,6,2024-10-09,289.56,291.8,288.58,290.25,573920
2703,6,2024-10-10,286.01,287.26,285.61,286.52,5137339
2704,6,2024-10-11,292.93,293.4,291.8,292.77,6805759
2705,6,2024-10-14,296.3,297.13,294.87,296.74,6688395
2706,6,2024-10-15,301.65,303.48,299.92,302.37,1183833
2707,6,2024-10-16,301.01,302.44,300.83,301.56,6840367
2708,6,2024-10-17,285.99,287.42,285.7,286.63,1801573
2709,6,2024-10-18,286.58,287.71,285.58,287.18,4997872
2710,6,2024-10-21,289.43,290.06,289.26,289.69,1114978
2711,6,2024-10-22,289.02,289.69,287.41,288.47,3351219
2712,6,2024-10-23,283.2,283.66,281.61,283.11,4186398
2713,6,2024-10-24,284.32,285.58,283.27,284.73,6786642
2714,6,2024-10-25,279.01,279.63,277.59,278.77,5007151
2715,6,2024-10-28,277.96,278.3,276.8,277.32,3538267
2716,6,2024-10-29,272.25,273.27,271.87,272.8,5003267
2717,6,2024-10-30,272.76,273.16,270.68,271.82,3891843
2718,6,2024-10-31,272.76,273.4,271.55,272.11,3357281
2719,6,2024-11-01,265.22,265.36,263.95,264.35,2214176
2720,6,2024-11-04,264.59,266.46,263.83,264.87,1764062
2721,6,2024-11-05,269.33,270.64,267.75,269.12,7843711
2722,6,2024-11-06,263.38,264.86,263.23,263.66,7368874
2723,6,2024-11-07,268.89,269.99,267.39,269.87,3898256
2724,6,2024-11-08,273.61,275.47,273.15,274.06,7369721
2725,6,2024-11-11,274.75,275.14,274.56,274.71,891099
2726,6,2024-11-12,279.38,280.7,277.44,279.04,7561315
2727,6,2024-11-13,282.96,284.48,281.57,281.97,6557965
2728,6,2024-11-14,287.07,289.01,286.96,287.77,1261327
2729,6,2024-11-15,288.33,290.01,287.02,289.2,5924063
2730,6,2024-11-18,285.52,287.92,285.1,286.32,565598
2731,6,2024-11-19,291.85,291.88,290.93,291.82,926375
2732,6,2024-11-20,284.02,284.93,283.75,284.85,1492182
2733,6,2024-11-21,291.39,291.88,290.79,291.22,1813587
2734,6,2024-11-22,282.84,284.15,281.75,283.72,6158852
2735,6,2024-11-25,287.2,289.15,285.82,288.35,5581440
2736,6,2024-11-26,290.27,291.46,289.57,290.51,4437880
2737,6,2024-11-27,302.43,303.88,301.13,302.78,6120074
2738,6,2024-11-28,300.41,301.35,299.07,299.8,4273644
2739,6,2024-11-29,289.47,291.19,288.83,290.15,2738316
2740,6,2024-12-02,290.5,291.22,289.6,290.26,3302175
2741,6,2024-12-03,287.86,289.74,286.76,288.98,1603776
2742,6,2024-12-04,293.11,294.5,290.94,292.26,5368034
2743,6,2024-12-05,289.96,291.48,289.2,291.09,4150818
2744,6,2024-12-06,294.82,295.72,293.26,294.9,3974744
2745,6,2024-12-09,294.56,296.15,291.88,293.51,2715635
2746,6,2024-12-10,293.42,295.29,292.74,294.47,5400740
2747,6,2024-12-11,287.69,288.91,286.87,288.03,7504828
2748,6,2024-12-12,291.82,292.66,290.35,290.97,1951094
2749,6,2024-12-13,295.0,295.26,292.59,293.85,2522064
2750,6,2024-12-16,291.33,292.83,290.42,292.44,681048
2751,6,2024-12-17,284.71,285.86,284.22,284.8,881872
2752,6,2024-12-18,290.16,290.38,289.36,290.12,4156376
2753,6,2024-12-19,290.99,292.26,289.35,290.34,1004668
2754,6,2024-12-20,290.1,291.73,288.37,289.02,5454621
2755,6,2024-12-23,280.85,281.61,279.31,281.37,1198922
2756,6,2024-12-24,284.19,285.13,284.12,284.46,2771827
2757,6,2024-12-25,287.94,288.66,286.35,287.78,1637348
2758,6,2024-12-26,287.0,287.44,285.31,286.89,504252
2759,6,2024-12-27,295.78,297.19,295.66,296.33,4012299
2760,6,2024-12-30,301.85,303.53,299.8,300.69,1099771
2761,6,2024-12-31,289.84,291.54,288.09,289.56,7667513
2762,6,2025-01-01,291.9,293.44,290.34,292.46,6607853
2763,6,2025-01-02,288.85,290.0,287.34,288.78,4923346
2764,6,2025-01-03,296.03,297.46,294.22,295.6,2339724
2765,6,2025-01-06,297.41,299.63,296.87,297.95,7795708
2766,6,2025-01-07,293.95,294.04,291.76,292.8,6512553
2767,6,2025-01-08,292.55,294.03,292.04,292.42,7671325
2768,6,2025-01-09,302.23,302.6,302.05,302.32,4566569
2769,6,2025-01-10,296.38,297.16,296.24,296.57,1718341
2770,6,2025-01-13,303.29,305.03,303.17,303.34,2854677
2771,6,2025-01-14,308.7,308.98,307.05,307.92,729466
2772,6,2025-01-15,305.29,305.51,303.79,304.22,7093293
2773,6,2025-01-16,290.74,291.45,289.06,290.54,2648506
2774,6,2025-01-17,291.57,291.85,291.03,291.31,2953571
2775,6,2025-01-20,288.87,291.23,288.86,289.84,4552778
2776,6,2025-01-21,291.44,291.62,289.74,291.46,6560738
2777,6,2025-01-22,280.7,282.12,280.47,281.82,7877757
2778,6,2025-01-23,269.02,270.41,267.68,269.31,3179378
2779,6,2025-01-24,268.98,269.52,268.08,268.14,4871476
2780,6,2025-01-27,268.67,269.66,266.3,267.62,1941861
2781,6,2025-01-28,271.09,271.26,269.06,270.02,5115763
2782,6,2025-01-29,274.41,275.78,273.88,274.35,987068
2783,6,2025-01-30,271.74,272.88,271.27,271.43,5048626
2784,6,2025-01-31,269.58,269.63,267.8,269.17,5487564
2785,6,2025-02-03,265.96,267.08,265.5,266.27,5792430
2786,6,2025-02-04,257.93,259.38,257.56,258.13,7884490
2787,6,2025-02-05,256.18,256.94,255.94,256.71,1095898
2788,6,2025-02-06,260.81,260.99,260.45,260.62,3866901
2789,6,2025-02-07,262.36,263.44,260.88,261.79,5889803
2790,6,2025-02-10,263.23,263.56,262.21,263.36,7569340
2791,6,2025-02-11,258.37,258.7,256.74,257.47,753770
2792,6,2025-02-12,254.87,255.87,254.77,255.57,735346
2793,6,2025-02-13,257.13,258.54,256.11,257.77,3481172
2794,6,2025-02-14,255.46,255.96,254.83,255.04,2951811
2795,6,2025-02-17,259.44,261.25,258.56,259.82,5748914
2796,6,2025-02-18,257.87,260.11,256.39,258.89,3618507
2797,6,2025-02-19,244.42,246.41,244.07,245.11,5029413
2798,6,2025-02-20,247.18,248.52,245.21,246.28,3634026
2799,6,2025-02-21,247.6,248.78,246.62,247.18,520529
2800,6,2025-02-24,240.99,242.22,240.27,241.02,2082963
2801,6,2025-02-25,238.4,239.12,237.19,237.95,7171897
2802,6,2025-02-26,244.45,245.34,242.59,243.48,3762032
2803,6,2025-02-27,250.95,252.13,250.13,251.04,4540941
2804,6,2025-02-28,249.12,249.18,248.11,248.61,3555022
2805,6,2025-03-03,243.11,244.44,241.75,243.16,7355789
2806,6,2025-03-04,237.89,238.22,237.23,237.68,4931702
2807,6,2025-03-05,234.61,234.67,234.01,234.33,7282853
2808,6,2025-03-06,235.06,235.9,234.31,235.52,804081
2809,6,2025-03-07,239.82,240.64,238.44,240.02,6517933
2810,6,2025-03-10,238.27,239.86,237.48,238.7,3625662
2811,6,2025-03-11,228.7,229.58,227.75,228.17,5001837
2812,6,2025-03-12,227.31,229.48,227.02,228.13,5459664
2813,6,2025-03-13,227.24,229.08,226.48,227.73,2964405
2814,6,2025-03-14,229.86,230.14,228.84,229.78,1097576
2815,6,2025-03-17,222.95,223.99,221.95,223.81,2436449
2816,6,2025-03-18,216.38,217.26,215.57,216.11,7294659
2817,6,2025-03-19,216.15,218.06,215.74,216.84,4567396
2818,6,2025-03-20,219.24,219.33,217.86,219.15,7049158
2819,6,2025-03-21,218.96,220.44,217.92,219.42,7582729
2820,6,2025-03-24,220.05,220.2,218.64,219.23,1410792
2821,6,2025-03-25,219.93,220.16,219.05,219.99,2587254
2822,6,2025-03-26,212.5,214.22,212.05,213.22,3409105
2823,6,2025-03-27,217.12,218.3,215.92,216.73,7770665
2824,6,2025-03-28,226.0,227.34,225.3,225.52,3065758
2825,6,2025-03-31,218.9,220.74,217.91,219.44,3135369
2826,6,2025-04-01,218.4,219.19,217.4,218.68,1276770
2827,6,2025-04-02,211.09,211.82,210.28,211.58,6300975
2828,6,2025-04-03,211.52,211.61,209.84,211.1,2200633
2829,6,2025-04-04,206.53,207.5,206.05,206.54,5318955
2830,6,2025-04-07,199.28,199.81,198.74,199.76,527913
2831,6,2025-04-08,193.94,194.69,192.78,193.27,6781393
2832,6,2025-04-09,202.22,203.27,201.36,201.46,6822667
2833,6,2025-04-10,197.07,197.83,196.48,197.67,7971017
2834,6,2025-04-11,195.53,195.93,194.45,195.18,743600
2835,6,2025-04-14,196.51,197.78,196.17,196.81,6939926
2836,6,2025-04-15,193.52,194.56,192.4,194.21,1526896
2837,6,2025-04-16,193.56,194.49,193.08,194.1,1057979
2838,6,2025-04-17,197.62,197.71,197.2,197.57,2748651
2839,6,2025-04-18,207.28,208.45,206.19,207.56,7485577
2840,6,2025-04-21,209.3,210.37,208.67,209.13,1213679
2841,6,2025-04-22,209.54,209.77,208.63,208.9,6502786
2842,6,2025-04-23,211.88,212.69,210.81,212.34,4626562
2843,6,2025-04-24,205.6,206.28,204.38,205.09,5678616
2844,6,2025-04-25,202.95,203.96,202.59,203.28,7214943
2845,6,2025-04-28,204.05,204.56,202.56,203.37,2517861
2846,6,2025-04-29,201.65,202.46,200.5,202.38,4912281
2847,6,2025-04-30,205.64,206.14,204.97,205.69,2482116
2848,6,2025-05-01,208.53,209.23,207.39,208.38,1115066
2849,6,2025-05-02,211.23,212.32,210.31,211.11,626341
2850,6,2025-05-05,215.48,216.88,215.26,215.97,7679686
2851,6,2025-05-06,219.94,219.95,218.39,219.08,2549858
2852,6,2025-05-07,216.11,217.11,215.36,215.6,4606728
2853,6,2025-05-08,218.45,218.7,217.47,218.16,3082009
2854,6,2025-05-09,219.05,219.99,217.85,219.21,2657470
2855,6,2025-05-12,218.67,219.89,217.82,219.33,4232579
2856,6,2025-05-13,228.05,228.6,226.92,227.18,2397021
2857,6,2025-05-14,229.32,229.48,228.14,229.06,1493364
2858,6,2025-05-15,230.19,232.42,229.16,231.04,5984393
2859,6,2025-05-16,229.7,231.54,228.91,230.22,5388897
2860,6,2025-05-19,228.66,229.8,228.25,228.27,1302152
2861,6,2025-05-20,229.37,230.45,227.77,228.96,2938337
2862,6,2025-05-21,231.09,232.17,230.14,231.25,3825588
2863,6,2025-05-22,232.55,233.59,231.34,233.1,6935851
2864,6,2025-05-23,239.17,239.87,237.5,238.86,3780881
2865,6,2025-05-26,238.22,240.0,237.03,238.88,6112432
2866,6,2025-05-27,243.58,243.88,243.38,243.54,2654074
2867,6,2025-05-28,243.57,244.26,241.93,243.05,989712
2868,6,2025-05-29,245.71,246.24,245.38,245.8,2006930
2869,6,2025-05-30,252.36,252.77,250.7,251.43,3785969
2870,6,2025-06-02,244.26,246.12,243.31,244.98,3384362
2871,6,2025-06-03,250.91,251.12,250.22,250.62,3281255
2872,6,2025-06-04,249.73,250.37,248.44,250.22,4373603
2873,6,2025-06-05,247.74,250.04,247.58,248.61,7240817
2874,6,2025-06-06,252.42,253.29,250.97,252.92,7485287
2875,6,2025-06-09,257.55,258.97,255.71,256.67,7830888
2876,6,2025-06-10,251.01,253.46,250.51,252.01,5672283
2877,6,2025-06-11,245.56,246.83,245.4,246.55,2797535
2878,6,2025-06-12,245.23,245.6,243.54,244.72,4896442
2879,6,2025-06-13,241.16,241.98,239.76,240.27,3349411
2880,6,2025-06-16,235.93,237.19,235.23,235.69,6933473
2881,6,2025-06-17,231.38,232.06,230.72,231.32,4718264
2882,6,2025-06-18,237.25,237.4,235.62,236.89,2234783
2883,6,2025-06-19,238.73,240.33,238.63,238.9,5607205
2884,6,2025-06-20,237.71,238.34,236.62,236.81,6035183
2885,6,2025-06-23,236.8,238.57,236.22,237.27,7934866
2886,6,2025-06-24,239.51,240.79,237.95,239.23,1201122
2887,6,2025-06-25,243.77,244.93,242.9,244.57,6098133
2888,6,2025-06-26,242.7,243.05,241.16,241.85,2578111
2889,6,2025-06-27,246.03,247.39,244.86,245.58,7941927
2890,6,2025-06-30,252.7,254.05,251.96,252.11,4277753
2891,6,2025-07-01,251.95,254.02,250.54,252.96,6149955
2892,6,2025-07-02,259.07,259.33,257.81,258.95,7855286
2893,6,2025-07-03,252.19,254.06,251.84,252.81,839031
2894,6,2025-07-04,249.32,251.2,249.02,249.96,2712499
2895,6,2025-07-07,254.84,254.88,253.49,254.59,5930464
2896,6,2025-07-08,256.29,257.72,255.11,256.56,6760597
2897,6,2025-07-09,250.9,251.14,249.66,250.23,1785313
2898,6,2025-07-10,252.23,253.44,250.95,253.17,3652674
2899,6,2025-07-11,254.68,256.19,254.01,255.55,5747656
2900,6,2025-07-14,256.32,258.1,255.22,257.0,7128714
2901,6,2025-07-15,247.51,248.94,246.46,247.33,2975369
2902,6,2025-07-16,245.47,246.78,244.59,245.56,5453874
2903,6,2025-07-17,246.03,247.92,245.37,246.68,2867976
2904,6,2025-07-18,251.71,253.11,250.29,251.49,6767177
2905,6,2025-07-21,253.38,254.09,252.69,252.83,4860518
2906,6,2025-07-22,257.12,257.31,256.43,256.51,6027526
2907,6,2025-07-23,247.8,248.39,246.72,247.69,5843367
2908,6,2025-07-24,246.55,246.63,245.66,245.93,7068493
2909,6,2025-07-25,246.11,248.27,245.31,247.0,1056296
2910,6,2025-07-28,244.01,244.14,243.17,243.94,1201523
2911,6,2025-07-29,244.27,244.33,242.91,243.63,6784260
2912,6,2025-07-30,248.51,250.41,247.47,249.23,1170373
2913,6,2025-07-31,252.06,253.17,251.94,252.22,6201046
2914,6,2025-08-01,256.15,257.28,254.62,256.23,3032611
2915,6,2025-08-04,256.03,258.02,255.99,257.0,6571981
2916,6,2025-08-05,256.26,257.73,255.1,257.23,6559791
2917,6,2025-08-06,255.03,257.12,254.88,255.66,6377372
2918,6,2025-08-07,254.84,255.41,253.56,254.76,6113538
2919,6,2025-08-08,250.04,250.51,248.06,249.07,6460171
2920,6,2025-08-11,244.78,245.21,244.35,244.78,1694558
2921,6,2025-08-12,242.79,243.58,242.05,242.47,4416666
2922,6,2025-08-13,242.36,242.58,240.65,241.84,2667328
2923,6,2025-08-14,240.77,241.06,240.14,241.0,696885
2924,6,2025-08-15,240.38,240.39,239.82,240.19,2342096
2925,6,2025-08-18,237.78,238.78,237.02,238.04,3538875
2926,6,2025-08-19,241.48,241.82,241.14,241.35,2520569
2927,6,2025-08-20,242.28,242.81,240.77,241.96,6388549
2928,6,2025-08-21,245.6,245.91,244.55,245.84,5187626
2929,6,2025-08-22,248.6,250.06,247.77,248.78,5135683
2930,6,2025-08-25,250.43,250.46,248.93,249.86,5271837
2931,6,2025-08-26,258.76,259.52,258.35,259.42,852399
2932,6,2025-08-27,254.74,256.11,253.46,255.51,1431983
2933,6,2025-08-28,249.3,251.23,248.91,250.29,6927093
2934,6,2025-08-29,247.83,249.89,247.09,248.47,7481748
2935,6,2025-09-01,244.73,245.51,244.12,244.21,2508495
2936,6,2025-09-02,243.2,243.97,242.18,243.87,5143060
2937,6,2025-09-03,243.34,244.32,242.14,243.2,3557309
2938,6,2025-09-04,245.18,246.21,244.56,245.85,5877433
2939,6,2025-09-05,241.18,241.49,240.67,241.12,6337211
2940,6,2025-09-08,245.52,247.63,244.3,246.34,2687189
2941,6,2025-09-09,250.51,251.93,249.37,250.8,6997050
2942,6,2025-09-10,249.46,250.99,249.12,250.38,5568131
2943,6,2025-09-11,246.4,248.22,245.05,246.8,674480
2944,6,2025-09-12,251.73,253.15,251.11,252.57,2598407
2945,6,2025-09-15,251.79,252.55,249.77,251.15,6290276
2946,6,2025-09-16,257.44,258.01,256.11,256.96,4257273
2947,6,2025-09-17,262.4,264.29,261.67,262.76,6738150
2948,6,2025-09-18,273.98,276.08,273.92,274.94,5651205
2949,6,2025-09-19,283.5,285.66,283.15,284.1,6237848
2950,6,2025-09-22,287.4,289.16,286.95,287.73,2863053
2951,6,2025-09-23,285.86,286.74,285.69,286.5,1209311
2952,6,2025-09-24,281.82,282.71,280.38,281.6,6405298
2953,6,2025-09-25,274.37,276.01,273.33,275.04,1984926
2954,6,2025-09-26,272.65,273.93,272.12,273.26,2192882
2955,6,2025-09-29,281.0,282.61,278.95,280.5,5089063
2956,6,2025-09-30,273.92,275.16,273.37,273.91,3420055
2957,6,2025-10-01,268.15,269.24,266.76,268.35,7188679
2958,6,2025-10-02,268.74,270.1,267.42,269.8,7979473
2959,6,2025-10-03,272.76,272.94,271.95,272.15,4978974
2960,6,2025-10-06,273.6,274.0,272.05,272.67,4042047
2961,6,2025-10-07,271.17,273.23,270.97,271.64,5935832
2962,6,2025-10-08,267.89,268.07,266.89,268.07,2102763
2963,6,2025-10-09,261.61,262.47,261.13,262.38,1031845
2964,6,2025-10-10,267.84,269.49,266.6,268.65,2651271
2965,6,2025-10-13,265.16,266.14,263.83,265.38,4899178
2966,6,2025-10-14,265.17,265.82,264.36,264.63,5922155
2967,6,2025-10-15,270.8,270.92,270.06,270.79,3013934
2968,6,2025-10-16,268.32,268.64,266.81,268.49,5715628
2969,6,2025-10-17,271.14,271.8,269.88,271.1,6721873
2970,6,2025-10-20,268.28,269.54,267.46,268.0,4192816
2971,6,2025-10-21,264.62,264.69,262.91,264.01,1373844
2972,6,2025-10-22,266.4,268.44,266.37,267.19,816188
2973,6,2025-10-23,272.46,272.79,271.78,272.42,7134047
2974,6,2025-10-24,285.54,287.98,285.49,286.48,1654938
2975,6,2025-10-27,282.77,282.94,281.92,282.22,2139530
2976,6,2025-10-28,284.44,285.05,282.15,283.54,4318068
2977,6,2025-10-29,286.3,287.79,285.57,286.33,4710281
2978,6,2025-10-30,293.51,294.6,290.84,292.56,6735436
2979,6,2025-10-31,288.37,289.79,287.41,289.26,6453585
2980,6,2025-11-03,303.48,304.9,301.68,302.3,2280692
2981,6,2025-11-04,310.81,311.8,309.47,310.23,2089705
2982,6,2025-11-05,301.32,302.43,300.74,300.97,1268560
2983,6,2025-11-06,294.22,296.82,293.33,295.36,7948928
2984,6,2025-11-07,301.57,301.69,300.86,301.38,4805656
2985,6,2025-11-10,309.24,309.83,307.75,309.36,3521412
2986,6,2025-11-11,306.2,307.25,304.23,305.96,3655534
2987,6,2025-11-12,299.84,301.03,297.47,298.96,5313119
2988,6,2025-11-13,292.77,294.08,290.98,292.17,6208132
2989,6,2025-11-14,293.7,293.96,292.27,293.65,4844596
2990,6,2025-11-17,292.25,293.25,291.67,291.93,4740049
2991,6,2025-11-18,290.43,291.42,288.16,289.53,6926259
2992,6,2025-11-19,299.33,300.93,298.05,298.25,6793897
2993,6,2025-11-20,300.36,301.76,298.91,299.68,4729363
2994,6,2025-11-21,297.29,297.38,295.09,296.19,672205
2995,6,2025-11-24,293.73,294.53,292.66,293.4,7187056
2996,6,2025-11-25,292.74,293.04,292.03,292.41,4712447
2997,6,2025-11-26,296.54,297.12,295.11,296.29,7308950
2998,6,2025-11-27,296.61,298.21,295.33,296.26,5429443
2999,6,2025-11-28,296.18,296.68,295.42,295.42,3085121
3000,6,2025-12-01,294.93,296.32,293.19,295.15,7266863
3001,7,2024-01-02,360.69,362.38,358.93,359.81,6223289
3002,7,2024-01-03,360.67,360.99,359.11,360.54,1201230
3003,7,2024-01-04,352.15,353.93,350.2,352.59,2124740
3004,7,2024-01-05,350.27,351.96,349.89,350.09,6729606
3005,7,2024-01-08,359.0,359.68,357.4,358.12,7428694
3006,7,2024-01-09,349.74,352.58,348.1,350.8,3490028
3007,7,2024-01-10,356.65,358.47,355.29,355.87,7242454
3008,7,2024-01-11,363.86,365.68,362.47,362.83,6142496
3009,7,2024-01-12,372.66,374.0,370.59,372.62,3419647
3010,7,2024-01-15,374.26,374.52,370.58,372.77,3403905
3011,7,2024-01-16,372.77,375.06,370.93,373.68,6674935
3012,7,2024-01-17,374.99,378.56,374.15,376.42,919896
3013,7,2024-01-18,375.26,375.42,373.21,374.87,907426
3014,7,2024-01-19,372.47,373.14,371.07,372.75,1969246
3015,7,2024-01-22,366.27,366.85,364.67,366.53,2153830
3016,7,2024-01-23,362.45,363.13,361.37,363.09,3820212
3017,7,2024-01-24,363.04,364.02,362.11,362.42,3524144
3018,7,2024-01-25,367.38,368.86,365.0,366.32,3084128
3019,7,2024-01-26,364.77,366.35,361.88,363.68,7421216
3020,7,2024-01-29,364.02,366.17,361.56,362.79,7493638
3021,7,2024-01-30,371.8,375.33,370.3,373.23,2470993
3022,7,2024-01-31,379.49,379.94,377.04,378.07,1168901
3023,7,2024-02-01,388.31,390.93,387.84,388.76,7368645
3024,7,2024-02-02,400.53,401.97,398.3,400.85,3981912
3025,7,2024-02-05,409.0,410.66,407.47,407.67,1725371
3026,7,2024-02-06,430.83,431.81,429.74,431.24,6688755
3027,7,2024-02-07,437.97,439.52,435.4,438.08,3319858
3028,7,2024-02-08,436.23,438.48,433.89,437.31,4588915
3029,7,2024-02-09,434.5,434.94,432.21,433.72,858392
3030,7,2024-02-12,444.91,445.7,443.51,443.62,6630959
3031,7,2024-02-13,436.23,438.99,434.45,437.8,6740003
3032,7,2024-02-14,440.26,442.03,437.81,440.61,7287820
3033,7,2024-02-15,440.24,442.66,439.99,440.19,6754683
3034,7,2024-02-16,431.47,433.75,428.68,431.0,4917448
3035,7,2024-02-19,431.73,434.14,429.2,432.79,1787147
3036,7,2024-02-20,429.85,431.75,428.43,429.7,5984213
3037,7,2024-02-21,425.12,427.49,422.89,425.38,4545199
3038,7,2024-02-22,423.29,425.44,421.57,422.02,5611488
3039,7,2024-02-23,420.44,423.25,418.02,421.35,671890
3040,7,2024-02-26,424.1,425.6,421.31,423.14,3715168
3041,7,2024-02-27,412.74,414.63,411.74,412.89,7536457
3042,7,2024-02-28,390.44,392.22,388.62,391.27,1599081
3043,7,2024-02-29,391.57,394.41,391.37,393.14,6805104
3044,7,2024-03-01,385.74,388.19,384.98,386.73,1694128
3045,7,2024-03-04,397.81,397.85,396.51,397.3,7916550
3046,7,2024-03-05,398.26,399.9,395.91,396.87,1627553
3047,7,2024-03-06,407.7,407.87,404.88,406.28,2955444
3048,7,2024-03-07,410.73,412.2,409.27,411.07,795761
3049,7,2024-03-08,399.71,401.48,398.25,400.45,2666030
3050,7,2024-03-11,394.01,394.05,393.49,393.86,7191324
3051,7,2024-03-12,398.65,401.59,396.9,400.14,5467351
3052,7,2024-03-13,401.89,404.25,400.32,401.76,5685548
3053,7,2024-03-14,394.69,397.95,393.89,395.86,6015685
3054,7,2024-03-15,395.72,397.22,394.15,395.69,2626744
3055,7,2024-03-18,387.11,389.13,384.99,387.24,5714602
3056,7,2024-03-19,389.77,390.79,389.35,389.95,7213970
3057,7,2024-03-20,383.42,386.13,381.91,384.36,696634
3058,7,2024-03-21,388.8,389.44,386.62,388.44,7726427
3059,7,2024-03-22,399.1,400.29,396.33,397.6,3383558
3060,7,2024-03-25,400.48,403.11,398.28,401.61,4293541
3061,7,2024-03-26,401.96,402.73,399.5,400.89,4204303
3062,7,2024-03-27,397.69,399.58,395.63,396.9,5611720
3063,7,2024-03-28,407.85,409.79,406.36,407.26,5716262
3064,7,2024-03-29,408.66,410.28,405.29,407.41,6166753
3065,7,2024-04-01,397.85,399.48,397.76,398.39,5547584
3066,7,2024-04-02,404.78,408.04,404.35,405.85,6098545
3067,7,2024-04-03,408.38,410.71,407.25,409.42,3455502
3068,7,2024-04-04,403.7,406.88,402.22,404.87,1892666
3069,7,2024-04-05,405.95,407.75,403.29,405.35,6421513
3070,7,2024-04-08,424.53,425.09,421.02,423.41,4596365
3071,7,2024-04-09,430.24,432.66,429.57,431.61,5633519
3072,7,2024-04-10,427.26,427.74,423.9,425.84,5918156
3073,7,2024-04-11,431.85,432.86,427.82,430.32,1788928
3074,7,2024-04-12,429.95,430.52,426.64,428.42,3074937
3075,7,2024-04-15,418.05,421.55,415.7,419.39,1296579
3076,7,2024-04-16,412.97,413.89,412.22,412.28,5343656
3077,7,2024-04-17,395.37,396.69,393.91,393.95,2903310
3078,7,2024-04-18,391.91,393.54,389.97,391.94,2181550
3079,7,2024-04-19,394.25,397.06,393.04,395.45,4827234
3080,7,2024-04-22,406.34,406.61,403.79,404.96,4131868
3081,7,2024-04-23,414.2,415.65,412.86,413.53,782679
3082,7,2024-04-24,417.38,417.91,415.49,416.26,2939344
3083,7,2024-04-25,409.41,410.24,407.62,409.98,3245825
3084,7,2024-04-26,413.24,415.26,410.79,411.96,6844065
3085,7,2024-04-29,406.42,408.74,406.31,406.66,7698501
3086,7,2024-04-30,405.18,408.0,403.48,405.94,5324840
3087,7,2024-05-01,420.89,420.98,419.01,419.9,3924747
3088,7,2024-05-02,432.14,434.6,431.42,431.74,4938011
3089,7,2024-05-03,429.95,430.29,427.92,429.15,2537615
3090,7,2024-05-06,428.45,431.9,427.09,429.72,6923400
3091,7,2024-05-07,425.92,428.01,423.85,427.16,6570438
3092,7,2024-05-08,430.75,431.15,429.92,431.0,6296941
3093,7,2024-05-09,417.2,418.48,416.45,417.37,1756923
3094,7,2024-05-10,416.91,417.78,416.07,416.93,6056014
3095,7,2024-05-13,411.96,413.95,409.58,412.49,6474518
3096,7,2024-05-14,403.9,406.22,402.41,404.49,1833313
3097,7,2024-05-15,418.61,421.04,415.2,417.24,3710804
3098,7,2024-05-16,430.46,431.39,428.26,431.04,7118674
3099,7,2024-05-17,444.14,445.21,442.42,444.6,2240671
3100,7,2024-05-20,450.19,450.54,446.18,448.54,7123130
3101,7,2024-05-21,456.73,456.92,455.38,455.39,3049473
3102,7,2024-05-22,440.85,443.05,439.18,442.5,4666595
3103,7,2024-05-23,443.43,446.4,442.04,444.13,3373006
3104,7,2024-05-24,447.9,450.58,446.27,447.59,4246883
3105,7,2024-05-27,461.17,463.44,459.4,462.19,3807978
3106,7,2024-05-28,443.4,445.11,441.41,441.81,547740
3107,7,2024-05-29,436.37,436.81,434.57,435.53,2068631
3108,7,2024-05-30,444.3,445.7,440.53,442.67,1796554
3109,7,2024-05-31,429.47,429.96,428.49,428.65,2001358
3110,7,2024-06-03,423.73,427.09,423.71,424.94,2786520
3111,7,2024-06-04,429.57,431.5,428.94,431.27,2467927
3112,7,2024-06-05,434.34,437.4,433.14,435.53,681690
3113,7,2024-06-06,440.21,440.44,438.94,440.14,6401922
3114,7,2024-06-07,449.39,450.69,447.1,447.96,6101199
3115,7,2024-06-10,440.62,441.67,438.34,440.67,7566032
3116,7,2024-06-11,448.61,450.9,447.23,449.23,6316385
3117,7,2024-06-12,446.48,447.96,443.1,445.05,3443716
3118,7,2024-06-13,437.63,438.1,436.3,437.45,1406973
3119,7,2024-06-14,435.42,435.94,432.72,434.77,5962275
3120,7,2024-06-17,436.92,438.63,432.91,435.43,7675182
3121,7,2024-06-18,440.61,443.29,439.11,441.77,5111069
3122,7,2024-06-19,439.56,441.89,436.2,438.71,5996038
3123,7,2024-06-20,442.66,444.36,441.73,442.35,4629941
3124,7,2024-06-21,430.46,431.8,428.77,431.37,5768526
3125,7,2024-06-24,433.19,433.72,430.39,431.83,2810460
3126,7,2024-06-25,441.85,443.44,440.14,442.14,6028362
3127,7,2024-06-26,447.49,448.27,443.87,446.39,4782827
3128,7,2024-06-27,441.86,443.38,439.71,442.7,6311982
3129,7,2024-06-28,431.9,434.17,429.77,433.01,6954606
3130,7,2024-07-01,424.85,425.54,424.41,425.06,1024118
3131,7,2024-07-02,431.96,433.18,429.22,430.58,4232756
3132,7,2024-07-03,431.34,433.95,429.02,432.68,2951575
3133,7,2024-07-04,425.46,426.08,423.67,424.05,6592405
3134,7,2024-07-05,420.33,420.58,417.48,419.48,3478487
3135,7,2024-07-08,423.55,423.99,421.14,423.38,2489836
3136,7,2024-07-09,408.97,410.45,406.48,408.79,7136190
3137,7,2024-07-10,400.43,401.27,399.71,400.21,6049858
3138,7,2024-07-11,399.97,400.86,398.08,399.32,1884921
3139,7,2024-07-12,393.35,396.72,391.58,394.74,7981592
3140,7,2024-07-15,390.27,390.74,388.78,389.43,2765776
3141,7,2024-07-16,399.45,401.5,397.08,398.45,1321106
3142,7,2024-07-17,392.36,395.7,391.97,393.72,2075385
3143,7,2024-07-18,392.88,392.93,391.38,391.73,4828913
3144,7,2024-07-19,377.73,379.38,375.56,376.89,3111856
3145,7,2024-07-22,382.61,384.18,380.93,382.68,1946384
3146,7,2024-07-23,384.0,384.45,383.65,383.66,3616883
3147,7,2024-07-24,379.37,379.59,376.89,379.09,1588880
3148,7,2024-07-25,378.69,380.41,378.35,380.06,2054342
3149,7,2024-07-26,388.47,389.54,386.76,387.84,5451371
3150,7,2024-07-29,393.72,396.57,391.96,395.13,1169274
3151,7,2024-07-30,399.53,401.15,399.24,400.71,5912530
3152,7,2024-07-31,405.4,407.34,403.79,405.58,7441479
3153,7,2024-08-01,405.76,408.26,403.98,406.74,777672
3154,7,2024-08-02,390.11,391.11,389.09,389.88,4521113
3155,7,2024-08-05,387.01,388.9,384.05,385.85,1277221
3156,7,2024-08-06,380.28,380.92,379.24,379.47,2633378
3157,7,2024-08-07,382.52,382.84,381.36,382.13,565566
3158,7,2024-08-08,372.62,374.81,371.79,372.13,2650347
3159,7,2024-08-09,381.35,382.95,380.23,381.07,7757572
3160,7,2024-08-12,391.36,393.34,390.52,390.67,6065840
3161,7,2024-08-13,382.75,385.16,381.38,383.63,1461524
3162,7,2024-08-14,373.97,375.08,373.35,373.39,1228760
3163,7,2024-08-15,376.12,377.75,375.31,376.8,2949792
3164,7,2024-08-16,375.83,376.92,373.74,376.23,2090094
3165,7,2024-08-19,393.45,395.28,392.17,392.23,7925749
3166,7,2024-08-20,396.53,397.54,394.31,395.17,1714653
3167,7,2024-08-21,394.88,397.7,394.73,396.27,5891307
3168,7,2024-08-22,406.15,407.2,402.55,404.65,667852
3169,7,2024-08-23,404.56,406.85,402.37,405.27,3067927
3170,7,2024-08-26,408.35,411.25,406.32,409.13,5633365
3171,7,2024-08-27,406.64,407.34,405.35,405.96,1435210
3172,7,2024-08-28,402.4,404.6,401.05,402.03,4222902
3173,7,2024-08-29,410.58,413.21,409.82,411.01,986617
3174,7,2024-08-30,405.5,407.33,403.07,405.69,3289773
3175,7,2024-09-02,400.97,402.94,400.71,401.78,6775776
3176,7,2024-09-03,403.1,404.95,402.83,403.9,4662060
3177,7,2024-09-04,405.61,405.7,405.5,405.56,7336009
3178,7,2024-09-05,393.64,394.94,392.48,392.72,3489787
3179,7,2024-09-06,392.01,394.29,390.73,393.08,4376389
3180,7,2024-09-09,391.09,392.66,389.06,390.11,1610991
3181,7,2024-09-10,402.73,404.43,400.09,401.21,1966143
3182,7,2024-09-11,402.03,404.6,401.43,403.5,3964596
3183,7,2024-09-12,402.53,406.1,401.66,403.99,4480206
3184,7,2024-09-13,406.3,407.76,404.35,407.03,1812354
3185,7,2024-09-16,406.88,407.32,405.37,406.67,4460917
3186,7,2024-09-17,404.73,406.23,403.69,405.2,2403204
3187,7,2024-09-18,407.31,409.42,405.67,408.93,7041260
3188,7,2024-09-19,408.74,410.72,406.73,409.73,7395921
3189,7,2024-09-20,404.38,405.54,402.39,404.59,1092000
3190,7,2024-09-23,407.04,408.32,404.73,406.76,5746079
3191,7,2024-09-24,406.57,407.55,403.98,405.01,2829509
3192,7,2024-09-25,404.86,406.84,403.02,405.41,6463275
3193,7,2024-09-26,415.3,415.61,414.12,414.75,647358
3194,7,2024-09-27,418.48,419.95,416.6,417.96,7561074
3195,7,2024-09-30,429.8,432.01,427.29,428.92,2521671
3196,7,2024-10-01,432.36,434.74,429.78,434.09,993341
3197,7,2024-10-02,435.08,436.39,432.59,434.69,2732216
3198,7,2024-10-03,433.7,435.84,430.14,432.56,3462501
3199,7,2024-10-04,414.62,416.23,413.66,414.16,4927378
3200,7,2024-10-07,400.91,402.87,399.4,400.32,4674065
3201,7,2024-10-08,398.08,398.69,397.56,398.46,2649912
3202,7,2024-10-09,404.21,406.84,403.56,405.67,2249741
3203,7,2024-10-10,407.69,410.54,405.33,408.73,5522986
3204,7,2024-10-11,414.91,416.37,412.33,414.6,7967529
3205,7,2024-10-14,414.19,416.46,413.08,413.49,3730902
3206,7,2024-10-15,415.64,417.29,413.96,414.02,4004513
3207,7,2024-10-16,400.53,400.94,400.18,400.4,911918
3208,7,2024-10-17,398.1,400.79,398.04,399.2,6524371
3209,7,2024-10-18,398.43,400.67,394.82,397.07,6493893
3210,7,2024-10-21,394.03,396.49,392.26,394.87,4786718
3211,7,2024-10-22,383.62,384.66,382.43,382.77,1339675
3212,7,2024-10-23,376.2,378.38,373.13,374.78,4531263
3213,7,2024-10-24,363.86,364.97,360.84,362.62,6885504
3214,7,2024-10-25,352.03,353.99,348.82,350.71,2780855
3215,7,2024-10-28,357.52,359.55,356.76,357.66,4348590
3216,7,2024-10-29,367.28,368.54,365.06,366.03,4301359
3217,7,2024-10-30,364.24,366.97,363.67,365.19,851167
3218,7,2024-10-31,365.59,366.71,365.39,365.67,6819444
3219,7,2024-11-01,368.06,370.6,367.85,369.28,5359639
3220,7,2024-11-04,362.72,364.28,360.78,363.93,5557553
3221,7,2024-11-05,354.53,355.43,352.33,354.25,1628277
3222,7,2024-11-06,348.89,349.71,346.29,348.26,5527071
3223,7,2024-11-07,352.43,353.79,351.68,353.7,5850364
3224,7,2024-11-08,345.44,347.75,343.8,346.1,3676420
3225,7,2024-11-11,346.15,347.49,344.68,345.05,2630880
3226,7,2024-11-12,347.7,349.15,345.45,346.61,2999801
3227,7,2024-11-13,345.76,346.96,342.79,344.57,5439733
3228,7,2024-11-14,347.1,347.48,345.38,346.71,7135756
3229,7,2024-11-15,354.87,356.79,354.05,355.49,2364911
3230,7,2024-11-18,350.46,352.41,350.41,351.12,3897948
3231,7,2024-11-19,348.96,351.51,348.75,350.33,1567547
3232,7,2024-11-20,353.91,354.66,350.94,352.55,6691398
3233,7,2024-11-21,344.99,347.07,343.8,346.03,6420081
3234,7,2024-11-22,349.65,351.55,348.53,350.43,4263565
3235,7,2024-11-25,339.73,341.25,338.75,340.72,7929463
3236,7,2024-11-26,333.18,334.07,331.35,332.5,3686858
3237,7,2024-11-27,330.51,331.46,328.86,331.04,4898734
3238,7,2024-11-28,330.29,331.73,328.91,329.61,6166182
3239,7,2024-11-29,322.15,323.84,319.49,320.87,1309703
3240,7,2024-12-02,314.01,316.09,312.32,314.73,3062967
3241,7,2024-12-03,315.87,317.55,315.69,316.49,2993380
3242,7,2024-12-04,317.21,317.25,316.06,316.37,7298218
3243,7,2024-12-05,314.7,315.83,314.51,315.59,2884127
3244,7,2024-12-06,319.21,320.79,318.66,320.42,711912
3245,7,2024-12-09,314.06,316.59,313.15,315.16,7336655
3246,7,2024-12-10,313.5,314.96,312.64,312.88,2440188
3247,7,2024-12-11,304.13,305.13,302.07,303.81,5971143
3248,7,2024-12-12,302.6,303.44,300.72,301.71,1226735
3249,7,2024-12-13,305.62,307.44,304.13,305.58,6798009
3250,7,2024-12-16,308.05,309.75,306.6,307.75,7603886
3251,7,2024-12-17,300.57,302.02,300.03,300.48,7814418
3252,7,2024-12-18,298.18,299.53,297.39,298.42,7477323
3253,7,2024-12-19,296.01,296.17,294.49,295.09,2459141
3254,7,2024-12-20,297.84,299.47,297.64,298.28,5102728
3255,7,2024-12-23,295.91,298.19,295.06,296.96,3209870
3256,7,2024-12-24,289.55,290.21,287.89,289.09,3134457
3257,7,2024-12-25,291.5,291.6,289.62,291.07,4533631
3258,7,2024-12-26,292.68,294.1,291.69,292.05,2857910
3259,7,2024-12-27,284.27,286.01,283.83,285.13,3292912
3260,7,2024-12-30,288.46,290.33,288.37,289.49,4955880
3261,7,2024-12-31,286.16,287.91,285.16,287.0,1841956
3262,7,2025-01-01,283.04,284.15,282.4,283.51,6988879
3263,7,2025-01-02,285.57,286.31,284.59,285.44,875017
3264,7,2025-01-03,277.92,278.36,277.26,277.28,6428772
3265,7,2025-01-06,275.1,276.65,274.54,275.4,7193477
3266,7,2025-01-07,280.46,281.77,279.78,280.3,2891991
3267,7,2025-01-08,282.66,282.71,281.75,281.98,6927779
3268,7,2025-01-09,290.44,292.14,288.92,290.75,6374593
3269,7,2025-01-10,292.67,294.09,292.57,292.86,3473677
3270,7,2025-01-13,289.88,291.32,289.48,290.26,902743
3271,7,2025-01-14,286.89,287.99,286.59,287.67,2705842
3272,7,2025-01-15,281.48,282.83,279.72,280.44,7110156
3273,7,2025-01-16,278.32,279.82,277.29,278.54,3426076
3274,7,2025-01-17,272.41,273.57,271.25,273.28,1249360
3275,7,2025-01-20,264.18,265.69,263.33,264.17,4378021
3276,7,2025-01-21,273.14,273.49,271.9,273.39,7845716
3277,7,2025-01-22,279.05,279.71,277.82,279.01,7937277
3278,7,2025-01-23,278.79,281.09,278.5,279.62,4966432
3279,7,2025-01-24,285.44,285.46,283.42,284.79,3845865
3280,7,2025-01-27,283.99,284.69,282.42,282.87,1730824
3281,7,2025-01-28,284.23,285.8,283.62,283.71,4465714
3282,7,2025-01-29,281.29,283.19,280.48,281.9,2209819
3283,7,2025-01-30,277.89,279.4,277.81,278.15,4655807
3284,7,2025-01-31,284.8,285.88,283.09,283.72,2485453
3285,7,2025-02-03,278.57,280.35,277.31,279.41,4275970
3286,7,2025-02-04,279.95,280.55,277.84,279.1,7625177
3287,7,2025-02-05,286.22,286.91,285.59,286.38,5391552
3288,7,2025-02-06,288.34,288.97,288.0,288.71,7100408
3289,7,2025-02-07,297.52,299.62,296.72,298.35,6273131
3290,7,2025-02-10,307.02,308.38,304.94,306.74,5616290
3291,7,2025-02-11,298.46,300.24,297.07,299.45,6231179
3292,7,2025-02-12,292.1,293.22,290.98,292.71,6066961
3293,7,2025-02-13,292.32,293.3,290.8,291.47,1772869
3294,7,2025-02-14,290.63,292.46,289.39,291.63,5412910
3295,7,2025-02-17,301.39,302.09,300.69,301.14,812769
3296,7,2025-02-18,304.71,306.29,304.65,305.13,5066605
3297,7,2025-02-19,306.8,307.72,305.99,306.26,5180967
3298,7,2025-02-20,301.84,304.04,300.25,302.5,588614
3299,7,2025-02-21,310.1,311.47,308.43,309.38,5863665
3300,7,2025-02-24,300.56,301.66,300.04,300.81,7287522
3301,7,2025-02-25,302.82,304.08,301.16,303.62,7666336
3302,7,2025-02-26,298.92,300.26,297.44,299.49,2076995
3303,7,2025-02-27,293.56,295.65,293.18,294.59,5784326
3304,7,2025-02-28,293.69,293.71,292.35,293.56,6167388
3305,7,2025-03-03,295.47,297.15,295.21,296.09,3923699
3306,7,2025-03-04,288.63,289.78,287.11,288.63,6015058
3307,7,2025-03-05,290.76,291.96,289.87,290.94,1662526
3308,7,2025-03-06,285.49,286.67,284.51,284.61,7949057
3309,7,2025-03-07,281.2,282.84,280.74,282.03,3870606
3310,7,2025-03-10,287.4,288.88,287.33,288.23,1171562
3311,7,2025-03-11,287.95,288.61,286.94,287.38,2508497
3312,7,2025-03-12,281.44,282.84,279.44,280.53,4942946
3313,7,2025-03-13,282.68,282.86,280.87,282.53,7889978
3314,7,2025-03-14,286.14,287.0,285.11,285.78,6626835
3315,7,2025-03-17,293.22,294.13,291.19,292.09,870320
3316,7,2025-03-18,289.99,291.6,289.52,289.81,1408449
3317,7,2025-03-19,289.62,291.8,289.59,290.25,5687487
3318,7,2025-03-20,289.23,290.25,289.03,289.49,7325305
3319,7,2025-03-21,282.6,283.55,280.86,282.22,4106348
3320,7,2025-03-24,281.67,281.95,281.53,281.93,2716037
3321,7,2025-03-25,275.22,277.21,274.83,275.69,4647743
3322,7,2025-03-26,283.08,284.19,281.03,282.11,1137892
3323,7,2025-03-27,280.57,281.32,279.3,280.61,6921609
3324,7,2025-03-28,280.89,281.22,280.05,280.58,6997659
3325,7,2025-03-31,273.18,273.24,272.23,272.55,6298210
3326,7,2025-04-01,266.68,269.06,266.04,267.72,1867845
3327,7,2025-04-02,262.65,264.15,260.79,261.72,3781511
3328,7,2025-04-03,267.18,268.13,266.08,268.1,3769337
3329,7,2025-04-04,275.06,275.38,275.03,275.23,5354786
3330,7,2025-04-07,274.94,275.43,273.89,274.03,1177222
3331,7,2025-04-08,281.88,282.98,280.51,282.5,4562403
3332,7,2025-04-09,268.2,270.05,266.72,269.06,4936109
3333,7,2025-04-10,269.94,269.97,268.64,269.89,6201565
3334,7,2025-04-11,264.4,265.42,263.93,264.55,1556200
3335,7,2025-04-14,258.84,259.09,257.65,258.59,6386837
3336,7,2025-04-15,257.43,258.26,256.51,257.37,4400292
3337,7,2025-04-16,255.96,257.01,254.92,255.9,6361919
3338,7,2025-04-17,253.36,254.27,252.14,254.23,3715657
3339,7,2025-04-18,248.68,250.02,248.51,248.54,4960261
3340,7,2025-04-21,254.38,256.59,254.18,255.14,7108846
3341,7,2025-04-22,256.3,257.27,254.7,255.59,6732777
3342,7,2025-04-23,250.7,251.36,249.23,251.33,4649720
3343,7,2025-04-24,263.07,263.65,262.02,262.24,1046297
3344,7,2025-04-25,262.64,263.25,262.14,262.72,7680026
3345,7,2025-04-28,258.15,259.19,257.51,257.72,2725983
3346,7,2025-04-29,259.26,260.48,258.89,259.04,5547307
3347,7,2025-04-30,261.65,263.06,260.72,262.11,7549740
3348,7,2025-05-01,256.9,257.3,256.68,257.03,7572688
3349,7,2025-05-02,253.88,255.22,252.54,253.98,7350597
3350,7,2025-05-05,258.81,260.44,258.4,259.3,1489177
3351,7,2025-05-06,260.85,262.04,259.54,261.28,2892203
3352,7,2025-05-07,258.03,258.23,256.15,257.46,1561519
3353,7,2025-05-08,260.69,261.8,259.98,260.0,6007379
3354,7,2025-05-09,255.47,256.98,254.05,256.36,7238573
3355,7,2025-05-12,246.79,247.18,246.59,246.87,6857137
3356,7,2025-05-13,252.71,253.04,252.46,252.77,4699925
3357,7,2025-05-14,249.98,249.99,249.28,249.41,4401279
3358,7,2025-05-15,256.71,257.97,255.52,255.8,5666354
3359,7,2025-05-16,254.42,255.81,253.83,255.16,7504702
3360,7,2025-05-19,252.75,253.95,251.33,251.89,4111027
3361,7,2025-05-20,256.02,257.09,254.43,255.89,1186001
3362,7,2025-05-21,257.66,259.17,256.56,257.51,6828803
3363,7,2025-05-22,259.91,260.04,258.96,259.25,1106531
3364,7,2025-05-23,258.63,259.78,257.49,257.84,6627053
3365,7,2025-05-26,258.47,258.78,258.28,258.33,1031601
3366,7,2025-05-27,256.77,257.4,256.75,256.91,7677358
3367,7,2025-05-28,257.69,257.82,255.91,256.69,6389056
3368,7,2025-05-29,264.05,264.57,263.46,263.92,6580461
3369,7,2025-05-30,267.82,268.84,266.9,267.89,6989033
3370,7,2025-06-02,272.59,273.0,272.17,272.78,7674124
3371,7,2025-06-03,273.87,275.45,272.06,273.36,4360028
3372,7,2025-06-04,267.6,269.14,266.31,268.37,6582025
3373,7,2025-06-05,277.98,278.09,277.05,277.48,840529
3374,7,2025-06-06,282.55,283.84,281.51,282.88,2163342
3375,7,2025-06-09,284.83,286.95,283.49,285.29,5962790
3376,7,2025-06-10,290.49,291.55,288.95,290.63,2314674
3377,7,2025-06-11,292.85,293.56,292.3,292.78,4592525
3378,7,2025-06-12,289.59,291.42,289.26,290.67,4609652
3379,7,2025-06-13,309.24,310.97,307.35,308.28,4603718
3380,7,2025-06-16,308.3,308.89,306.73,307.15,7408530
3381,7,2025-06-17,310.41,311.16,309.28,309.54,855746
3382,7,2025-06-18,301.71,302.91,300.9,302.11,2575251
3383,7,2025-06-19,307.36,308.01,306.4,307.07,3477994
3384,7,2025-06-20,308.04,309.1,306.51,308.77,4955499
3385,7,2025-06-23,304.65,304.84,303.1,304.0,5748778
3386,7,2025-06-24,303.39,304.6,301.74,302.83,7171124
3387,7,2025-06-25,303.77,306.17,302.06,304.75,1210660
3388,7,2025-06-26,307.36,307.39,305.56,306.17,2711989
3389,7,2025-06-27,312.93,315.37,312.61,314.05,678447
3390,7,2025-06-30,311.64,312.33,310.66,311.1,6631794
3391,7,2025-07-01,318.01,319.41,318.01,319.07,1120197
3392,7,2025-07-02,314.56,316.3,313.96,315.48,6454146
3393,7,2025-07-03,303.94,305.31,303.18,305.02,6593420
3394,7,2025-07-04,301.62,301.77,300.42,300.62,2109490
3395,7,2025-07-07,300.94,302.69,298.86,300.04,5647952
3396,7,2025-07-08,296.17,297.87,295.07,296.74,739929
3397,7,2025-07-09,294.09,295.46,292.85,294.11,6833936
3398,7,2025-07-10,307.04,308.15,305.33,307.13,5812227
3399,7,2025-07-11,301.61,303.17,300.25,302.75,993221
3400,7,2025-07-14,298.86,300.75,297.15,300.04,5165305
3401,7,2025-07-15,308.04,310.53,306.97,309.25,522531
3402,7,2025-07-16,307.15,309.25,305.53,307.52,3713061
3403,7,2025-07-17,299.66,299.77,298.06,299.03,5201457
3404,7,2025-07-18,299.75,301.47,296.99,298.77,3026080
3405,7,2025-07-21,291.42,292.05,289.03,290.35,2327232
3406,7,2025-07-22,282.83,284.08,282.58,283.12,3210094
3407,7,2025-07-23,285.85,286.83,283.81,284.8,5330939
3408,7,2025-07-24,285.41,286.37,283.84,285.64,6681858
3409,7,2025-07-25,292.25,293.09,291.67,291.74,5715888
3410,7,2025-07-28,293.59,295.05,293.12,294.2,5601635
3411,7,2025-07-29,291.9,292.9,291.01,291.52,4857898
3412,7,2025-07-30,279.78,280.41,278.37,278.75,520843
3413,7,2025-07-31,274.71,274.97,273.4,273.94,2134746
3414,7,2025-08-01,274.58,275.95,274.17,274.29,2093874
3415,7,2025-08-04,272.47,272.77,271.43,271.61,4529291
3416,7,2025-08-05,273.56,274.35,273.25,274.25,7602687
3417,7,2025-08-06,274.13,274.63,272.09,273.49,1023080
3418,7,2025-08-07,271.4,271.45,270.82,270.89,7212726
3419,7,2025-08-08,264.19,264.5,262.98,264.5,4557603
3420,7,2025-08-11,268.83,269.65,267.55,267.94,1636001
3421,7,2025-08-12,269.48,270.06,269.26,269.71,7456387
3422,7,2025-08-13,268.11,269.67,266.57,268.58,7426472
3423,7,2025-08-14,261.88,262.76,259.31,260.85,3883607
3424,7,2025-08-15,263.79,265.15,262.9,263.04,4950643
3425,7,2025-08-18,258.28,259.04,256.8,258.97,2302020
3426,7,2025-08-19,256.67,258.03,255.09,256.32,7135582
3427,7,2025-08-20,259.22,259.34,258.46,259.18,3975254
3428,7,2025-08-21,261.73,263.67,261.73,262.73,3836882
3429,7,2025-08-22,265.73,267.59,264.85,266.45,1856994
3430,7,2025-08-25,268.75,270.44,268.59,268.9,6464462
3431,7,2025-08-26,268.2,269.98,266.93,268.51,4416904
3432,7,2025-08-27,266.53,267.68,264.56,265.66,4741575
3433,7,2025-08-28,258.2,258.53,257.62,258.19,4626785
3434,7,2025-08-29,260.62,262.42,260.13,261.49,6122184
3435,7,2025-09-01,260.04,260.19,258.75,259.62,833428
3436,7,2025-09-02,253.86,256.3,253.34,254.78,2272498
3437,7,2025-09-03,246.91,247.23,245.9,246.71,3315782
3438,7,2025-09-04,245.88,246.63,244.16,245.01,7244110
3439,7,2025-09-05,247.16,247.62,246.17,246.25,1219808
3440,7,2025-09-08,242.97,243.22,241.85,242.95,1718851
3441,7,2025-09-09,248.46,249.26,247.3,248.23,6790119
3442,7,2025-09-10,249.63,251.17,249.4,250.17,2389715
3443,7,2025-09-11,248.9,249.66,248.71,249.34,6119795
3444,7,2025-09-12,254.57,254.74,253.87,254.52,7651147
3445,7,2025-09-15,250.01,250.63,249.82,250.62,5204770
3446,7,2025-09-16,254.41,255.46,254.09,255.41,880307
3447,7,2025-09-17,261.43,262.22,260.3,262.02,4235202
3448,7,2025-09-18,260.01,260.21,257.92,259.28,2327744
3449,7,2025-09-19,259.65,259.85,258.93,259.07,3015988
3450,7,2025-09-22,256.88,258.2,256.57,257.81,5616364
3451,7,2025-09-23,260.42,260.78,258.52,259.81,3926885
3452,7,2025-09-24,255.75,257.43,255.6,256.04,4529518
3453,7,2025-09-25,256.32,257.55,255.4,257.3,3617829
3454,7,2025-09-26,259.47,260.54,257.53,258.68,4022573
3455,7,2025-09-29,254.89,255.13,253.01,254.15,4481644
3456,7,2025-09-30,257.77,259.77,257.36,258.56,6816101
3457,7,2025-10-01,257.29,258.78,257.04,258.18,4756168
3458,7,2025-10-02,250.24,250.54,249.46,249.64,4151359
3459,7,2025-10-03,245.51,246.06,244.16,245.4,6810759
3460,7,2025-10-06,246.24,246.92,244.33,245.44,7181935
3461,7,2025-10-07,241.23,241.35,239.67,240.4,3452872
3462,7,2025-10-08,244.7,245.41,244.27,244.97,6223002
3463,7,2025-10-09,244.72,245.47,243.28,244.84,5636433
3464,7,2025-10-10,251.54,251.83,251.0,251.33,3626241
3465,7,2025-10-13,257.67,258.62,257.47,257.92,1767074
3466,7,2025-10-14,257.59,259.71,257.41,258.34,2716382
3467,7,2025-10-15,260.18,260.58,258.89,260.37,3076420
3468,7,2025-10-16,263.37,264.47,262.62,263.05,1634791
3469,7,2025-10-17,259.42,260.91,258.31,259.14,4197442
3470,7,2025-10-20,251.98,253.42,250.07,251.0,6049289
3471,7,2025-10-21,252.85,253.85,251.61,253.38,1134765
3472,7,2025-10-22,252.55,253.59,251.95,252.35,2007598
3473,7,2025-10-23,249.9,252.09,248.42,250.63,7604260
3474,7,2025-10-24,254.49,254.77,252.97,253.53,932023
3475,7,2025-10-27,249.92,250.7,248.7,250.4,6566876
3476,7,2025-10-28,249.31,249.95,248.06,249.83,6862546
3477,7,2025-10-29,245.13,246.44,244.59,245.38,4001783
3478,7,2025-10-30,245.07,246.42,243.8,244.62,2514222
3479,7,2025-10-31,242.5,243.8,241.17,242.33,2511883
3480,7,2025-11-03,247.12,248.46,245.64,246.58,7602420
3481,7,2025-11-04,244.29,245.24,243.03,244.54,3447705
3482,7,2025-11-05,247.96,248.85,246.37,247.11,7717063
3483,7,2025-11-06,249.54,250.09,249.02,249.98,3274543
3484,7,2025-11-07,251.31,252.68,250.37,251.24,7439697
3485,7,2025-11-10,260.2,260.74,259.67,260.61,6203133
3486,7,2025-11-11,256.82,257.32,255.18,256.63,4817874
3487,7,2025-11-12,248.95,250.86,248.59,249.58,3899002
3488,7,2025-11-13,255.85,256.06,254.3,254.87,5880533
3489,7,2025-11-14,258.29,259.97,257.84,258.53,7982721
3490,7,2025-11-17,259.24,260.25,257.39,258.3,2358592
3491,7,2025-11-18,267.88,268.36,266.69,267.2,2817097
3492,7,2025-11-19,260.84,260.93,259.5,260.38,2150080
3493,7,2025-11-20,261.84,262.91,260.85,260.88,4506184
3494,7,2025-11-21,257.99,258.18,256.16,257.61,6664637
3495,7,2025-11-24,259.13,260.5,258.28,259.92,1192835
3496,7,2025-11-25,259.63,260.07,258.49,258.74,3220610
3497,7,2025-11-26,263.33,264.02,261.08,262.5,6481328
3498,7,2025-11-27,261.34,263.17,260.32,261.84,5590344
3499,7,2025-11-28,267.48,267.74,266.14,267.18,6619009
3500,7,2025-12-01,267.92,269.79,266.64,268.94,7064840
3501,8,2024-01-02,71.54,71.82,71.37,71.57,2929353
3502,8,2024-01-03,72.8,73.18,72.75,72.98,7332700
3503,8,2024-01-04,72.92,73.22,72.41,72.76,6602535
3504,8,2024-01-05,72.73,72.75,72.07,72.48,3256157
3505,8,2024-01-08,71.12,71.39,71.05,71.38,6922511
3506,8,2024-01-09,69.71,69.95,69.58,69.89,2898414
3507,8,2024-01-10,68.13,68.35,68.01,68.34,7757446
3508,8,2024-01-11,65.94,65.99,65.48,65.84,6222978
3509,8,2024-01-12,64.02,64.62,63.67,64.23,1988446
3510,8,2024-01-15,63.81,64.21,63.68,63.97,1656310
3511,8,2024-01-16,64.23,64.46,64.04,64.11,5946907
3512,8,2024-01-17,63.61,63.91,63.3,63.43,5893523
3513,8,2024-01-18,64.7,64.96,64.42,64.5,2259734
3514,8,2024-01-19,64.13,64.55,63.84,64.3,3820204
3515,8,2024-01-22,64.11,64.34,64.1,64.1,3226929
3516,8,2024-01-23,63.4,63.68,63.06,63.42,6736974
3517,8,2024-01-24,63.47,63.77,63.27,63.61,7789946
3518,8,2024-01-25,62.82,62.87,62.8,62.83,7820923
3519,8,2024-01-26,63.62,63.92,63.52,63.56,4292497
3520,8,2024-01-29,63.62,64.13,63.48,63.8,1240027
3521,8,2024-01-30,62.96,63.4,62.6,63.16,7853630
3522,8,2024-01-31,63.08,63.59,62.83,63.22,5240900
3523,8,2024-02-01,63.64,63.89,63.14,63.46,3760563
3524,8,2024-02-02,64.04,64.14,63.61,63.94,6345130
3525,8,2024-02-05,63.08,63.13,62.88,62.96,7773984
3526,8,2024-02-06,62.98,63.38,62.92,63.12,7642130
3527,8,2024-02-07,64.4,64.69,64.22,64.33,7978537
3528,8,2024-02-08,63.62,64.07,63.29,63.7,4745551
3529,8,2024-02-09,63.47,63.8,63.31,63.38,7687657
3530,8,2024-02-12,61.71,61.9,61.41,61.76,5134493
3531,8,2024-02-13,62.63,62.97,62.46,62.55,7228166
3532,8,2024-02-14,62.69,62.87,62.24,62.54,1000018
3533,8,2024-02-15,61.63,61.99,61.45,61.74,1284060
3534,8,2024-02-16,60.55,60.85,60.43,60.67,6925788
3535,8,2024-02-19,62.56,62.69,62.48,62.49,5449935
3536,8,2024-02-20,61.78,62.06,61.63,61.92,929989
3537,8,2024-02-21,62.16,62.61,61.99,62.3,3240312
3538,8,2024-02-22,60.5,60.98,60.21,60.71,837746
3539,8,2024-02-23,60.29,60.63,59.91,60.15,3262155
3540,8,2024-02-26,61.41,61.72,61.39,61.45,4746698
3541,8,2024-02-27,62.32,62.37,61.98,62.36,1184929
3542,8,2024-02-28,61.99,62.21,61.81,61.88,2907804
3543,8,2024-02-29,60.76,61.08,60.76,60.91,1528158
3544,8,2024-03-01,60.52,60.79,60.46,60.64,611816
3545,8,2024-03-04,59.33,59.79,59.3,59.53,2806107
3546,8,2024-03-05,58.68,58.88,58.21,58.47,3724973
3547,8,2024-03-06,59.52,59.75,59.36,59.51,4747960
3548,8,2024-03-07,59.19,59.26,59.12,59.17,4179121
3549,8,2024-03-08,58.82,59.09,58.72,58.77,5390257
3550,8,2024-03-11,58.92,58.93,58.5,58.84,5715896
3551,8,2024-03-12,60.13,60.34,60.0,60.14,6804950
3552,8,2024-03-13,60.08,60.42,59.62,59.87,7250819
3553,8,2024-03-14,59.42,59.63,59.14,59.6,2966117
3554,8,2024-03-15,58.61,59.09,58.37,58.75,6392282
3555,8,2024-03-18,58.17,58.36,58.13,58.34,1019398
3556,8,2024-03-19,58.02,58.29,57.7,57.87,3336019
3557,8,2024-03-20,59.21,59.56,59.04,59.23,5832248
3558,8,2024-03-21,58.96,59.35,58.77,59.2,3467324
3559,8,2024-03-22,58.62,58.8,58.42,58.65,4948143
3560,8,2024-03-25,60.34,60.66,60.1,60.14,6621618
3561,8,2024-03-26,59.5,59.51,59.11,59.41,747696
3562,8,2024-03-27,60.04,60.22,59.79,60.09,4026948
3563,8,2024-03-28,62.07,62.29,61.61,61.84,7721645
3564,8,2024-03-29,62.27,62.34,62.03,62.3,5375553
3565,8,2024-04-01,63.31,63.53,63.04,63.45,4951733
3566,8,2024-04-02,64.93,65.0,64.68,64.82,1711339
3567,8,2024-04-03,65.33,65.6,64.94,65.49,6899940
3568,8,2024-04-04,66.61,66.97,66.3,66.55,4696933
3569,8,2024-04-05,65.54,65.96,65.38,65.6,3759683
3570,8,2024-04-08,65.07,65.3,64.97,65.17,7258449
3571,8,2024-04-09,66.82,67.03,66.79,66.92,7225158
3572,8,2024-04-10,66.09,66.25,65.66,66.03,4918161
3573,8,2024-04-11,66.19,66.53,65.97,66.08,3881678
3574,8,2024-04-12,65.08,65.57,64.74,65.22,2478457
3575,8,2024-04-15,63.59,63.81,63.46,63.51,858081
3576,8,2024-04-16,63.18,63.42,62.95,63.26,4077710
3577,8,2024-04-17,66.5,66.71,66.1,66.41,4417887
3578,8,2024-04-18,65.22,65.32,64.93,65.03,1277085
3579,8,2024-04-19,67.58,67.63,67.26,67.54,1363576
3580,8,2024-04-22,67.69,67.71,67.55,67.7,7244283
3581,8,2024-04-23,67.01,67.32,66.79,66.94,4044632
3582,8,2024-04-24,66.92,67.27,66.82,66.87,2333253
3583,8,2024-04-25,67.81,67.97,67.43,67.84,1612862
3584,8,2024-04-26,68.2,68.43,67.8,68.14,1560763
3585,8,2024-04-29,67.88,68.12,67.58,68.07,3961032
3586,8,2024-04-30,67.15,67.5,66.75,66.96,4961791
3587,8,2024-05-01,67.64,67.98,67.18,67.57,4665329
3588,8,2024-05-02,69.06,69.44,68.68,69.1,5071129
3589,8,2024-05-03,69.96,70.17,69.85,70.04,2954420
3590,8,2024-05-06,69.68,69.77,69.58,69.74,4565298
3591,8,2024-05-07,67.86,68.05,67.52,67.97,1681784
3592,8,2024-05-08,69.94,70.0,69.49,69.85,1961771
3593,8,2024-05-09,69.05,69.38,69.05,69.11,2239930
3594,8,2024-05-10,69.32,69.59,69.11,69.35,5698598
3595,8,2024-05-13,69.95,70.3,69.76,69.77,6436022
3596,8,2024-05-14,68.88,69.14,68.31,68.61,7228897
3597,8,2024-05-15,67.87,68.26,67.67,67.73,6535382
3598,8,2024-05-16,67.12,67.61,66.93,67.34,7169514
3599,8,2024-05-17,68.52,68.64,67.9,68.25,938340
3600,8,2024-05-20,68.51,68.98,68.16,68.66,7604368
3601,8,2024-05-21,69.92,70.04,69.7,69.86,1858805
3602,8,2024-05-22,72.02,72.33,71.55,71.87,6190819
3603,8,2024-05-23,72.41,72.68,72.02,72.12,1522191
3604,8,2024-05-24,72.6,72.99,72.17,72.81,2116446
3605,8,2024-05-27,73.36,73.64,73.16,73.53,1007906
3606,8,2024-05-28,73.01,73.3,72.71,72.9,3922206
3607,8,2024-05-29,73.32,73.38,72.9,73.11,5074708
3608,8,2024-05-30,73.21,73.35,72.67,73.06,924991
3609,8,2024-05-31,72.62,73.29,72.54,72.87,2231227
3610,8,2024-06-03,74.2,74.54,73.79,74.15,1779704
3611,8,2024-06-04,75.48,75.84,75.21,75.23,4551378
3612,8,2024-06-05,75.43,75.88,75.07,75.46,6571245
3613,8,2024-06-06,76.08,76.58,76.01,76.38,1725549
3614,8,2024-06-07,73.65,73.78,73.09,73.48,938672
3615,8,2024-06-10,74.59,74.7,73.95,74.34,3969274
3616,8,2024-06-11,72.57,72.61,72.01,72.41,5316448
3617,8,2024-06-12,71.89,72.07,71.55,72.02,5005401
3618,8,2024-06-13,71.2,71.59,70.97,70.99,3198205
3619,8,2024-06-14,69.73,69.79,69.21,69.49,5216917
3620,8,2024-06-17,69.04,69.49,69.01,69.12,1666638
3621,8,2024-06-18,67.38,67.66,67.18,67.33,6186870
3622,8,2024-06-19,65.98,66.19,65.78,66.09,6046231
3623,8,2024-06-20,67.49,67.67,67.11,67.42,1072318
3624,8,2024-06-21,66.83,67.05,66.79,66.99,853597
3625,8,2024-06-24,63.71,64.22,63.34,63.95,4645991
3626,8,2024-06-25,63.55,63.84,63.38,63.4,7372480
3627,8,2024-06-26,64.05,64.38,63.68,63.87,5701894
3628,8,2024-06-27,63.98,64.34,63.6,63.83,3143913
3629,8,2024-06-28,62.38,62.63,62.15,62.5,6014139
3630,8,2024-07-01,61.91,61.95,61.67,61.71,1816271
3631,8,2024-07-02,64.08,64.18,63.74,63.96,1863409
3632,8,2024-07-03,62.19,62.75,62.13,62.43,1347401
3633,8,2024-07-04,63.31,63.41,62.88,63.22,3368751
3634,8,2024-07-05,65.02,65.37,64.49,64.78,511307
3635,8,2024-07-08,64.31,64.42,63.89,64.06,7286326
3636,8,2024-07-09,63.66,64.1,63.46,63.91,4314309
3637,8,2024-07-10,62.92,63.04,62.85,63.03,6951360
3638,8,2024-07-11,62.63,62.77,62.38,62.57,3120206
3639,8,2024-07-12,60.7,61.1,60.52,60.85,5179355
3640,8,2024-07-15,59.62,59.76,59.2,59.43,2069023
3641,8,2024-07-16,60.73,60.91,60.67,60.82,7409614
3642,8,2024-07-17,60.36,60.66,60.3,60.37,3190195
3643,8,2024-07-18,61.23,61.36,61.01,61.05,6571409
3644,8,2024-07-19,61.83,62.26,61.62,62.01,7455848
3645,8,2024-07-22,62.36,62.92,62.0,62.58,6264536
3646,8,2024-07-23,63.21,63.41,63.09,63.36,6180881
3647,8,2024-07-24,63.0,63.21,62.73,63.03,1656269
3648,8,2024-07-25,61.92,62.27,61.65,61.97,5480602
3649,8,2024-07-26,62.25,62.44,62.15,62.31,4357790
3650,8,2024-07-29,62.32,62.52,62.21,62.24,2035720
3651,8,2024-07-30,63.68,63.7,63.45,63.55,4508245
3652,8,2024-07-31,64.8,65.07,64.56,64.62,6641915
3653,8,2024-08-01,66.39,66.94,66.08,66.61,3290848
3654,8,2024-08-02,67.7,68.08,67.34,67.81,5834215
3655,8,2024-08-05,65.47,65.68,65.06,65.45,2734656
3656,8,2024-08-06,64.66,65.21,64.62,64.91,2950374
3657,8,2024-08-07,64.46,64.68,64.41,64.56,6776151
3658,8,2024-08-08,64.2,64.76,64.13,64.45,7460514
3659,8,2024-08-09,65.73,65.92,65.33,65.66,4405857
3660,8,2024-08-12,65.13,65.5,64.74,64.98,2613267
3661,8,2024-08-13,66.49,66.54,66.17,66.35,1469758
3662,8,2024-08-14,64.83,65.0,64.59,64.93,5861442
3663,8,2024-08-15,64.14,64.43,64.02,64.36,979728
3664,8,2024-08-16,64.53,64.88,64.33,64.64,6468782
3665,8,2024-08-19,66.34,66.7,65.88,66.11,6964042
3666,8,2024-08-20,67.59,67.63,67.05,67.4,3848851
3667,8,2024-08-21,68.05,68.45,67.88,67.99,5679910
3668,8,2024-08-22,66.69,66.97,66.41,66.91,1331702
3669,8,2024-08-23,66.75,66.92,66.54,66.55,5661416
3670,8,2024-08-26,66.28,66.45,66.27,66.45,7521846
3671,8,2024-08-27,66.3,66.62,65.95,66.46,528866
3672,8,2024-08-28,65.07,65.2,64.94,65.01,2332038
3673,8,2024-08-29,64.3,64.66,63.98,64.19,1713791
3674,8,2024-08-30,64.02,64.38,63.96,64.07,6337650
3675,8,2024-09-02,64.12,64.35,63.95,64.14,6669762
3676,8,2024-09-03,63.89,64.25,63.43,63.76,1829828
3677,8,2024-09-04,61.71,61.9,61.2,61.52,5548812
3678,8,2024-09-05,60.94,61.01,60.46,60.75,3556317
3679,8,2024-09-06,60.82,61.15,60.41,60.76,7347882
3680,8,2024-09-09,59.61,59.88,59.42,59.49,3911568
3681,8,2024-09-10,59.75,59.79,59.19,59.53,1924039
3682,8,2024-09-11,61.0,61.29,60.84,60.92,2192066
3683,8,2024-09-12,60.58,60.76,60.2,60.56,3119957
3684,8,2024-09-13,60.12,60.54,59.86,60.27,974755
3685,8,2024-09-16,58.74,59.07,58.61,58.61,7645006
3686,8,2024-09-17,58.87,59.02,58.64,58.88,3668689
3687,8,2024-09-18,58.24,58.25,57.89,58.2,4536696
3688,8,2024-09-19,57.32,57.73,57.23,57.5,6277433
3689,8,2024-09-20,56.66,56.83,56.5,56.69,4273759
3690,8,2024-09-23,55.75,56.25,55.61,55.92,6899215
3691,8,2024-09-24,55.08,55.39,55.02,55.17,5566677
3692,8,2024-09-25,54.43,54.7,54.17,54.22,3430919
3693,8,2024-09-26,52.56,52.73,52.51,52.61,7024082
3694,8,2024-09-27,54.39,54.42,54.25,54.35,2031050
3695,8,2024-09-30,53.57,53.62,53.3,53.4,5017579
3696,8,2024-10-01,52.64,52.84,52.56,52.57,3832532
3697,8,2024-10-02,52.59,52.6,52.35,52.44,4063846
3698,8,2024-10-03,53.06,53.19,52.76,52.95,7977619
3699,8,2024-10-04,53.97,54.13,53.74,53.92,4649343
3700,8,2024-10-07,54.39,54.49,54.12,54.34,2411825
3701,8,2024-10-08,53.59,53.72,53.53,53.56,4317942
3702,8,2024-10-09,54.79,55.05,54.38,54.65,1344084
3703,8,2024-10-10,53.87,54.19,53.76,53.89,3490009
3704,8,2024-10-11,54.14,54.4,54.07,54.1,3356154
3705,8,2024-10-14,54.22,54.43,53.97,54.33,1749989
3706,8,2024-10-15,53.22,53.48,52.88,53.16,2950002
3707,8,2024-10-16,54.26,54.32,54.01,54.05,3940106
3708,8,2024-10-17,55.66,55.8,55.45,55.7,959049
3709,8,2024-10-18,56.08,56.16,55.89,56.06,6276293
3710,8,2024-10-21,55.33,55.85,55.14,55.55,1924654
3711,8,2024-10-22,55.43,55.65,55.25,55.43,2277208
3712,8,2024-10-23,55.25,55.41,54.93,55.21,6076346
3713,8,2024-10-24,56.17,56.25,55.91,55.96,7700985
3714,8,2024-10-25,56.69,57.0,56.54,56.56,2096405
3715,8,2024-10-28,56.0,56.14,55.69,55.89,7020790
3716,8,2024-10-29,54.5,54.71,54.46,54.46,7761807
3717,8,2024-10-30,54.0,54.25,53.91,53.98,3787061
3718,8,2024-10-31,54.65,54.93,54.31,54.63,3739949
3719,8,2024-11-01,53.6,53.84,53.59,53.6,1387363
3720,8,2024-11-04,53.13,53.28,52.93,53.15,761896
3721,8,2024-11-05,54.35,54.67,54.31,54.38,2231946
3722,8,2024-11-06,55.65,55.75,55.14,55.47,1486450
3723,8,2024-11-07,55.24,55.47,54.92,55.25,4689695
3724,8,2024-11-08,55.29,55.57,54.98,55.11,2756626
3725,8,2024-11-11,55.79,55.83,55.36,55.66,5084613
3726,8,2024-11-12,55.79,55.98,55.69,55.82,3691026
3727,8,2024-11-13,56.74,57.09,56.62,56.88,2115911
3728,8,2024-11-14,59.15,59.39,58.93,59.09,720496
3729,8,2024-11-15,57.85,58.08,57.61,57.9,2942602
3730,8,2024-11-18,57.98,58.19,57.82,57.93,1222916
3731,8,2024-11-19,58.17,58.3,57.88,58.3,7770868
3732,8,2024-11-20,57.55,57.9,57.47,57.64,1746681
3733,8,2024-11-21,58.52,58.99,58.38,58.73,5438090
3734,8,2024-11-22,56.96,57.28,56.74,56.76,5878483
3735,8,2024-11-25,54.57,54.78,54.36,54.51,1677897
3736,8,2024-11-26,55.04,55.21,54.74,54.92,2347855
3737,8,2024-11-27,54.52,54.7,54.39,54.45,4883419
3738,8,2024-11-28,55.09,55.41,54.98,55.18,5846019
3739,8,2024-11-29,55.03,55.13,54.7,54.82,1130250
3740,8,2024-12-02,55.58,55.88,55.56,55.77,6887596
3741,8,2024-12-03,56.44,56.77,56.33,56.62,4037119
3742,8,2024-12-04,57.02,57.24,56.78,56.9,1558595
3743,8,2024-12-05,55.87,56.12,55.73,55.77,6421030
3744,8,2024-12-06,56.24,56.38,56.14,56.26,6543332
3745,8,2024-12-09,55.58,55.97,55.51,55.67,3000275
3746,8,2024-12-10,55.4,55.59,55.33,55.41,1436088
3747,8,2024-12-11,55.65,55.88,55.44,55.52,5332323
3748,8,2024-12-12,56.14,56.47,55.81,55.95,780759
3749,8,2024-12-13,54.61,55.05,54.58,54.75,6458029
3750,8,2024-12-16,54.96,55.12,54.96,54.97,6704074
3751,8,2024-12-17,54.01,54.26,53.87,54.2,2792971
3752,8,2024-12-18,54.49,54.78,54.19,54.56,5967039
3753,8,2024-12-19,52.83,52.86,52.64,52.82,1305349
3754,8,2024-12-20,53.0,53.19,52.91,53.03,7020173
3755,8,2024-12-23,51.48,51.62,51.43,51.5,6568041
3756,8,2024-12-24,51.59,51.62,51.46,51.56,2074251
3757,8,2024-12-25,50.63,50.9,50.41,50.6,3725087
3758,8,2024-12-26,51.55,51.66,51.17,51.36,4813366
3759,8,2024-12-27,51.58,51.9,51.41,51.74,4097679
3760,8,2024-12-30,50.41,50.57,50.31,50.38,7483427
3761,8,2024-12-31,50.35,50.51,50.14,50.27,4415504
3762,8,2025-01-01,49.93,49.98,49.68,49.77,2577015
3763,8,2025-01-02,51.14,51.45,50.86,51.22,5524939
3764,8,2025-01-03,50.73,50.91,50.51,50.64,4707800
3765,8,2025-01-06,52.04,52.14,51.66,51.88,3113971
3766,8,2025-01-07,50.69,50.98,50.46,50.69,6819402
3767,8,2025-01-08,51.17,51.37,50.94,51.19,5069020
3768,8,2025-01-09,51.54,51.8,51.12,51.38,6650012
3769,8,2025-01-10,51.11,51.38,50.91,51.05,1114619
3770,8,2025-01-13,51.96,52.27,51.78,52.16,2744365
3771,8,2025-01-14,54.41,54.67,54.02,54.28,2045830
3772,8,2025-01-15,53.82,54.1,53.65,53.82,3434139
3773,8,2025-01-16,53.54,53.75,53.38,53.45,4270831
3774,8,2025-01-17,53.52,53.79,53.38,53.41,1114370
3775,8,2025-01-20,53.51,53.69,53.42,53.51,7373266
3776,8,2025-01-21,56.39,56.69,56.34,56.35,6461951
3777,8,2025-01-22,55.4,55.59,54.97,55.25,6750458
3778,8,2025-01-23,53.59,53.8,53.47,53.61,1608552
3779,8,2025-01-24,55.09,55.16,54.79,55.05,1170727
3780,8,2025-01-27,53.5,53.6,53.19,53.36,6131434
3781,8,2025-01-28,53.52,53.76,53.2,53.41,1963691
3782,8,2025-01-29,52.43,52.44,52.13,52.36,1413954
3783,8,2025-01-30,52.25,52.76,52.08,52.45,6896234
3784,8,2025-01-31,53.94,54.03,53.52,53.73,2863618
3785,8,2025-02-03,54.67,54.89,54.5,54.87,6697638
3786,8,2025-02-04,56.13,56.41,55.75,55.99,820373
3787,8,2025-02-05,54.96,55.28,54.89,55.04,1022590
3788,8,2025-02-06,56.8,57.11,56.53,56.87,4221420
3789,8,2025-02-07,56.33,56.36,55.91,56.14,4322427
3790,8,2025-02-10,56.92,57.11,56.8,56.87,2314958
3791,8,2025-02-11,55.78,55.96,55.4,55.73,7824291
3792,8,2025-02-12,54.84,54.98,54.57,54.69,7667197
3793,8,2025-02-13,54.07,54.35,53.74,54.01,2295565
3794,8,2025-02-14,54.25,54.32,54.14,54.26,7079155
3795,8,2025-02-17,54.89,55.16,54.87,54.93,1505179
3796,8,2025-02-18,55.45,55.53,55.28,55.44,3927018
3797,8,2025-02-19,56.2,56.5,56.08,56.24,535144
3798,8,2025-02-20,55.45,55.54,55.09,55.26,3332832
3799,8,2025-02-21,55.37,55.5,55.26,55.28,1286323
3800,8,2025-02-24,55.9,56.05,55.36,55.68,5259544
3801,8,2025-02-25,56.19,56.5,55.91,56.05,2492007
3802,8,2025-02-26,57.49,57.82,57.26,57.27,5519591
3803,8,2025-02-27,56.99,56.99,56.72,56.77,3647738
3804,8,2025-02-28,56.6,56.95,56.43,56.63,1268364
3805,8,2025-03-03,55.62,55.82,55.42,55.64,4939832
3806,8,2025-03-04,54.67,54.98,54.36,54.54,4813495
3807,8,2025-03-05,55.56,55.92,55.26,55.67,6952002
3808,8,2025-03-06,56.08,56.31,56.02,56.02,1802753
3809,8,2025-03-07,54.24,54.54,54.09,54.34,2522168
3810,8,2025-03-10,54.22,54.62,54.19,54.3,5801838
3811,8,2025-03-11,55.16,55.45,55.1,55.14,4182199
3812,8,2025-03-12,53.67,53.97,53.66,53.69,7758764
3813,8,2025-03-13,54.77,55.03,54.31,54.56,6793577
3814,8,2025-03-14,52.38,52.62,52.01,52.25,763360
3815,8,2025-03-17,52.05,52.22,52.03,52.05,4200632
3816,8,2025-03-18,52.7,52.84,52.44,52.68,7713504
3817,8,2025-03-19,52.78,53.06,52.64,52.82,6720500
3818,8,2025-03-20,53.36,53.76,53.16,53.53,5170164
3819,8,2025-03-21,55.22,55.63,54.93,55.35,7769934
3820,8,2025-03-24,56.83,57.02,56.79,56.97,2483805
3821,8,2025-03-25,57.04,57.37,56.98,57.14,7024180
3822,8,2025-03-26,57.61,57.82,57.17,57.42,3170746
3823,8,2025-03-27,57.45,57.47,57.31,57.33,5676059
3824,8,2025-03-28,57.47,57.76,57.29,57.38,4737696
3825,8,2025-03-31,58.08,58.37,57.72,57.95,946229
3826,8,2025-04-01,58.81,59.04,58.78,58.82,5257188
3827,8,2025-04-02,59.95,60.12,59.72,59.93,6015340
3828,8,2025-04-03,61.36,61.65,61.0,61.38,6991626
3829,8,2025-04-04,60.58,60.77,60.4,60.74,2739104
3830,8,2025-04-07,60.26,60.54,60.16,60.43,7175554
3831,8,2025-04-08,59.96,60.04,59.66,60.0,887132
3832,8,2025-04-09,59.29,59.57,59.13,59.43,5656567
3833,8,2025-04-10,59.56,59.87,59.31,59.72,1773764
3834,8,2025-04-11,61.15,61.21,60.93,60.94,4959176
3835,8,2025-04-14,61.31,61.46,61.07,61.12,4784309
3836,8,2025-04-15,60.21,60.7,59.99,60.35,574822
3837,8,2025-04-16,58.71,58.97,58.63,58.93,3001537
3838,8,2025-04-17,59.42,59.76,59.27,59.28,3960461
3839,8,2025-04-18,59.08,59.09,58.8,58.96,1701857
3840,8,2025-04-21,58.5,58.87,58.36,58.68,809423
3841,8,2025-04-22,56.59,56.76,56.45,56.52,687137
3842,8,2025-04-23,56.57,56.67,56.11,56.42,6301054
3843,8,2025-04-24,56.6,56.63,56.31,56.37,6558073
3844,8,2025-04-25,54.8,54.96,54.6,54.6,2426264
3845,8,2025-04-28,54.84,55.12,54.39,54.63,2698518
3846,8,2025-04-29,55.11,55.41,54.93,54.99,1581685
3847,8,2025-04-30,54.84,54.98,54.64,54.91,6164966
3848,8,2025-05-01,54.64,55.03,54.33,54.79,5978190
3849,8,2025-05-02,54.23,54.49,53.94,54.09,1852208
3850,8,2025-05-05,53.75,53.82,53.64,53.7,5311645
3851,8,2025-05-06,53.64,53.8,53.44,53.46,3992140
3852,8,2025-05-07,53.97,54.2,53.82,53.83,7780059
3853,8,2025-05-08,55.57,55.69,55.24,55.42,1339600
3854,8,2025-05-09,57.05,57.29,56.85,57.26,1328300
3855,8,2025-05-12,58.71,58.74,58.23,58.51,4553694
3856,8,2025-05-13,58.13,58.44,58.03,58.18,5049877
3857,8,2025-05-14,57.14,57.29,56.84,57.15,7854985
3858,8,2025-05-15,57.02,57.06,56.78,56.94,7993454
3859,8,2025-05-16,57.87,58.13,57.86,57.97,6119010
3860,8,2025-05-19,57.3,57.55,56.96,57.33,7825405
3861,8,2025-05-20,57.46,57.85,57.42,57.56,3778874
3862,8,2025-05-21,57.54,57.89,57.29,57.75,6230684
3863,8,2025-05-22,59.61,59.69,59.19,59.4,5977716
3864,8,2025-05-23,58.51,58.76,58.4,58.69,2228459
3865,8,2025-05-26,57.39,57.82,57.37,57.49,1682902
3866,8,2025-05-27,57.08,57.54,56.94,57.21,2557407
3867,8,2025-05-28,57.63,57.88,57.57,57.86,6076102
3868,8,2025-05-29,59.4,59.74,59.35,59.41,609086
3869,8,2025-05-30,59.34,59.56,59.32,59.48,636302
3870,8,2025-06-02,59.49,59.57,59.37,59.48,5857379
3871,8,2025-06-03,58.67,58.86,58.49,58.85,4788029
3872,8,2025-06-04,59.46,59.82,59.28,59.33,1393332
3873,8,2025-06-05,59.64,59.94,59.29,59.42,6147264
3874,8,2025-06-06,59.29,59.58,59.18,59.23,4208540
3875,8,2025-06-09,60.9,61.1,60.58,60.86,5950667
3876,8,2025-06-10,60.28,60.5,60.02,60.16,4563327
3877,8,2025-06-11,60.33,60.67,59.75,60.09,6999505
3878,8,2025-06-12,59.23,59.4,59.12,59.21,2337078
3879,8,2025-06-13,61.68,62.04,61.33,61.52,5632226
3880,8,2025-06-16,62.21,62.37,62.17,62.33,6762744
3881,8,2025-06-17,62.6,63.14,62.48,62.8,5466146
3882,8,2025-06-18,62.72,62.86,62.6,62.7,4259363
3883,8,2025-06-19,62.8,63.26,62.73,62.89,2448306
3884,8,2025-06-20,60.19,60.19,59.89,60.02,2929564
3885,8,2025-06-23,59.9,60.24,59.56,60.12,5054071
3886,8,2025-06-24,61.14,61.48,60.89,61.27,6974226
3887,8,2025-06-25,60.51,60.75,60.46,60.73,7109259
3888,8,2025-06-26,61.12,61.42,60.75,61.01,4543061
3889,8,2025-06-27,62.34,62.59,61.94,62.13,4973476
3890,8,2025-06-30,63.02,63.39,62.83,62.89,7180121
3891,8,2025-07-01,63.8,63.82,63.7,63.8,2935712
3892,8,2025-07-02,64.73,65.01,64.38,64.92,5278801
3893,8,2025-07-03,65.54,65.63,64.92,65.31,630476
3894,8,2025-07-04,66.18,66.35,66.14,66.29,6286921
3895,8,2025-07-07,67.66,67.98,67.38,67.75,7537010
3896,8,2025-07-08,67.38,67.7,66.92,67.31,3094636
3897,8,2025-07-09,69.34,69.39,69.11,69.12,3984861
3898,8,2025-07-10,69.18,69.39,69.0,69.36,676487
3899,8,2025-07-11,70.79,70.98,70.76,70.77,5925547
3900,8,2025-07-14,71.78,71.86,71.22,71.64,1453642
3901,8,2025-07-15,71.36,71.55,71.3,71.4,5411479
3902,8,2025-07-16,68.39,68.73,68.23,68.52,4233188
3903,8,2025-07-17,66.54,67.01,66.19,66.69,7350848
3904,8,2025-07-18,67.72,67.84,67.28,67.58,7779837
3905,8,2025-07-21,67.16,67.53,66.76,67.35,6890976
3906,8,2025-07-22,67.98,68.43,67.97,68.09,5165294
3907,8,2025-07-23,68.05,68.36,67.8,68.05,2037183
3908,8,2025-07-24,68.33,68.54,68.15,68.21,2261588
3909,8,2025-07-25,67.03,67.2,66.97,67.04,7551509
3910,8,2025-07-28,66.75,67.05,66.57,66.62,3941354
3911,8,2025-07-29,68.06,68.27,67.45,67.8,5776942
3912,8,2025-07-30,67.41,67.61,67.13,67.47,3501420
3913,8,2025-07-31,68.13,68.52,67.61,67.87,3814473
3914,8,2025-08-01,68.7,69.05,68.25,68.43,6921944
3915,8,2025-08-04,68.23,68.59,67.96,68.25,4836358
3916,8,2025-08-05,70.06,70.21,69.97,69.98,7812254
3917,8,2025-08-06,71.18,71.39,71.05,71.18,1591808
3918,8,2025-08-07,72.03,72.55,71.68,72.18,2806996
3919,8,2025-08-08,71.87,72.04,71.67,71.74,1328471
3920,8,2025-08-11,72.79,73.38,72.6,73.03,2395833
3921,8,2025-08-12,72.89,73.22,72.81,72.97,7774224
3922,8,2025-08-13,71.87,71.99,71.65,71.78,6637702
3923,8,2025-08-14,71.99,72.2,71.79,71.87,4628234
3924,8,2025-08-15,71.33,71.52,71.31,71.31,5515175
3925,8,2025-08-18,71.54,71.88,71.22,71.44,6980000
3926,8,2025-08-19,72.56,72.88,72.15,72.38,2579205
3927,8,2025-08-20,73.22,73.39,72.55,72.93,637149
3928,8,2025-08-21,71.62,71.97,70.99,71.42,1863086
3929,8,2025-08-22,72.74,73.14,72.62,72.85,6516104
3930,8,2025-08-25,74.97,75.55,74.92,75.16,3510864
3931,8,2025-08-26,74.38,74.38,73.94,74.36,4225034
3932,8,2025-08-27,76.2,76.78,75.8,76.45,3387879
3933,8,2025-08-28,77.13,77.73,77.08,77.4,3850413
3934,8,2025-08-29,77.57,77.86,76.94,77.37,871239
3935,8,2025-09-01,78.62,78.72,77.92,78.35,4061329
3936,8,2025-09-02,78.75,79.04,78.42,78.99,6106539
3937,8,2025-09-03,77.77,77.96,77.31,77.68,1287217
3938,8,2025-09-04,76.95,77.13,76.45,76.87,6204197
3939,8,2025-09-05,78.93,79.29,78.84,78.86,4304950
3940,8,2025-09-08,77.85,78.41,77.46,78.1,5270994
3941,8,2025-09-09,78.6,78.69,78.54,78.68,2045247
3942,8,2025-09-10,77.54,77.68,77.29,77.58,5796266
3943,8,2025-09-11,80.78,81.11,80.34,80.74,4419396
3944,8,2025-09-12,80.92,81.31,80.7,81.25,6203395
3945,8,2025-09-15,81.21,81.27,80.91,80.93,5676945
3946,8,2025-09-16,79.12,79.66,78.65,79.36,1659715
3947,8,2025-09-17,81.33,81.62,80.61,81.09,2384856
3948,8,2025-09-18,79.76,79.82,79.67,79.77,3041360
3949,8,2025-09-19,79.98,80.45,79.55,80.03,552305
3950,8,2025-09-22,81.81,82.08,81.29,81.62,5872385
3951,8,2025-09-23,80.98,81.22,80.74,80.74,5384988
3952,8,2025-09-24,81.9,82.04,81.4,81.79,1512150
3953,8,2025-09-25,84.3,84.95,84.11,84.53,785385
3954,8,2025-09-26,82.14,82.44,81.45,81.82,4636145
3955,8,2025-09-29,82.62,82.63,82.11,82.51,5616801
3956,8,2025-09-30,81.51,81.82,81.17,81.6,2344308
3957,8,2025-10-01,83.46,83.93,83.02,83.55,1565281
3958,8,2025-10-02,80.77,81.24,80.37,80.89,7209868
3959,8,2025-10-03,81.24,82.02,81.14,81.57,3229840
3960,8,2025-10-06,80.61,81.07,79.99,80.3,6251328
3961,8,2025-10-07,81.22,81.56,80.66,81.0,5150020
3962,8,2025-10-08,80.74,81.02,80.36,80.5,6914595
3963,8,2025-10-09,79.21,79.95,78.85,79.52,5005152
3964,8,2025-10-10,79.73,80.12,79.38,79.53,2214748
3965,8,2025-10-13,80.12,80.62,79.94,80.39,6556570
3966,8,2025-10-14,81.57,81.76,81.4,81.54,5846863
3967,8,2025-10-15,81.93,82.35,81.53,81.64,4624629
3968,8,2025-10-16,83.59,84.02,83.18,83.86,7103483
3969,8,2025-10-17,83.45,84.11,83.2,83.61,6651971
3970,8,2025-10-20,85.45,85.67,84.9,85.39,2900429
3971,8,2025-10-21,85.63,86.1,85.4,85.46,4595064
3972,8,2025-10-22,86.6,87.13,86.34,86.89,6553850
3973,8,2025-10-23,88.51,88.78,88.27,88.33,3217104
3974,8,2025-10-24,89.71,90.42,89.36,89.96,6218204
3975,8,2025-10-27,90.48,90.89,90.4,90.68,6400759
3976,8,2025-10-28,89.0,89.44,88.47,89.04,6287764
3977,8,2025-10-29,87.25,87.69,87.02,87.5,704873
3978,8,2025-10-30,88.15,88.8,87.91,88.36,3212403
3979,8,2025-10-31,89.3,89.85,88.9,89.31,4108658
3980,8,2025-11-03,86.98,87.09,86.57,86.82,2801717
3981,8,2025-11-04,86.68,87.13,86.25,86.9,6804024
3982,8,2025-11-05,87.22,87.39,86.98,87.22,1858009
3983,8,2025-11-06,89.06,89.59,88.85,89.18,4460579
3984,8,2025-11-07,90.2,90.68,89.75,89.85,4371458
3985,8,2025-11-10,89.68,89.88,89.68,89.74,5395269
3986,8,2025-11-11,90.16,90.36,89.9,90.25,1006983
3987,8,2025-11-12,90.74,91.25,90.21,90.85,3506650
3988,8,2025-11-13,89.88,90.01,89.55,89.94,2134160
3989,8,2025-11-14,87.67,87.99,87.22,87.43,5538664
3990,8,2025-11-17,86.69,87.15,86.21,87.01,4424866
3991,8,2025-11-18,84.98,85.56,84.58,85.2,6330655
3992,8,2025-11-19,86.51,86.86,86.5,86.68,4436197
3993,8,2025-11-20,88.05,88.38,87.66,88.07,7677448
3994,8,2025-11-21,85.64,86.2,85.42,85.76,2430292
3995,8,2025-11-24,86.91,87.08,86.57,86.8,6025590
3996,8,2025-11-25,86.9,87.36,86.64,86.9,3042506
3997,8,2025-11-26,86.6,87.26,86.58,86.89,6733801
3998,8,2025-11-27,88.62,88.7,88.51,88.6,2075434
3999,8,2025-11-28,86.13,86.26,86.1,86.16,1820477
4000,8,2025-12-01,88.21,88.29,87.84,87.9,6211825
4001,9,2024-01-02,194.39,195.11,193.26,194.4,1299559
4002,9,2024-01-03,189.53,190.93,189.35,190.04,7122806
4003,9,2024-01-04,188.68,189.14,187.55,188.17,742864
4004,9,2024-01-05,189.78,190.4,189.3,190.28,4839386
4005,9,2024-01-08,191.66,192.19,191.45,192.15,3599065
4006,9,2024-01-09,199.55,200.23,198.16,198.82,1217415
4007,9,2024-01-10,201.99,202.31,200.7,201.7,954125
4008,9,2024-01-11,201.5,202.55,200.88,201.42,7126535
4009,9,2024-01-12,202.5,202.6,200.89,202.01,3842361
4010,9,2024-01-15,194.34,195.38,193.11,193.91,7560217
4011,9,2024-01-16,192.92,194.38,192.71,193.41,7376152
4012,9,2024-01-17,195.54,196.0,195.41,195.73,6562549
4013,9,2024-01-18,197.26,198.51,196.18,197.35,539970
4014,9,2024-01-19,199.43,200.54,198.54,199.87,6171740
4015,9,2024-01-22,199.99,200.73,198.65,199.38,7899805
4016,9,2024-01-23,200.33,201.45,200.07,200.61,5035334
4017,9,2024-01-24,205.42,206.03,203.95,204.61,1152549
4018,9,2024-01-25,209.47,209.62,208.33,208.81,3110462
4019,9,2024-01-26,218.77,219.33,218.49,218.66,3728353
4020,9,2024-01-29,221.78,222.45,221.34,221.92,1787341
4021,9,2024-01-30,224.98,226.65,224.18,225.33,2485812
4022,9,2024-01-31,221.97,222.75,221.5,221.53,5920894
4023,9,2024-02-01,216.28,216.63,215.31,216.63,7952879
4024,9,2024-02-02,216.99,218.1,216.53,216.55,834461
4025,9,2024-02-05,222.11,224.1,220.99,222.82,4962663
4026,9,2024-02-06,222.73,224.36,221.53,223.33,6324721
4027,9,2024-02-07,230.76,231.29,230.4,231.25,4793167
4028,9,2024-02-08,227.56,228.72,226.34,228.41,3113719
4029,9,2024-02-09,228.6,229.74,228.11,229.51,805527
4030,9,2024-02-12,232.82,234.09,231.12,232.24,3080393
4031,9,2024-02-13,235.1,235.42,233.9,234.38,2964205
4032,9,2024-02-14,234.55,235.81,233.83,234.14,3536150
4033,9,2024-02-15,229.01,229.96,228.61,228.9,1952307
4034,9,2024-02-16,229.37,229.63,228.64,228.86,6873514
4035,9,2024-02-19,226.9,227.04,226.17,227.03,3101147
4036,9,2024-02-20,229.1,229.84,227.76,228.65,1418366
4037,9,2024-02-21,232.79,232.91,231.09,232.32,931491
4038,9,2024-02-22,226.51,227.53,225.47,226.0,7307551
4039,9,2024-02-23,222.62,222.78,221.49,221.82,4223097
4040,9,2024-02-26,217.83,218.99,217.43,218.36,3287714
4041,9,2024-02-27,222.84,223.84,221.68,223.04,5306879
4042,9,2024-02-28,230.65,231.9,230.05,230.53,7894877
4043,9,2024-02-29,232.25,232.55,231.93,232.44,4112131
4044,9,2024-03-01,233.34,234.4,232.01,233.84,6912281
4045,9,2024-03-04,233.71,234.42,232.11,233.39,2389058
4046,9,2024-03-05,236.39,238.43,235.39,237.14,7177671
4047,9,2024-03-06,233.59,233.62,232.29,233.09,1687543
4048,9,2024-03-07,235.71,236.47,234.88,235.26,7059199
4049,9,2024-03-08,235.4,235.49,234.04,235.02,6950448
4050,9,2024-03-11,237.58,238.31,237.19,237.86,5898465
4051,9,2024-03-12,240.82,241.93,239.61,241.58,4380685
4052,9,2024-03-13,246.0,247.47,245.32,246.11,1547431
4053,9,2024-03-14,234.3,235.58,233.1,234.54,1649940
4054,9,2024-03-15,236.29,237.83,235.28,237.06,2407792
4055,9,2024-03-18,239.1,240.24,237.44,238.28,6019653
4056,9,2024-03-19,235.67,236.1,234.02,234.79,4194786
4057,9,2024-03-20,230.06,230.33,229.16,229.45,2258586
4058,9,2024-03-21,231.39,232.83,230.62,232.01,3157176
4059,9,2024-03-22,227.67,228.95,226.69,228.48,5491341
4060,9,2024-03-25,233.88,234.27,231.79,233.03,3001576
4061,9,2024-03-26,226.22,226.94,224.67,225.79,4561144
4062,9,2024-03-27,226.6,227.03,225.15,225.74,6453010
4063,9,2024-03-28,229.7,231.29,229.15,230.59,1439969
4064,9,2024-03-29,236.34,236.58,235.75,236.18,2125298
4065,9,2024-04-01,238.37,238.49,237.09,237.92,1765797
4066,9,2024-04-02,228.83,229.71,228.35,229.46,6162364
4067,9,2024-04-03,226.33,227.6,225.25,225.8,6176997
4068,9,2024-04-04,226.0,226.6,224.37,225.12,1915272
4069,9,2024-04-05,226.04,226.16,224.49,225.77,6446891
4070,9,2024-04-08,217.07,217.87,216.7,217.51,4800482
4071,9,2024-04-09,212.07,212.9,211.39,211.89,6736064
4072,9,2024-04-10,208.15,208.41,207.65,208.25,2467071
4073,9,2024-04-11,210.59,211.8,209.56,210.02,1956539
4074,9,2024-04-12,206.37,208.13,205.57,207.09,640722
4075,9,2024-04-15,207.75,207.86,207.09,207.36,3280516
4076,9,2024-04-16,208.42,209.7,208.25,208.92,2734089
4077,9,2024-04-17,207.61,208.08,207.45,207.46,850826
4078,9,2024-04-18,208.69,209.85,207.73,207.91,4143901
4079,9,2024-04-19,211.52,212.86,210.57,211.69,6732150
4080,9,2024-04-22,211.93,213.93,210.82,212.68,3431917
4081,9,2024-04-23,214.46,214.47,212.97,213.7,2212018
4082,9,2024-04-24,217.84,218.77,217.72,218.41,6696217
4083,9,2024-04-25,214.61,214.88,213.2,214.32,1986705
4084,9,2024-04-26,207.86,208.03,206.7,208.01,5129136
4085,9,2024-04-29,207.66,207.94,207.41,207.77,1243563
4086,9,2024-04-30,209.23,210.62,208.87,209.48,7365448
4087,9,2024-05-01,210.31,211.49,209.65,210.36,4074565
4088,9,2024-05-02,212.57,213.88,212.53,212.7,6939897
4089,9,2024-05-03,213.2,214.35,213.14,213.55,2580824
4090,9,2024-05-06,216.35,216.57,215.93,216.48,3051356
4091,9,2024-05-07,213.23,214.3,211.76,212.39,5116218
4092,9,2024-05-08,211.66,212.57,211.42,212.18,7116536
4093,9,2024-05-09,211.34,212.64,211.24,211.66,4221576
4094,9,2024-05-10,213.89,214.82,212.89,214.37,6470979
4095,9,2024-05-13,210.23,211.36,208.97,210.64,1741308
4096,9,2024-05-14,211.35,212.33,210.25,210.72,2190458
4097,9,2024-05-15,212.04,212.1,211.07,211.94,1797174
4098,9,2024-05-16,210.34,211.26,209.97,210.31,5396277
4099,9,2024-05-17,210.44,211.34,210.01,210.71,7142272
4100,9,2024-05-20,210.74,211.96,210.52,210.77,3431111
4101,9,2024-05-21,210.42,210.44,209.27,210.27,4861632
4102,9,2024-05-22,213.17,214.33,212.84,213.65,3705057
4103,9,2024-05-23,211.47,212.4,210.87,211.24,3917080
4104,9,2024-05-24,219.07,219.75,217.91,218.27,3927773
4105,9,2024-05-27,215.42,216.0,214.5,215.34,6921043
4106,9,2024-05-28,218.39,218.72,217.18,217.73,4005153
4107,9,2024-05-29,215.7,216.88,214.66,216.16,7735067
4108,9,2024-05-30,212.05,213.62,210.92,212.78,1153459
4109,9,2024-05-31,209.84,209.88,209.58,209.66,3896086
4110,9,2024-06-03,213.75,213.96,211.95,213.02,583197
4111,9,2024-06-04,210.01,210.83,208.63,209.68,3387940
4112,9,2024-06-05,209.07,209.71,208.55,209.42,7117268
4113,9,2024-06-06,216.95,217.74,216.6,217.42,3686043
4114,9,2024-06-07,219.28,219.56,218.74,219.26,5334590
4115,9,2024-06-10,218.77,219.86,217.61,218.94,1401820
4116,9,2024-06-11,219.08,219.32,218.08,218.32,3577344
4117,9,2024-06-12,224.09,225.14,223.01,223.84,6283230
4118,9,2024-06-13,216.94,217.87,216.38,217.03,2135224
4119,9,2024-06-14,218.03,218.09,216.88,217.49,2039346
4120,9,2024-06-17,211.58,212.11,210.55,211.73,5722816
4121,9,2024-06-18,209.17,209.77,208.66,209.16,6064182
4122,9,2024-06-19,201.85,203.36,201.46,202.15,664304
4123,9,2024-06-20,200.19,201.77,199.35,200.77,940120
4124,9,2024-06-21,198.4,199.07,197.26,198.17,6236317
4125,9,2024-06-24,195.14,195.17,194.33,194.79,1901142
4126,9,2024-06-25,193.21,193.97,192.32,193.89,4834103
4127,9,2024-06-26,200.42,201.43,199.45,201.2,4860157
4128,9,2024-06-27,199.9,200.51,198.74,199.48,5546779
4129,9,2024-06-28,194.97,195.64,194.79,195.5,5768209
4130,9,2024-07-01,194.54,195.44,192.92,193.82,2250353
4131,9,2024-07-02,199.39,200.03,197.74,198.72,2809707
4132,9,2024-07-03,201.58,202.45,201.23,201.96,726552
4133,9,2024-07-04,201.39,202.19,199.91,201.09,1153235
4134,9,2024-07-05,196.86,197.99,196.08,196.43,7921753
4135,9,2024-07-08,195.63,196.88,194.91,195.97,3639100
4136,9,2024-07-09,194.9,196.09,194.69,195.64,5126976
4137,9,2024-07-10,196.55,197.64,195.84,197.34,1718045
4138,9,2024-07-11,194.74,195.01,192.91,193.97,6068743
4139,9,2024-07-12,193.47,194.28,192.08,192.99,5703033
4140,9,2024-07-15,199.6,199.69,198.22,199.09,1337345
4141,9,2024-07-16,191.43,192.92,190.33,192.19,2533094
4142,9,2024-07-17,193.07,193.63,192.05,193.5,4457779
4143,9,2024-07-18,198.11,198.23,196.67,197.44,2394483
4144,9,2024-07-19,193.43,194.5,192.24,193.01,7259393
4145,9,2024-07-22,191.46,193.31,190.57,192.23,1358282
4146,9,2024-07-23,190.37,191.74,190.2,191.05,5231080
4147,9,2024-07-24,197.5,198.58,196.86,197.97,4381860
4148,9,2024-07-25,200.64,201.8,199.92,200.0,1695005
4149,9,2024-07-26,202.09,202.75,200.58,201.37,6277956
4150,9,2024-07-29,203.77,204.8,202.83,203.23,7598947
4151,9,2024-07-30,202.37,203.56,201.66,202.94,3041592
4152,9,2024-07-31,202.53,203.31,201.86,202.42,2567075
4153,9,2024-08-01,206.43,207.3,206.29,206.56,4998805
4154,9,2024-08-02,209.43,210.51,208.55,208.77,4041858
4155,9,2024-08-05,207.57,208.51,207.55,208.35,5186753
4156,9,2024-08-06,208.79,209.66,207.78,208.86,7956990
4157,9,2024-08-07,204.64,204.98,203.75,204.02,6523014
4158,9,2024-08-08,206.52,207.52,205.73,206.72,3005059
4159,9,2024-08-09,199.95,199.98,199.73,199.97,6018385
4160,9,2024-08-12,198.82,199.94,198.04,199.15,2736924
4161,9,2024-08-13,197.2,197.36,197.09,197.34,7445251
4162,9,2024-08-14,195.27,195.81,194.27,194.56,1869797
4163,9,2024-08-15,198.33,199.45,197.49,198.48,2374441
4164,9,2024-08-16,195.88,196.97,195.88,196.08,7387181
4165,9,2024-08-19,194.67,196.14,193.86,195.24,815214
4166,9,2024-08-20,198.38,199.45,197.88,198.61,4259241
4167,9,2024-08-21,202.49,203.03,201.34,202.58,5597522
4168,9,2024-08-22,205.6,206.67,203.81,204.83,2539829
4169,9,2024-08-23,207.49,208.52,206.6,208.08,3888270
4170,9,2024-08-26,205.05,205.69,204.71,205.06,5842251
4171,9,2024-08-27,194.18,194.44,193.42,193.46,3524241
4172,9,2024-08-28,200.39,201.38,199.22,200.44,3558144
4173,9,2024-08-29,199.03,199.71,198.33,198.91,7335282
4174,9,2024-08-30,198.65,199.73,197.88,198.04,878732
4175,9,2024-09-02,197.75,198.13,197.26,197.93,5149119
4176,9,2024-09-03,202.08,203.38,201.99,202.87,3902786
4177,9,2024-09-04,206.82,208.47,206.35,207.36,7889500
4178,9,2024-09-05,206.06,207.24,204.58,205.39,1657399
4179,9,2024-09-06,210.57,211.26,209.54,209.81,6136217
4180,9,2024-09-09,207.68,208.76,206.79,207.29,4360759
4181,9,2024-09-10,205.86,207.51,205.32,206.37,2758309
4182,9,2024-09-11,202.12,203.17,202.06,202.53,7606453
4183,9,2024-09-12,205.88,205.99,205.12,205.36,4459101
4184,9,2024-09-13,197.62,199.02,197.52,198.11,7932815
4185,9,2024-09-16,198.12,198.47,197.44,197.49,7841665
4186,9,2024-09-17,198.4,199.51,197.91,198.09,5127047
4187,9,2024-09-18,198.62,199.5,197.37,198.15,6896803
4188,9,2024-09-19,197.5,198.36,196.25,196.91,2132953
4189,9,2024-09-20,199.27,199.86,198.59,198.77,5266758
4190,9,2024-09-23,200.57,200.73,199.79,200.5,4551096
4191,9,2024-09-24,196.21,196.58,195.28,196.39,7548662
4192,9,2024-09-25,190.66,192.26,190.28,191.21,7772157
4193,9,2024-09-26,190.13,191.0,189.86,190.61,4776707
4194,9,2024-09-27,189.74,190.25,189.05,189.77,6502997
4195,9,2024-09-30,188.56,189.01,186.92,187.95,4762887
4196,9,2024-10-01,186.92,187.79,185.18,186.21,7842477
4197,9,2024-10-02,195.81,196.64,194.78,196.01,1138812
4198,9,2024-10-03,198.57,198.87,197.21,198.32,3864274
4199,9,2024-10-04,197.08,197.75,195.88,197.03,1647013
4200,9,2024-10-07,198.43,199.52,197.25,198.01,6284330
4201,9,2024-10-08,197.95,199.47,197.37,198.35,1403869
4202,9,2024-10-09,197.57,198.37,197.49,198.11,1956283
4203,9,2024-10-10,196.39,196.56,195.81,196.54,4219010
4204,9,2024-10-11,194.25,194.33,192.87,194.03,3122088
4205,9,2024-10-14,194.46,195.24,193.22,194.34,1599595
4206,9,2024-10-15,195.64,196.63,194.66,195.9,4982151
4207,9,2024-10-16,198.08,198.36,198.04,198.11,2737024
4208,9,2024-10-17,198.72,199.58,197.53,199.22,2562962
4209,9,2024-10-18,194.24,195.34,193.74,195.02,3829485
4210,9,2024-10-21,197.24,197.74,196.37,196.52,2191194
4211,9,2024-10-22,205.23,206.08,204.02,204.6,2910145
4212,9,2024-10-23,204.43,205.18,203.02,203.98,5224062
4213,9,2024-10-24,210.22,211.45,209.51,209.63,5713073
4214,9,2024-10-25,209.68,209.89,208.24,208.91,3103349
4215,9,2024-10-28,209.38,209.43,207.57,208.59,4687582
4216,9,2024-10-29,212.11,212.36,211.67,212.36,6064907
4217,9,2024-10-30,211.24,212.6,210.91,211.54,5887349
4218,9,2024-10-31,204.98,205.8,204.48,204.79,5498040
4219,9,2024-11-01,205.88,206.47,205.81,205.89,584809
4220,9,2024-11-04,205.03,206.47,205.01,205.44,2836117
4221,9,2024-11-05,206.61,207.01,205.67,206.98,5031552
4222,9,2024-11-06,206.4,207.07,205.7,205.92,6532039
4223,9,2024-11-07,208.33,209.49,207.37,208.53,6038117
4224,9,2024-11-08,208.24,209.66,207.1,209.01,4579911
4225,9,2024-11-11,201.93,202.77,201.69,201.72,3836120
4226,9,2024-11-12,207.11,207.3,206.64,207.04,5060603
4227,9,2024-11-13,201.75,202.78,200.89,201.94,2049849
4228,9,2024-11-14,209.76,210.56,208.85,210.26,1491133
4229,9,2024-11-15,213.49,213.88,211.58,212.67,4273531
4230,9,2024-11-18,213.63,213.69,212.63,213.61,3740019
4231,9,2024-11-19,219.81,220.45,218.35,219.63,4974356
4232,9,2024-11-20,220.59,222.3,220.43,221.4,5744686
4233,9,2024-11-21,228.45,229.32,226.53,227.87,6992395
4234,9,2024-11-22,231.5,232.56,230.31,232.28,1589445
4235,9,2024-11-25,230.61,231.29,230.14,230.91,852842
4236,9,2024-11-26,231.61,232.8,231.36,232.24,1394786
4237,9,2024-11-27,228.45,229.45,227.51,228.82,7908413
4238,9,2024-11-28,225.96,227.02,225.14,226.6,4027878
4239,9,2024-11-29,230.93,232.33,230.52,231.35,5948071
4240,9,2024-12-02,232.51,232.59,230.92,231.66,7187843
4241,9,2024-12-03,233.83,233.94,232.04,233.09,2669565
4242,9,2024-12-04,224.34,225.45,223.13,223.9,5968959
4243,9,2024-12-05,220.78,221.85,218.95,220.27,1492028
4244,9,2024-12-06,218.29,218.78,217.37,218.45,4821635
4245,9,2024-12-09,222.71,222.89,221.35,221.86,6048973
4246,9,2024-12-10,219.85,220.37,219.21,220.2,4666430
4247,9,2024-12-11,217.48,218.2,217.05,217.68,6594506
4248,9,2024-12-12,218.46,218.71,217.95,218.65,3754795
4249,9,2024-12-13,220.34,221.51,219.82,219.93,5249655
4250,9,2024-12-16,219.69,220.11,218.97,220.1,1405122
4251,9,2024-12-17,223.71,225.04,223.47,223.55,6055849
4252,9,2024-12-18,219.77,219.96,219.34,219.52,5062325
4253,9,2024-12-19,216.89,217.49,215.94,216.42,4006181
4254,9,2024-12-20,221.74,222.05,221.42,221.57,5369504
4255,9,2024-12-23,222.41,224.18,221.84,223.22,1497859
4256,9,2024-12-24,227.87,228.34,225.91,227.02,4197475
4257,9,2024-12-25,226.68,228.01,225.31,226.12,1527966
4258,9,2024-12-26,229.33,230.69,228.01,229.66,2611369
4259,9,2024-12-27,228.98,229.15,228.94,228.96,4707948
4260,9,2024-12-30,233.07,233.9,232.17,232.66,3127932
4261,9,2024-12-31,235.52,236.59,234.31,234.87,3546083
4262,9,2025-01-01,244.25,245.12,242.53,243.53,1620560
4263,9,2025-01-02,238.18,239.11,238.16,238.53,7771306
4264,9,2025-01-03,238.68,240.01,237.47,238.85,2821976
4265,9,2025-01-06,234.43,236.03,234.22,234.82,3661995
4266,9,2025-01-07,237.87,237.89,236.79,237.07,6498327
4267,9,2025-01-08,240.93,242.38,240.64,241.84,532760
4268,9,2025-01-09,243.82,244.93,242.9,243.94,1176245
4269,9,2025-01-10,241.96,242.61,241.32,242.1,963787
4270,9,2025-01-13,241.53,242.62,241.43,242.25,2339712
4271,9,2025-01-14,239.74,241.21,238.35,240.19,5989421
4272,9,2025-01-15,244.18,244.59,242.99,244.45,5707974
4273,9,2025-01-16,248.6,250.57,248.41,249.49,7501818
4274,9,2025-01-17,248.37,250.17,247.59,249.21,4816840
4275,9,2025-01-20,240.88,242.11,239.46,240.04,2111060
4276,9,2025-01-21,246.5,248.15,245.68,246.84,1961062
4277,9,2025-01-22,243.83,245.27,243.15,244.29,4602039
4278,9,2025-01-23,248.82,250.83,248.75,249.81,1893015
4279,9,2025-01-24,250.21,250.97,249.11,250.26,4565456
4280,9,2025-01-27,257.3,257.83,256.3,257.82,4727464
4281,9,2025-01-28,261.05,261.57,260.76,261.19,6630347
4282,9,2025-01-29,267.2,268.17,266.03,266.8,6396004
4283,9,2025-01-30,271.86,272.33,271.01,271.08,7014328
4284,9,2025-01-31,276.81,277.35,274.62,275.88,6616078
4285,9,2025-02-03,285.61,286.76,284.59,285.7,1901237
4286,9,2025-02-04,280.72,282.27,280.32,281.47,7497890
4287,9,2025-02-05,286.81,287.93,285.89,285.97,2287238
4288,9,2025-02-06,292.28,294.04,291.84,293.03,7936814
4289,9,2025-02-07,299.21,301.3,298.29,299.87,2700013
4290,9,2025-02-10,302.29,303.53,301.09,302.99,5034874
4291,9,2025-02-11,290.68,293.01,290.1,291.83,2908115
4292,9,2025-02-12,289.26,291.69,288.06,290.22,1451282
4293,9,2025-02-13,281.34,282.21,280.18,281.47,5167517
4294,9,2025-02-14,288.13,290.49,287.92,288.82,528351
4295,9,2025-02-17,294.63,295.01,293.22,293.49,6300926
4296,9,2025-02-18,285.38,286.61,284.05,285.53,7352082
4297,9,2025-02-19,279.27,281.48,278.58,279.91,5944824
4298,9,2025-02-20,280.74,280.8,279.62,280.29,7464348
4299,9,2025-02-21,280.95,280.96,279.34,280.27,892699
4300,9,2025-02-24,278.94,279.26,277.91,279.21,1770992
4301,9,2025-02-25,275.34,275.48,273.7,275.06,5302348
4302,9,2025-02-26,275.74,276.23,275.01,275.1,7233551
4303,9,2025-02-27,275.09,275.87,273.03,274.28,4297546
4304,9,2025-02-28,281.6,282.47,280.97,281.76,7445027
4305,9,2025-03-03,284.05,286.26,283.63,284.82,3536284
4306,9,2025-03-04,281.09,282.2,279.8,280.4,6852121
4307,9,2025-03-05,283.44,283.88,281.71,282.41,1032303
4308,9,2025-03-06,277.9,278.34,276.74,277.73,5342666
4309,9,2025-03-07,278.79,280.4,277.5,279.42,5595433
4310,9,2025-03-10,286.03,287.47,284.25,285.46,6815851
4311,9,2025-03-11,284.14,285.34,283.19,283.91,4919579
4312,9,2025-03-12,283.13,283.67,282.33,282.86,7000815
4313,9,2025-03-13,274.86,276.87,273.58,275.5,3773889
4314,9,2025-03-14,269.91,270.74,269.55,270.53,4928582
4315,9,2025-03-17,271.55,273.59,270.59,272.42,7509202
4316,9,2025-03-18,271.21,272.27,270.06,271.13,7326721
4317,9,2025-03-19,270.27,270.64,269.31,269.33,5748524
4318,9,2025-03-20,272.28,273.71,271.06,272.97,7907826
4319,9,2025-03-21,274.32,275.97,273.44,274.99,7365651
4320,9,2025-03-24,274.19,274.68,271.87,273.23,7468579
4321,9,2025-03-25,275.88,276.8,275.07,275.97,6854335
4322,9,2025-03-26,280.96,281.85,278.82,280.35,1465758
4323,9,2025-03-27,273.91,274.01,272.51,273.59,7793983
4324,9,2025-03-28,275.42,276.53,275.34,275.89,5731463
4325,9,2025-03-31,279.82,280.79,278.7,279.32,2794605
4326,9,2025-04-01,279.74,280.71,278.29,279.19,7023803
4327,9,2025-04-02,279.57,280.44,278.02,279.17,5176491
4328,9,2025-04-03,280.57,281.91,280.09,280.41,5587030
4329,9,2025-04-04,280.84,282.39,280.31,280.57,3462285
4330,9,2025-04-07,280.28,282.55,280.18,281.14,7100427
4331,9,2025-04-08,276.13,277.11,275.59,276.94,7256512
4332,9,2025-04-09,280.03,281.18,278.83,279.51,2583372
4333,9,2025-04-10,269.1,269.62,266.93,268.14,3188554
4334,9,2025-04-11,268.3,268.48,266.75,268.32,2410742
4335,9,2025-04-14,267.01,268.82,266.47,267.97,6401723
4336,9,2025-04-15,268.13,269.17,267.92,268.32,5624700
4337,9,2025-04-16,265.01,265.84,264.76,265.32,7188305
4338,9,2025-04-17,270.08,270.5,268.06,269.3,4915463
4339,9,2025-04-18,264.67,266.78,264.35,265.43,4469627
4340,9,2025-04-21,267.12,268.72,266.22,266.25,6316486
4341,9,2025-04-22,271.76,272.95,270.23,270.96,7687486
4342,9,2025-04-23,263.16,263.42,262.18,263.35,6574177
4343,9,2025-04-24,262.33,262.97,262.03,262.3,6479852
4344,9,2025-04-25,272.51,272.95,271.51,272.87,4510055
4345,9,2025-04-28,280.44,281.7,279.25,279.61,5509800
4346,9,2025-04-29,279.95,282.35,278.88,281.05,6677543
4347,9,2025-04-30,276.18,277.54,274.47,275.42,4152339
4348,9,2025-05-01,277.17,277.73,276.17,276.42,2515446
4349,9,2025-05-02,277.28,277.81,276.75,277.79,816780
4350,9,2025-05-05,282.06,284.0,281.42,282.72,5684762
4351,9,2025-05-06,282.1,283.07,280.17,281.01,5293687
4352,9,2025-05-07,286.26,287.33,286.22,286.89,3025867
4353,9,2025-05-08,290.1,292.31,289.35,291.16,1764393
4354,9,2025-05-09,283.75,284.21,282.37,283.48,6565566
4355,9,2025-05-12,286.25,288.76,285.22,287.19,6220297
4356,9,2025-05-13,287.97,288.84,286.52,288.36,631716
4357,9,2025-05-14,289.05,290.28,287.76,290.12,5487409
4358,9,2025-05-15,294.4,295.41,293.58,294.46,5072468
4359,9,2025-05-16,296.65,298.02,295.89,297.11,2504786
4360,9,2025-05-19,297.49,298.43,296.24,296.52,527701
4361,9,2025-05-20,288.96,289.52,287.07,288.18,7053439
4362,9,2025-05-21,287.62,289.01,286.69,287.17,4779136
4363,9,2025-05-22,290.68,293.03,289.93,291.33,6026215
4364,9,2025-05-23,297.5,298.82,296.22,297.83,6175580
4365,9,2025-05-26,300.75,302.48,300.37,300.8,6869798
4366,9,2025-05-27,305.68,307.1,304.98,305.82,1863449
4367,9,2025-05-28,299.51,300.74,298.5,299.17,7862945
4368,9,2025-05-29,295.14,296.73,293.72,295.07,4015542
4369,9,2025-05-30,289.95,291.44,289.32,290.77,3049143
4370,9,2025-06-02,290.45,291.98,289.42,290.89,675526
4371,9,2025-06-03,287.54,289.64,287.16,288.38,4053178
4372,9,2025-06-04,289.83,290.82,288.83,289.95,7855220
4373,9,2025-06-05,293.3,294.31,292.82,292.88,6594135
4374,9,2025-06-06,291.11,291.85,289.06,290.49,7046908
4375,9,2025-06-09,288.88,290.17,287.93,289.0,6574398
4376,9,2025-06-10,283.1,284.09,280.82,282.01,1029509
4377,9,2025-06-11,283.07,283.84,282.18,283.49,7916246
4378,9,2025-06-12,279.31,280.23,277.43,278.47,798436
4379,9,2025-06-13,275.34,275.92,275.2,275.31,4205843
4380,9,2025-06-16,275.46,277.41,274.85,276.44,7906746
4381,9,2025-06-17,276.37,278.48,276.02,277.1,2476809
4382,9,2025-06-18,270.27,270.94,269.39,270.25,6959334
4383,9,2025-06-19,277.31,277.78,276.32,277.53,5609440
4384,9,2025-06-20,275.04,277.3,273.74,275.75,5019704
4385,9,2025-06-23,271.96,274.3,271.07,272.86,1660147
4386,9,2025-06-24,269.86,271.14,268.87,269.72,3402249
4387,9,2025-06-25,265.27,265.48,263.96,265.25,5366420
4388,9,2025-06-26,258.63,260.08,258.03,258.66,6203188
4389,9,2025-06-27,259.23,260.73,259.02,260.02,4107857
4390,9,2025-06-30,259.14,260.74,258.53,259.87,5050215
4391,9,2025-07-01,260.87,261.91,259.11,260.44,5460147
4392,9,2025-07-02,264.52,265.24,264.22,264.29,5853860
4393,9,2025-07-03,269.65,270.73,268.25,269.73,6372054
4394,9,2025-07-04,272.2,273.83,271.1,271.41,3157349
4395,9,2025-07-07,263.14,264.43,261.93,263.26,6798982
4396,9,2025-07-08,266.55,267.96,266.05,266.21,2969521
4397,9,2025-07-09,262.01,262.7,260.03,261.45,3181072
4398,9,2025-07-10,256.61,257.42,255.37,256.32,5566263
4399,9,2025-07-11,256.49,256.92,255.99,256.06,3257333
4400,9,2025-07-14,250.65,250.97,249.17,250.63,2835224
4401,9,2025-07-15,247.99,250.26,247.84,248.89,1642882
4402,9,2025-07-16,253.25,254.79,252.76,253.81,869146
4403,9,2025-07-17,241.87,243.53,241.3,242.62,7507953
4404,9,2025-07-18,250.59,250.7,250.47,250.52,5291525
4405,9,2025-07-21,254.09,254.28,252.75,254.2,2240905
4406,9,2025-07-22,251.81,253.02,249.91,250.86,3178703
4407,9,2025-07-23,248.4,249.25,247.02,247.45,7362345
4408,9,2025-07-24,248.27,249.49,246.67,247.3,6921685
4409,9,2025-07-25,254.36,255.58,254.15,255.24,2894735
4410,9,2025-07-28,252.38,253.71,251.38,252.95,7014530
4411,9,2025-07-29,246.08,247.39,245.84,246.34,7325090
4412,9,2025-07-30,255.24,256.25,254.54,254.89,4317829
4413,9,2025-07-31,262.09,262.76,261.2,262.7,1165461
4414,9,2025-08-01,261.0,262.45,259.84,260.88,5318997
4415,9,2025-08-04,263.68,264.51,262.33,264.37,6022910
4416,9,2025-08-05,263.49,264.96,262.33,264.41,4531581
4417,9,2025-08-06,256.18,257.88,255.86,257.16,2687277
4418,9,2025-08-07,252.92,253.87,252.54,253.16,1825144
4419,9,2025-08-08,258.83,259.67,257.67,258.68,7411835
4420,9,2025-08-11,264.11,265.31,262.64,264.13,5073195
4421,9,2025-08-12,259.35,261.16,257.95,259.69,1076919
4422,9,2025-08-13,262.45,263.09,261.24,262.11,5341478
4423,9,2025-08-14,270.66,272.82,270.18,271.54,2550930
4424,9,2025-08-15,268.0,269.17,267.9,268.04,4930990
4425,9,2025-08-18,269.47,270.23,269.43,269.5,7971678
4426,9,2025-08-19,266.84,267.99,266.44,266.65,3538010
4427,9,2025-08-20,259.39,260.58,258.37,258.41,1636719
4428,9,2025-08-21,245.85,246.79,243.52,244.95,6118259
4429,9,2025-08-22,239.18,240.58,239.01,239.4,7180187
4430,9,2025-08-25,236.53,237.33,236.36,236.69,6096911
4431,9,2025-08-26,242.07,242.07,239.75,241.2,6099541
4432,9,2025-08-27,241.83,242.23,239.85,241.03,7412895
4433,9,2025-08-28,246.01,247.75,244.56,246.74,2514986
4434,9,2025-08-29,253.49,253.55,251.95,253.32,2065675
4435,9,2025-09-01,248.45,249.64,247.92,249.01,6052770
4436,9,2025-09-02,250.11,252.22,249.18,250.92,2955483
4437,9,2025-09-03,248.46,249.06,248.42,248.65,1731534
4438,9,2025-09-04,245.56,247.32,245.46,246.06,2780340
4439,9,2025-09-05,243.6,243.8,241.68,242.86,6601670
4440,9,2025-09-08,244.73,246.06,244.01,245.49,1461805
4441,9,2025-09-09,247.3,247.83,245.41,246.75,3360441
4442,9,2025-09-10,252.73,253.23,251.62,252.5,1684630
4443,9,2025-09-11,255.2,256.8,253.96,255.45,2739729
4444,9,2025-09-12,261.0,262.29,259.65,261.95,6446096
4445,9,2025-09-15,264.71,265.89,263.18,263.71,976594
4446,9,2025-09-16,260.44,260.76,258.52,259.98,7764078
4447,9,2025-09-17,261.55,262.93,260.8,262.06,1854259
4448,9,2025-09-18,252.45,252.8,251.62,251.62,4016164
4449,9,2025-09-19,251.43,252.47,250.86,251.92,6042028
4450,9,2025-09-22,254.49,256.4,254.05,255.34,6720939
4451,9,2025-09-23,256.18,257.87,255.47,256.67,4377939
4452,9,2025-09-24,258.61,259.11,258.33,258.43,7061364
4453,9,2025-09-25,258.96,259.71,258.19,259.33,3765850
4454,9,2025-09-26,258.65,259.79,257.56,259.49,6532933
4455,9,2025-09-29,258.43,259.26,256.48,257.97,1143305
4456,9,2025-09-30,257.46,258.2,257.32,258.07,986921
4457,9,2025-10-01,258.72,259.88,257.25,258.9,610866
4458,9,2025-10-02,264.94,265.07,263.59,264.31,840029
4459,9,2025-10-03,260.88,261.72,260.36,261.25,3906061
4460,9,2025-10-06,254.62,256.51,253.62,255.53,517246
4461,9,2025-10-07,261.58,261.96,259.98,261.25,1040764
4462,9,2025-10-08,255.67,255.95,253.64,254.77,591780
4463,9,2025-10-09,256.84,259.24,256.17,257.76,3014304
4464,9,2025-10-10,258.8,260.26,257.08,258.49,641501
4465,9,2025-10-13,253.89,255.69,253.74,254.56,6411960
4466,9,2025-10-14,261.35,262.99,261.29,262.34,2862778
4467,9,2025-10-15,262.31,262.34,260.62,262.17,3513465
4468,9,2025-10-16,270.86,271.2,268.82,270.02,1554871
4469,9,2025-10-17,270.87,273.49,270.49,271.88,7829862
4470,9,2025-10-20,273.19,275.09,273.11,274.0,3333355
4471,9,2025-10-21,273.24,274.25,272.81,272.89,1066442
4472,9,2025-10-22,271.75,272.17,270.69,271.19,2177203
4473,9,2025-10-23,273.43,274.45,272.81,274.15,7796431
4474,9,2025-10-24,277.04,277.3,275.16,276.38,2406222
4475,9,2025-10-27,278.56,279.26,278.05,279.05,4254479
4476,9,2025-10-28,274.24,276.01,273.23,274.68,3711475
4477,9,2025-10-29,278.7,279.42,278.23,278.68,6090673
4478,9,2025-10-30,279.44,280.42,278.33,278.93,3779490
4479,9,2025-10-31,272.17,273.58,271.5,271.9,5464032
4480,9,2025-11-03,274.22,275.25,273.82,274.11,4039232
4481,9,2025-11-04,275.41,275.96,274.51,274.8,3377362
4482,9,2025-11-05,280.97,281.59,279.38,279.94,6852969
4483,9,2025-11-06,278.88,279.39,277.57,279.13,7042530
4484,9,2025-11-07,287.77,288.84,287.03,287.75,2751097
4485,9,2025-11-10,286.64,287.37,285.18,286.94,5734768
4486,9,2025-11-11,295.24,297.61,293.87,296.05,7617291
4487,9,2025-11-12,301.45,302.66,300.31,300.92,4708947
4488,9,2025-11-13,299.04,300.3,297.84,298.57,6214169
4489,9,2025-11-14,304.81,306.17,303.58,303.86,2019109
4490,9,2025-11-17,300.1,301.46,298.42,299.12,7428342
4491,9,2025-11-18,300.67,301.01,299.84,300.73,5336459
4492,9,2025-11-19,303.97,305.71,301.57,302.92,4602892
4493,9,2025-11-20,304.82,305.35,302.75,303.75,4251584
4494,9,2025-11-21,308.02,309.43,307.97,308.19,6385941
4495,9,2025-11-24,302.44,303.78,301.28,302.93,5119333
4496,9,2025-11-25,307.9,309.31,305.83,307.28,1078729
4497,9,2025-11-26,316.9,317.85,316.27,316.46,7227029
4498,9,2025-11-27,323.07,323.45,322.14,323.03,719201
4499,9,2025-11-28,333.54,334.37,332.6,333.61,1745346
4500,9,2025-12-01,336.23,336.24,335.15,335.34,4522291
4501,10,2024-01-02,49.67,49.83,49.54,49.58,5989366
4502,10,2024-01-03,49.75,49.78,49.42,49.72,7842843
4503,10,2024-01-04,49.35,49.59,49.12,49.25,1879576
4504,10,2024-01-05,49.66,49.91,49.38,49.61,7936212
4505,10,2024-01-08,49.1,49.2,48.9,49.02,7378708
4506,10,2024-01-09,48.26,48.41,48.22,48.38,7480607
4507,10,2024-01-10,49.28,49.29,49.01,49.13,4794930
4508,10,2024-01-11,48.23,48.42,47.94,48.23,1323779
4509,10,2024-01-12,47.34,47.47,47.21,47.39,5153164
4510,10,2024-01-15,46.34,46.54,46.23,46.36,7167550
4511,10,2024-01-16,46.52,46.53,46.22,46.48,1305771
4512,10,2024-01-17,47.17,47.45,47.16,47.23,3510140
4513,10,2024-01-18,46.93,47.18,46.72,47.02,1109778
4514,10,2024-01-19,45.85,46.02,45.77,45.95,4071785
4515,10,2024-01-22,45.22,45.28,44.98,45.17,4501093
4516,10,2024-01-23,43.7,43.86,43.56,43.84,6478568
4517,10,2024-01-24,43.89,44.11,43.6,43.73,2123825
4518,10,2024-01-25,44.85,45.07,44.7,45.0,1277971
4519,10,2024-01-26,45.72,45.88,45.48,45.66,6287442
4520,10,2024-01-29,45.55,45.8,45.3,45.71,1711621
4521,10,2024-01-30,46.14,46.39,45.88,46.12,7443722
4522,10,2024-01-31,45.84,46.03,45.83,45.88,7736122
4523,10,2024-02-01,46.59,46.72,46.32,46.68,6272812
4524,10,2024-02-02,45.8,46.13,45.54,45.89,2767725
4525,10,2024-02-05,45.7,45.95,45.68,45.86,960375
4526,10,2024-02-06,46.34,46.62,46.31,46.35,6780000
4527,10,2024-02-07,46.85,46.96,46.67,46.7,6404033
4528,10,2024-02-08,46.39,46.73,46.36,46.54,4216342
4529,10,2024-02-09,46.75,46.91,46.59,46.67,6856969
4530,10,2024-02-12,46.93,47.15,46.68,47.11,5517551
4531,10,2024-02-13,49.38,49.62,49.34,49.37,1190117
4532,10,2024-02-14,49.3,49.6,49.04,49.44,2743054
4533,10,2024-02-15,50.2,50.43,49.94,50.12,7773146
4534,10,2024-02-16,50.9,51.07,50.75,50.91,2709230
4535,10,2024-02-19,49.69,50.03,49.66,49.79,7384780
4536,10,2024-02-20,50.33,50.51,50.29,50.33,7894050
4537,10,2024-02-21,51.1,51.27,51.06,51.19,3112633
4538,10,2024-02-22,52.2,52.22,51.96,52.04,7400609
4539,10,2024-02-23,52.15,52.28,51.9,52.11,3414020
4540,10,2024-02-26,52.37,52.49,52.27,52.41,1754155
4541,10,2024-02-27,51.71,51.81,51.69,51.71,1541980
4542,10,2024-02-28,53.07,53.28,52.81,53.13,7506779
4543,10,2024-02-29,52.05,52.14,51.8,51.96,7323664
4544,10,2024-03-01,52.18,52.4,52.03,52.22,7864811
4545,10,2024-03-04,49.87,50.09,49.57,50.06,5755671
4546,10,2024-03-05,48.54,48.73,48.27,48.6,7377609
4547,10,2024-03-06,48.83,49.09,48.57,48.82,1881735
4548,10,2024-03-07,49.69,49.72,49.59,49.64,3531555
4549,10,2024-03-08,49.65,49.78,49.39,49.7,4073082
4550,10,2024-03-11,48.93,48.95,48.61,48.86,5404321
4551,10,2024-03-12,48.42,48.85,48.27,48.61,7667906
4552,10,2024-03-13,50.24,50.32,50.23,50.27,5753252
4553,10,2024-03-14,48.88,48.88,48.54,48.73,6595481
4554,10,2024-03-15,49.24,49.45,49.04,49.28,7912065
4555,10,2024-03-18,49.27,49.46,49.13,49.42,1763753
4556,10,2024-03-19,49.04,49.07,48.94,49.04,6445577
4557,10,2024-03-20,49.4,49.46,49.22,49.38,2629313
4558,10,2024-03-21,49.95,50.09,49.68,49.94,4445066
4559,10,2024-03-22,49.21,49.22,49.09,49.17,792602
4560,10,2024-03-25,50.22,50.3,49.94,50.12,1368665
4561,10,2024-03-26,49.11,49.38,48.93,49.03,722759
4562,10,2024-03-27,50.28,50.51,50.08,50.14,7753865
4563,10,2024-03-28,51.94,52.29,51.76,52.08,7426518
4564,10,2024-03-29,51.14,51.63,51.06,51.35,5296674
4565,10,2024-04-01,52.15,52.46,51.96,52.16,3982709
4566,10,2024-04-02,51.71,51.86,51.54,51.82,6886154
4567,10,2024-04-03,52.65,52.94,52.38,52.6,2970712
4568,10,2024-04-04,52.65,52.92,52.37,52.73,1446857
4569,10,2024-04-05,52.69,53.07,52.6,52.86,4667526
4570,10,2024-04-08,51.38,51.47,50.99,51.26,1466696
4571,10,2024-04-09,51.65,51.82,51.46,51.65,669296
4572,10,2024-04-10,51.63,51.85,51.32,51.74,4694340
4573,10,2024-04-11,51.9,52.05,51.52,51.7,1365565
4574,10,2024-04-12,51.36,51.57,51.15,51.5,5940390
4575,10,2024-04-15,51.54,51.62,51.15,51.37,4971959
4576,10,2024-04-16,50.49,50.94,50.33,50.69,7683662
4577,10,2024-04-17,52.11,52.21,51.83,52.07,4585484
4578,10,2024-04-18,51.15,51.42,50.93,51.24,6755866
4579,10,2024-04-19,50.53,50.74,50.36,50.47,1649196
4580,10,2024-04-22,49.94,50.1,49.89,49.9,1000081
4581,10,2024-04-23,50.66,50.75,50.43,50.67,3284409
4582,10,2024-04-24,51.09,51.11,50.83,50.93,3831195
4583,10,2024-04-25,51.54,51.57,51.29,51.48,4638777
4584,10,2024-04-26,51.7,51.92,51.69,51.85,2602646
4585,10,2024-04-29,50.97,51.16,50.66,50.92,2718207
4586,10,2024-04-30,50.97,51.29,50.82,51.05,7320484
4587,10,2024-05-01,50.03,50.31,49.97,50.22,6079599
4588,10,2024-05-02,52.06,52.11,51.79,51.89,535755
4589,10,2024-05-03,52.36,52.45,52.04,52.27,3065060
4590,10,2024-05-06,52.54,52.66,52.32,52.35,4509328
4591,10,2024-05-07,52.25,52.54,51.93,52.05,6755722
4592,10,2024-05-08,52.79,52.91,52.71,52.76,1734066
4593,10,2024-05-09,52.21,52.28,52.05,52.1,6461211
4594,10,2024-05-10,52.38,52.48,52.25,52.31,2166808
4595,10,2024-05-13,53.67,53.71,53.36,53.49,845676
4596,10,2024-05-14,53.97,54.45,53.77,54.18,3442324
4597,10,2024-05-15,55.46,55.61,55.38,55.42,2716180
4598,10,2024-05-16,54.42,54.61,54.37,54.57,2765266
4599,10,2024-05-17,53.66,53.96,53.43,53.55,2305534
4600,10,2024-05-20,54.08,54.35,53.88,54.22,4061292
4601,10,2024-05-21,54.2,54.36,54.09,54.32,747627
4602,10,2024-05-22,54.2,54.6,54.01,54.32,4250837
4603,10,2024-05-23,53.92,53.93,53.74,53.79,3634901
4604,10,2024-05-24,55.46,55.48,55.2,55.39,5322402
4605,10,2024-05-27,55.72,55.89,55.52,55.73,515462
4606,10,2024-05-28,57.15,57.22,56.89,57.09,3061937
4607,10,2024-05-29,57.72,57.85,57.32,57.56,2605797
4608,10,2024-05-30,57.91,58.09,57.78,57.91,7773705
4609,10,2024-05-31,57.35,57.56,57.0,57.31,2201783
4610,10,2024-06-03,58.77,59.14,58.51,58.87,7830620
4611,10,2024-06-04,59.6,59.84,59.22,59.38,7370367
4612,10,2024-06-05,60.0,60.03,59.86,59.98,2672189
4613,10,2024-06-06,59.76,60.06,59.71,59.78,2717812
4614,10,2024-06-07,57.87,57.94,57.54,57.75,7343284
4615,10,2024-06-10,59.34,59.49,58.96,59.11,3710083
4616,10,2024-06-11,58.15,58.42,57.99,58.36,7222480
4617,10,2024-06-12,58.03,58.08,57.86,57.89,5752199
4618,10,2024-06-13,58.08,58.36,57.94,58.17,1056343
4619,10,2024-06-14,57.94,58.13,57.9,58.11,4088453
4620,10,2024-06-17,57.78,58.1,57.75,57.76,5218996
4621,10,2024-06-18,56.6,56.72,56.53,56.68,4147207
4622,10,2024-06-19,56.85,57.05,56.81,56.83,1535446
4623,10,2024-06-20,57.26,57.53,57.12,57.36,7337111
4624,10,2024-06-21,56.05,56.33,56.0,56.24,2836767
4625,10,2024-06-24,56.6,56.75,56.37,56.49,7312479
4626,10,2024-06-25,56.56,56.74,56.22,56.53,1613769
4627,10,2024-06-26,56.47,56.69,56.35,56.6,5440291
4628,10,2024-06-27,58.18,58.32,57.97,58.18,1451074
4629,10,2024-06-28,55.6,55.64,55.29,55.51,2012790
4630,10,2024-07-01,55.94,56.08,55.67,55.86,7117884
4631,10,2024-07-02,55.51,55.52,55.46,55.5,2560931
4632,10,2024-07-03,56.25,56.52,55.81,56.08,1727506
4633,10,2024-07-04,55.3,55.62,55.01,55.33,7036284
4634,10,2024-07-05,55.64,55.97,55.48,55.7,7950674
4635,10,2024-07-08,55.54,55.85,55.18,55.34,6758170
4636,10,2024-07-09,56.26,56.37,55.93,56.19,5101962
4637,10,2024-07-10,56.94,57.07,56.8,56.97,1735150
4638,10,2024-07-11,57.01,57.21,56.63,56.87,6728457
4639,10,2024-07-12,57.74,57.91,57.6,57.91,1472104
4640,10,2024-07-15,58.1,58.21,57.88,58.06,3003521
4641,10,2024-07-16,59.35,59.71,59.3,59.56,3854825
4642,10,2024-07-17,60.79,61.01,60.57,60.83,2235612
4643,10,2024-07-18,60.71,61.02,60.62,60.74,7080017
4644,10,2024-07-19,61.14,61.16,60.75,60.96,2758713
4645,10,2024-07-22,62.25,62.32,61.76,62.05,2695305
4646,10,2024-07-23,60.86,61.06,60.55,60.86,7511886
4647,10,2024-07-24,60.08,60.65,59.73,60.32,5922796
4648,10,2024-07-25,58.64,58.96,58.51,58.66,6980142
4649,10,2024-07-26,58.25,58.34,58.02,58.27,4472748
4650,10,2024-07-29,59.56,59.92,59.32,59.76,7601256
4651,10,2024-07-30,60.24,60.52,59.97,60.36,1670450
4652,10,2024-07-31,60.1,60.52,59.85,60.31,2874921
4653,10,2024-08-01,60.06,60.37,60.05,60.1,1978477
4654,10,2024-08-02,59.11,59.35,58.75,59.05,6378674
4655,10,2024-08-05,59.22,59.48,59.17,59.46,6453315
4656,10,2024-08-06,58.25,58.7,57.95,58.41,7185059
4657,10,2024-08-07,58.18,58.28,58.05,58.18,2398454
4658,10,2024-08-08,57.16,57.35,56.88,56.95,6145535
4659,10,2024-08-09,56.0,56.0,55.7,55.96,1747892
4660,10,2024-08-12,56.7,56.88,56.35,56.48,5928362
4661,10,2024-08-13,55.42,55.76,55.21,55.48,2398959
4662,10,2024-08-14,54.49,54.78,54.02,54.3,4995454
4663,10,2024-08-15,57.31,57.41,56.88,57.12,889989
4664,10,2024-08-16,57.75,57.8,57.36,57.58,6226983
4665,10,2024-08-19,58.56,58.72,58.33,58.7,7174992
4666,10,2024-08-20,59.22,59.5,59.11,59.46,3436283
4667,10,2024-08-21,57.62,57.86,57.36,57.61,950107
4668,10,2024-08-22,58.08,58.15,57.72,57.9,4321783
4669,10,2024-08-23,56.62,56.91,56.59,56.83,2613841
4670,10,2024-08-26,55.47,55.59,55.33,55.57,7202186
4671,10,2024-08-27,54.91,54.97,54.55,54.76,1272708
4672,10,2024-08-28,56.05,56.12,55.93,56.04,2897890
4673,10,2024-08-29,55.43,55.44,55.07,55.38,4372397
4674,10,2024-08-30,55.28,55.46,55.25,55.36,6805962
4675,10,2024-09-02,54.45,54.93,54.44,54.63,7164329
4676,10,2024-09-03,55.0,55.21,54.74,54.87,5047320
4677,10,2024-09-04,54.26,54.62,54.12,54.39,1300273
4678,10,2024-09-05,53.08,53.2,52.76,53.07,4380193
4679,10,2024-09-06,52.75,53.01,52.6,52.72,3171858
4680,10,2024-09-09,53.02,53.18,52.71,52.92,1698735
4681,10,2024-09-10,54.78,55.07,54.58,54.69,7842805
4682,10,2024-09-11,55.36,55.55,55.24,55.49,4543388
4683,10,2024-09-12,54.58,54.66,54.46,54.61,3235595
4684,10,2024-09-13,53.96,54.16,53.75,54.08,6278477
4685,10,2024-09-16,53.24,53.5,53.21,53.29,7290661
4686,10,2024-09-17,53.34,53.45,53.24,53.25,5609895
4687,10,2024-09-18,52.5,52.7,52.31,52.53,2060131
4688,10,2024-09-19,52.48,52.73,52.35,52.35,6415198
4689,10,2024-09-20,52.2,52.25,51.83,52.06,3724981
4690,10,2024-09-23,52.55,52.76,52.45,52.53,1022242
4691,10,2024-09-24,51.29,51.57,51.02,51.47,3279625
4692,10,2024-09-25,52.49,52.61,52.42,52.58,6528438
4693,10,2024-09-26,52.15,52.32,51.81,51.98,4039260
4694,10,2024-09-27,52.27,52.54,51.91,52.11,6241442
4695,10,2024-09-30,52.57,52.87,52.18,52.43,4018570
4696,10,2024-10-01,54.48,54.79,54.26,54.3,7091147
4697,10,2024-10-02,53.61,54.01,53.4,53.77,7411562
4698,10,2024-10-03,53.64,54.02,53.62,53.77,3819390
4699,10,2024-10-04,54.25,54.48,54.02,54.11,1950965
4700,10,2024-10-07,54.38,54.54,54.02,54.3,7732339
4701,10,2024-10-08,53.63,53.85,53.34,53.48,4022382
4702,10,2024-10-09,54.75,55.02,54.38,54.63,7274682
4703,10,2024-10-10,56.04,56.2,55.87,56.0,5823325
4704,10,2024-10-11,55.37,55.66,55.24,55.4,3914442
4705,10,2024-10-14,55.12,55.24,54.74,55.02,1960785
4706,10,2024-10-15,56.45,56.46,56.12,56.33,3249841
4707,10,2024-10-16,57.23,57.38,57.0,57.33,5616130
4708,10,2024-10-17,58.91,59.25,58.69,58.97,7678909
4709,10,2024-10-18,59.86,60.13,59.73,59.82,5178252
4710,10,2024-10-21,61.46,61.7,61.2,61.7,4086805
4711,10,2024-10-22,61.53,61.9,61.29,61.72,1357170
4712,10,2024-10-23,62.29,62.41,61.81,62.08,1221370
4713,10,2024-10-24,63.89,64.05,63.67,63.68,745225
4714,10,2024-10-25,64.4,64.67,64.12,64.45,5520684
4715,10,2024-10-28,65.94,66.28,65.52,65.89,2024810
4716,10,2024-10-29,63.65,63.94,63.38,63.74,3186174
4717,10,2024-10-30,64.77,65.2,64.59,64.98,1184672
4718,10,2024-10-31,63.88,64.1,63.54,64.01,4290179
4719,10,2024-11-01,62.8,63.06,62.53,62.62,1668247
4720,10,2024-11-04,63.65,63.69,63.08,63.46,4211413
4721,10,2024-11-05,64.51,64.6,64.31,64.55,2827834
4722,10,2024-11-06,65.88,65.98,65.5,65.86,7262312
4723,10,2024-11-07,67.05,67.25,66.73,67.25,5669045
4724,10,2024-11-08,67.29,67.55,67.15,67.16,3433422
4725,10,2024-11-11,68.28,68.61,68.02,68.15,4919212
4726,10,2024-11-12,68.51,68.65,68.39,68.48,1574306
4727,10,2024-11-13,69.47,69.77,69.02,69.38,5720554
4728,10,2024-11-14,68.35,68.61,67.98,68.51,6837618
4729,10,2024-11-15,69.66,70.01,69.46,69.54,596476
4730,10,2024-11-18,69.12,69.14,68.88,68.89,893114
4731,10,2024-11-19,69.37,69.8,69.32,69.61,526636
4732,10,2024-11-20,68.35,68.7,67.9,68.11,836411
4733,10,2024-11-21,64.55,64.96,64.44,64.69,3013271
4734,10,2024-11-22,64.34,64.57,64.07,64.14,5622071
4735,10,2024-11-25,63.76,64.03,63.31,63.55,3628692
4736,10,2024-11-26,62.78,63.28,62.63,62.99,4503421
4737,10,2024-11-27,62.3,62.35,62.1,62.15,5263920
4738,10,2024-11-28,61.12,61.25,60.75,61.11,6207741
4739,10,2024-11-29,60.81,60.91,60.55,60.72,528094
4740,10,2024-12-02,61.8,62.14,61.77,61.87,6711565
4741,10,2024-12-03,62.11,62.39,62.03,62.18,6348161
4742,10,2024-12-04,62.06,62.51,61.9,62.19,7474014
4743,10,2024-12-05,60.86,61.02,60.66,60.97,7905765
4744,10,2024-12-06,60.16,60.21,59.89,60.04,2245853
4745,10,2024-12-09,61.74,61.82,61.47,61.81,3541520
4746,10,2024-12-10,61.79,61.98,61.47,61.8,4318153
4747,10,2024-12-11,59.41,59.77,59.12,59.58,2125579
4748,10,2024-12-12,60.09,60.24,59.69,59.88,5486010
4749,10,2024-12-13,59.67,59.99,59.32,59.6,1710987
4750,10,2024-12-16,60.17,60.23,59.91,59.97,3688356
4751,10,2024-12-17,58.87,58.88,58.54,58.79,1960371
4752,10,2024-12-18,59.37,59.4,59.16,59.3,6627671
4753,10,2024-12-19,60.03,60.28,59.71,59.96,7755919
4754,10,2024-12-20,60.92,61.27,60.71,61.16,6563176
4755,10,2024-12-23,60.61,60.92,60.43,60.69,1642204
4756,10,2024-12-24,60.41,60.71,60.23,60.5,2722893
4757,10,2024-12-25,59.86,60.21,59.64,59.83,2878158
4758,10,2024-12-26,59.83,60.16,59.3,59.63,2681816
4759,10,2024-12-27,59.93,60.07,59.54,59.72,4870342
4760,10,2024-12-30,59.25,59.59,59.16,59.21,7679496
4761,10,2024-12-31,60.54,60.65,60.35,60.62,1102091
4762,10,2025-01-01,58.78,59.31,58.59,58.96,795333
4763,10,2025-01-02,59.45,59.93,59.39,59.67,2523272
4764,10,2025-01-03,59.05,59.11,58.62,58.95,4708836
4765,10,2025-01-06,59.7,59.73,59.61,59.71,624952
4766,10,2025-01-07,58.91,59.15,58.87,59.08,5983148
4767,10,2025-01-08,59.77,60.16,59.47,59.98,770966
4768,10,2025-01-09,61.11,61.43,60.76,61.22,3511251
4769,10,2025-01-10,60.84,60.9,60.29,60.6,3560557
4770,10,2025-01-13,59.69,59.87,59.48,59.82,3383313
4771,10,2025-01-14,60.18,60.41,59.96,59.97,1520761
4772,10,2025-01-15,59.74,59.92,59.61,59.86,5829392
4773,10,2025-01-16,60.98,61.11,60.77,60.94,6444537
4774,10,2025-01-17,62.33,62.7,62.0,62.26,2949736
4775,10,2025-01-20,63.71,64.0,63.43,63.55,7595278
4776,10,2025-01-21,62.62,62.76,62.24,62.39,6327295
4777,10,2025-01-22,61.98,62.38,61.69,62.04,3214152
4778,10,2025-01-23,61.96,62.41,61.88,62.06,2977297
4779,10,2025-01-24,63.04,63.28,62.83,63.07,6670409
4780,10,2025-01-27,63.45,63.86,63.38,63.53,6106537
4781,10,2025-01-28,63.35,63.73,63.26,63.45,7548340
4782,10,2025-01-29,64.14,64.42,63.97,64.21,1700158
4783,10,2025-01-30,63.02,63.2,62.91,63.05,2848923
4784,10,2025-01-31,63.55,64.06,63.24,63.73,4045717
4785,10,2025-02-03,63.63,63.86,63.53,63.63,6298546
4786,10,2025-02-04,63.7,63.99,63.39,63.62,2138322
4787,10,2025-02-05,63.91,64.42,63.75,64.04,4977972
4788,10,2025-02-06,63.2,63.48,63.06,63.28,6223692
4789,10,2025-02-07,63.32,63.92,63.3,63.54,1811513
4790,10,2025-02-10,62.46,62.75,62.19,62.58,561429
4791,10,2025-02-11,61.91,62.19,61.42,61.71,4753584
4792,10,2025-02-12,62.05,62.21,61.61,61.95,4175167
4793,10,2025-02-13,63.74,64.08,63.39,63.83,5502157
4794,10,2025-02-14,66.48,66.48,66.01,66.23,714330
4795,10,2025-02-17,65.55,65.59,65.28,65.29,1494914
4796,10,2025-02-18,65.91,65.91,65.41,65.8,673697
4797,10,2025-02-19,66.32,66.55,65.97,66.42,1544518
4798,10,2025-02-20,67.82,67.95,67.54,67.84,5542517
4799,10,2025-02-21,67.94,68.29,67.63,67.94,1910680
4800,10,2025-02-24,68.98,69.28,68.78,68.82,1566771
4801,10,2025-02-25,67.81,68.28,67.64,67.93,1884879
4802,10,2025-02-26,66.58,66.71,66.36,66.6,6803695
4803,10,2025-02-27,66.14,66.19,66.04,66.06,3226080
4804,10,2025-02-28,66.43,66.66,66.15,66.58,3125730
4805,10,2025-03-03,65.68,66.1,65.29,65.8,6486397
4806,10,2025-03-04,68.83,69.09,68.41,68.65,2931342
4807,10,2025-03-05,70.51,70.66,70.12,70.27,6168491
4808,10,2025-03-06,71.01,71.36,71.0,71.17,6236515
4809,10,2025-03-07,71.92,72.1,71.64,71.72,3816963
4810,10,2025-03-10,72.29,72.79,72.23,72.36,1151517
4811,10,2025-03-11,72.02,72.33,71.43,71.76,6103726
4812,10,2025-03-12,73.26,73.37,73.06,73.11,6149430
4813,10,2025-03-13,73.89,74.55,73.6,74.11,3441912
4814,10,2025-03-14,74.02,74.59,73.99,74.31,4782649
4815,10,2025-03-17,76.35,76.87,76.24,76.5,5138498
4816,10,2025-03-18,77.72,77.86,77.37,77.82,7557686
4817,10,2025-03-19,77.59,77.99,77.32,77.7,1571290
4818,10,2025-03-20,78.24,78.67,77.71,78.04,3640797
4819,10,2025-03-21,78.69,79.14,78.31,78.41,6362334
4820,10,2025-03-24,81.16,81.42,80.67,80.94,7679522
4821,10,2025-03-25,80.75,81.07,80.16,80.47,928882
4822,10,2025-03-26,81.64,82.13,81.45,81.73,3247008
4823,10,2025-03-27,82.05,82.62,81.99,82.26,2415137
4824,10,2025-03-28,81.61,82.0,81.39,81.63,3999186
4825,10,2025-03-31,81.36,81.51,81.21,81.22,2639281
4826,10,2025-04-01,80.75,81.34,80.49,80.9,5804359
4827,10,2025-04-02,80.5,80.68,79.81,80.25,1134173
4828,10,2025-04-03,79.1,79.7,79.02,79.39,7859917
4829,10,2025-04-04,78.78,78.93,78.49,78.69,5624899
4830,10,2025-04-07,78.53,79.09,78.31,78.77,1448802
4831,10,2025-04-08,81.93,82.38,81.63,81.73,1712927
4832,10,2025-04-09,79.37,79.82,79.04,79.61,1125359
4833,10,2025-04-10,81.05,81.53,80.97,81.22,4952779
4834,10,2025-04-11,81.64,82.08,81.6,81.81,2916972
4835,10,2025-04-14,82.33,82.39,82.13,82.15,1526817
4836,10,2025-04-15,83.78,84.0,83.77,83.77,5326019
4837,10,2025-04-16,82.7,83.07,82.44,82.63,1973725
4838,10,2025-04-17,84.12,84.44,84.11,84.28,7911438
4839,10,2025-04-18,86.83,87.34,86.7,86.92,4207754
4840,10,2025-04-21,87.11,87.57,86.64,87.03,2822589
4841,10,2025-04-22,86.81,87.07,86.51,86.74,3474506
4842,10,2025-04-23,87.0,87.59,86.86,87.19,5034402
4843,10,2025-04-24,86.93,87.35,86.57,86.99,2731980
4844,10,2025-04-25,85.66,86.33,85.59,85.96,6416057
4845,10,2025-04-28,85.01,85.42,84.73,85.3,1491218
4846,10,2025-04-29,84.91,85.16,84.53,85.13,1250965
4847,10,2025-04-30,84.92,85.35,84.85,85.2,1239050
4848,10,2025-05-01,86.72,87.0,86.51,86.69,2270344
4849,10,2025-05-02,88.43,89.03,87.96,88.64,5540887
4850,10,2025-05-05,89.07,89.45,88.71,89.05,2166977
4851,10,2025-05-06,89.75,90.11,89.65,89.7,7538086
4852,10,2025-05-07,88.7,88.84,88.5,88.71,594727
4853,10,2025-05-08,88.58,88.97,88.32,88.71,846297
4854,10,2025-05-09,86.26,86.65,86.12,86.59,5879535
4855,10,2025-05-12,87.66,87.9,87.15,87.37,2517456
4856,10,2025-05-13,83.27,83.76,82.87,83.36,5534688
4857,10,2025-05-14,83.85,84.3,83.58,84.07,1106952
4858,10,2025-05-15,82.69,83.33,82.31,82.94,5166618
4859,10,2025-05-16,83.18,83.52,82.88,83.34,1563260
4860,10,2025-05-19,82.06,82.3,81.66,82.13,5000298
4861,10,2025-05-20,80.31,80.7,79.98,80.48,1372467
4862,10,2025-05-21,81.15,81.39,80.78,80.98,1560248
4863,10,2025-05-22,79.2,79.33,79.01,79.27,6718858
4864,10,2025-05-23,80.4,80.61,80.02,80.13,689445
4865,10,2025-05-26,79.24,79.76,78.84,79.5,4083705
4866,10,2025-05-27,80.11,80.72,80.03,80.25,1548423
4867,10,2025-05-28,79.15,79.29,78.81,78.99,1016356
4868,10,2025-05-29,75.87,76.17,75.69,75.99,4206793
4869,10,2025-05-30,76.15,76.58,76.11,76.27,3928091
4870,10,2025-06-02,77.38,77.7,77.13,77.21,5532067
4871,10,2025-06-03,76.23,76.67,75.78,76.4,6028414
4872,10,2025-06-04,77.04,77.65,76.92,77.22,704098
4873,10,2025-06-05,77.26,77.52,76.96,77.23,7267955
4874,10,2025-06-06,78.72,78.82,78.19,78.45,6345572
4875,10,2025-06-09,78.52,78.75,78.21,78.5,5305223
4876,10,2025-06-10,78.78,78.95,78.38,78.84,6241308
4877,10,2025-06-11,78.34,78.71,77.73,78.06,7610300
4878,10,2025-06-12,77.42,77.96,77.2,77.66,932383
4879,10,2025-06-13,76.92,77.61,76.9,77.19,6071200
4880,10,2025-06-16,78.19,78.46,78.03,78.07,3887469
4881,10,2025-06-17,78.64,78.89,78.63,78.65,4523551
4882,10,2025-06-18,79.22,79.53,78.75,79.26,3503589
4883,10,2025-06-19,81.68,82.01,81.38,81.79,6425439
4884,10,2025-06-20,82.86,83.19,82.3,82.71,4077982
4885,10,2025-06-23,82.36,82.39,82.2,82.28,7011865
4886,10,2025-06-24,84.02,84.35,83.88,84.28,6902504
4887,10,2025-06-25,85.33,85.81,85.05,85.43,4509028
4888,10,2025-06-26,80.77,81.48,80.3,81.02,3745014
4889,10,2025-06-27,79.09,79.55,78.64,78.98,3547867
4890,10,2025-06-30,78.92,79.55,78.82,79.08,1205887
4891,10,2025-07-01,75.71,75.96,75.34,75.8,6086348
4892,10,2025-07-02,73.77,73.81,73.35,73.62,5066018
4893,10,2025-07-03,74.22,74.26,73.84,74.22,2084443
4894,10,2025-07-04,77.34,77.67,76.82,77.12,7152945
4895,10,2025-07-07,79.03,79.36,78.69,78.75,2053861
4896,10,2025-07-08,79.54,79.78,79.13,79.33,4203137
4897,10,2025-07-09,79.95,80.35,79.56,80.16,5682898
4898,10,2025-07-10,82.15,82.26,81.73,82.2,1076613
4899,10,2025-07-11,80.69,80.86,80.28,80.84,2828542
4900,10,2025-07-14,79.75,79.78,79.46,79.69,1725066
4901,10,2025-07-15,78.96,79.12,78.84,78.95,5711334
4902,10,2025-07-16,80.15,80.54,79.78,79.89,4982764
4903,10,2025-07-17,77.59,78.05,77.46,77.82,5993884
4904,10,2025-07-18,76.68,76.75,76.2,76.62,6328967
4905,10,2025-07-21,77.33,77.36,76.86,77.14,6048249
4906,10,2025-07-22,76.62,77.14,76.59,76.73,6042904
4907,10,2025-07-23,79.93,80.32,79.73,80.09,1846281
4908,10,2025-07-24,79.97,80.36,79.22,79.69,5800013
4909,10,2025-07-25,79.5,79.69,79.1,79.37,2458401
4910,10,2025-07-28,79.45,80.0,79.1,79.6,4661440
4911,10,2025-07-29,79.28,79.72,78.99,79.35,565077
4912,10,2025-07-30,80.11,80.34,79.75,79.94,5461081
4913,10,2025-07-31,77.77,78.33,77.44,78.05,2793903
4914,10,2025-08-01,81.32,81.61,80.85,81.08,5222283
4915,10,2025-08-04,81.72,82.02,80.99,81.41,5769636
4916,10,2025-08-05,81.2,81.54,80.77,81.23,2964665
4917,10,2025-08-06,84.33,84.64,84.29,84.38,2046468
4918,10,2025-08-07,83.54,83.78,82.77,83.24,3896159
4919,10,2025-08-08,82.43,82.56,82.28,82.44,584038
4920,10,2025-08-11,82.84,82.99,82.24,82.56,5347544
4921,10,2025-08-12,81.97,82.54,81.54,82.24,6796144
4922,10,2025-08-13,78.53,79.08,78.34,78.7,7342720
4923,10,2025-08-14,79.0,79.55,78.96,79.12,4582086
4924,10,2025-08-15,80.18,80.33,79.96,80.09,2723981
4925,10,2025-08-18,82.83,83.32,82.5,82.98,1680064
4926,10,2025-08-19,82.32,82.86,81.95,82.46,554921
4927,10,2025-08-20,81.09,81.62,81.05,81.19,5512307
4928,10,2025-08-21,80.28,80.59,79.8,80.27,3623963
4929,10,2025-08-22,80.03,80.08,79.74,79.98,1943041
4930,10,2025-08-25,81.98,82.33,81.51,81.95,4005935
4931,10,2025-08-26,80.55,81.19,80.07,80.78,5632828
4932,10,2025-08-27,83.36,83.61,82.86,83.27,3391576
4933,10,2025-08-28,86.35,86.36,86.05,86.15,3374981
4934,10,2025-08-29,87.78,87.88,87.4,87.7,7925574
4935,10,2025-09-01,91.39,91.78,91.18,91.57,4873145
4936,10,2025-09-02,92.82,93.05,92.4,92.49,1759107
4937,10,2025-09-03,91.73,92.13,91.68,91.82,990687
4938,10,2025-09-04,93.05,93.49,92.71,92.81,5576054
4939,10,2025-09-05,94.56,94.73,94.19,94.35,5231945
4940,10,2025-09-08,91.52,91.77,91.28,91.77,1832560
4941,10,2025-09-09,91.52,92.19,91.15,91.74,4540984
4942,10,2025-09-10,90.25,90.57,90.14,90.45,3281952
4943,10,2025-09-11,92.84,93.43,92.7,92.93,779618
4944,10,2025-09-12,91.87,92.36,91.42,91.92,1817959
4945,10,2025-09-15,91.86,92.29,91.78,91.94,2973270
4946,10,2025-09-16,93.72,94.23,93.53,94.08,6746478
4947,10,2025-09-17,93.07,93.54,92.36,92.71,7519600
4948,10,2025-09-18,92.23,92.78,91.67,92.0,7093534
4949,10,2025-09-19,95.1,95.24,94.58,94.82,7282303
4950,10,2025-09-22,93.55,93.79,93.09,93.27,2920369
4951,10,2025-09-23,95.96,96.06,95.7,96.04,6519258
4952,10,2025-09-24,98.02,98.02,97.56,98.0,6486272
4953,10,2025-09-25,97.51,97.78,96.96,97.5,7894663
4954,10,2025-09-26,98.51,98.87,98.08,98.32,3329684
4955,10,2025-09-29,100.23,100.6,100.0,100.16,623008
4956,10,2025-09-30,99.89,100.16,99.22,99.73,5318583
4957,10,2025-10-01,102.19,102.28,101.67,102.25,5159191
4958,10,2025-10-02,99.93,99.98,99.03,99.6,2111696
4959,10,2025-10-03,96.8,97.34,96.19,96.45,3025417
4960,10,2025-10-06,96.0,96.22,95.75,96.01,2943442
4961,10,2025-10-07,95.8,96.04,95.62,95.63,1219414
4962,10,2025-10-08,95.07,95.24,94.75,95.08,5924033
4963,10,2025-10-09,95.46,96.24,95.11,95.68,5297459
4964,10,2025-10-10,96.92,97.27,96.91,96.97,7823036
4965,10,2025-10-13,98.69,99.07,97.91,98.37,3563963
4966,10,2025-10-14,97.84,98.31,97.55,97.68,3073667
4967,10,2025-10-15,101.04,101.2,100.74,100.84,4707425
4968,10,2025-10-16,101.47,102.32,101.14,101.81,1758639
4969,10,2025-10-17,100.7,100.88,100.62,100.86,917727
4970,10,2025-10-20,102.89,103.42,102.26,102.59,7034699
4971,10,2025-10-21,104.28,104.79,103.76,104.56,4356216
4972,10,2025-10-22,104.8,105.2,104.08,104.56,2370261
4973,10,2025-10-23,103.31,103.56,102.75,103.09,888280
4974,10,2025-10-24,101.08,101.37,100.87,101.18,642090
4975,10,2025-10-27,101.05,101.86,100.79,101.39,4835792
4976,10,2025-10-28,101.17,101.22,100.6,101.09,5363916
4977,10,2025-10-29,102.96,103.49,102.53,102.62,7011700
4978,10,2025-10-30,102.82,103.1,102.32,102.65,6192400
4979,10,2025-10-31,103.75,103.98,103.16,103.89,6105184
4980,10,2025-11-03,104.06,104.49,103.89,104.3,5216510
4981,10,2025-11-04,104.28,104.75,103.75,104.2,2244718
4982,10,2025-11-05,106.48,106.91,106.35,106.45,2167627
4983,10,2025-11-06,104.58,105.13,104.01,104.6,3863699
4984,10,2025-11-07,105.1,105.42,104.82,105.34,2599553
4985,10,2025-11-10,103.98,104.46,103.42,104.04,3410931
4986,10,2025-11-11,106.05,106.34,105.48,105.68,808551
4987,10,2025-11-12,102.89,103.27,102.05,102.55,2487245
4988,10,2025-11-13,99.9,100.37,99.68,99.91,2544612
4989,10,2025-11-14,99.44,99.92,99.24,99.62,4905748
4990,10,2025-11-17,101.2,101.47,100.64,100.92,2403124
4991,10,2025-11-18,101.34,101.48,100.89,101.13,3649186
4992,10,2025-11-19,100.74,100.78,100.22,100.76,668955
4993,10,2025-11-20,101.93,102.23,101.65,102.05,1997909
4994,10,2025-11-21,100.3,100.82,100.02,100.63,2057728
4995,10,2025-11-24,100.82,101.3,100.36,100.75,848834
4996,10,2025-11-25,100.42,100.87,99.66,100.14,3294504
4997,10,2025-11-26,98.62,98.99,98.46,98.82,2331246
4998,10,2025-11-27,100.88,101.36,100.09,100.49,3669998
4999,10,2025-11-28,100.95,101.47,100.53,100.61,3587133
5000,10,2025-12-01,105.52,105.92,104.54,105.12,5533301
5001,11,2024-01-02,119.3,120.47,118.78,119.75,1026046
5002,11,2024-01-03,119.67,120.25,119.02,119.44,6150982
5003,11,2024-01-04,118.05,118.94,117.63,118.45,4757724
5004,11,2024-01-05,119.79,120.39,118.85,119.56,1150727
5005,11,2024-01-08,121.95,122.49,121.62,121.94,7468617
5006,11,2024-01-09,123.65,123.8,123.1,123.74,4027878
5007,11,2024-01-10,123.28,123.76,122.76,123.14,5516971
5008,11,2024-01-11,123.19,123.75,122.76,123.41,3499214
5009,11,2024-01-12,121.76,122.53,121.25,121.88,618670
5010,11,2024-01-15,119.66,119.88,119.37,119.78,7834630
5011,11,2024-01-16,119.67,119.72,119.02,119.53,5760377
5012,11,2024-01-17,119.56,119.56,119.24,119.37,5782787
5013,11,2024-01-18,116.55,116.77,115.64,116.22,5603068
5014,11,2024-01-19,116.38,116.68,115.63,116.27,1003140
5015,11,2024-01-22,117.09,117.46,116.47,116.74,2812452
5016,11,2024-01-23,116.71,117.5,116.56,116.89,4930855
5017,11,2024-01-24,118.4,118.64,117.98,118.17,2744242
5018,11,2024-01-25,118.8,119.08,118.66,118.98,5042807
5019,11,2024-01-26,119.29,119.91,118.79,118.91,5915052
5020,11,2024-01-29,119.41,119.76,118.98,119.14,3180115
5021,11,2024-01-30,122.07,122.62,121.59,121.89,2825703
5022,11,2024-01-31,123.83,124.2,123.25,123.47,2028402
5023,11,2024-02-01,126.27,127.22,126.27,126.7,3165061
5024,11,2024-02-02,125.9,126.23,125.19,126.03,3638060
5025,11,2024-02-05,124.7,125.56,124.0,124.85,6318651
5026,11,2024-02-06,127.19,127.46,127.1,127.33,4627830
5027,11,2024-02-07,126.14,126.19,125.4,125.83,2776914
5028,11,2024-02-08,128.94,129.55,128.48,128.54,1781068
5029,11,2024-02-09,132.63,133.45,131.96,132.81,7797509
5030,11,2024-02-12,132.31,133.09,131.71,132.72,1833608
5031,11,2024-02-13,128.59,129.17,128.17,129.0,7659454
5032,11,2024-02-14,127.68,128.79,127.1,128.1,5992546
5033,11,2024-02-15,131.52,132.19,131.22,131.98,2443367
5034,11,2024-02-16,131.99,132.77,131.64,131.77,7360459
5035,11,2024-02-19,133.34,133.85,132.66,133.48,7835561
5036,11,2024-02-20,135.15,135.83,134.18,134.77,1262036
5037,11,2024-02-21,136.01,136.2,135.94,136.04,1153670
5038,11,2024-02-22,136.81,136.88,136.36,136.57,2992551
5039,11,2024-02-23,135.93,136.71,135.3,135.56,792435
5040,11,2024-02-26,133.86,134.58,133.85,134.33,3807133
5041,11,2024-02-27,136.9,137.41,135.75,136.47,3554503
5042,11,2024-02-28,137.93,138.18,137.17,137.81,2898250
5043,11,2024-02-29,135.07,135.75,134.82,135.14,7909649
5044,11,2024-03-01,136.62,137.48,136.01,136.83,1878215
5045,11,2024-03-04,136.52,137.23,135.56,136.05,3059324
5046,11,2024-03-05,135.05,135.78,134.98,135.53,5135927
5047,11,2024-03-06,135.34,135.51,134.78,135.43,3368339
5048,11,2024-03-07,134.8,135.36,134.57,134.65,941550
5049,11,2024-03-08,134.91,135.34,134.59,134.7,5481153
5050,11,2024-03-11,131.19,132.16,130.87,131.58,1560465
5051,11,2024-03-12,132.8,133.23,132.15,133.17,3168797
5052,11,2024-03-13,130.04,130.17,129.28,129.89,6767435
5053,11,2024-03-14,128.12,128.89,127.63,128.48,4224270
5054,11,2024-03-15,128.13,128.68,127.25,127.83,583418
5055,11,2024-03-18,127.34,127.83,126.32,127.04,5251631
5056,11,2024-03-19,126.66,127.24,126.24,126.67,3918987
5057,11,2024-03-20,125.91,127.11,125.41,126.38,7346517
5058,11,2024-03-21,125.28,125.77,124.91,125.51,1466134
5059,11,2024-03-22,126.58,126.69,125.87,126.14,2714311
5060,11,2024-03-25,123.99,124.83,123.95,124.3,5576685
5061,11,2024-03-26,121.02,121.53,120.78,120.88,5238141
5062,11,2024-03-27,120.63,120.64,120.34,120.62,2660270
5063,11,2024-03-28,123.44,123.64,122.81,123.12,3189591
5064,11,2024-03-29,123.36,123.91,123.03,123.56,6534827
5065,11,2024-04-01,122.67,123.35,122.65,122.82,7029684
5066,11,2024-04-02,121.04,121.75,120.49,120.91,2978615
5067,11,2024-04-03,118.88,119.23,118.61,119.17,5202537
5068,11,2024-04-04,120.37,121.09,120.21,120.51,4691480
5069,11,2024-04-05,117.19,117.86,116.95,117.24,5729427
5070,11,2024-04-08,116.99,117.42,116.02,116.6,1055516
5071,11,2024-04-09,113.79,113.95,113.16,113.87,6825094
5072,11,2024-04-10,115.61,116.12,115.55,116.06,5951869
5073,11,2024-04-11,116.9,117.24,116.1,116.51,5490568
5074,11,2024-04-12,117.72,118.4,117.19,117.77,5115490
5075,11,2024-04-15,117.65,118.35,117.13,117.81,6926284
5076,11,2024-04-16,118.06,118.62,117.5,118.04,5973894
5077,11,2024-04-17,114.85,115.06,114.38,114.79,6151142
5078,11,2024-04-18,113.3,114.07,112.8,113.52,7677748
5079,11,2024-04-19,113.7,114.11,113.05,113.65,7679845
5080,11,2024-04-22,115.01,115.24,114.97,115.09,4732995
5081,11,2024-04-23,115.18,115.53,114.42,114.97,2418856
5082,11,2024-04-24,114.25,114.6,113.68,114.24,4465404
5083,11,2024-04-25,114.39,115.02,114.29,114.55,7181891
5084,11,2024-04-26,111.82,112.39,111.38,111.94,5476622
5085,11,2024-04-29,112.83,113.32,111.86,112.47,6201024
5086,11,2024-04-30,111.53,112.02,111.37,111.88,2072514
5087,11,2024-05-01,110.24,110.73,110.04,110.38,7565912
5088,11,2024-05-02,110.9,111.57,110.48,110.97,4267863
5089,11,2024-05-03,109.76,110.28,109.45,109.92,2516006
5090,11,2024-05-06,108.85,109.26,108.48,109.04,3010422
5091,11,2024-05-07,109.84,110.72,109.63,110.1,3084596
5092,11,2024-05-08,110.93,111.15,110.26,110.68,7428243
5093,11,2024-05-09,110.21,110.52,110.0,110.18,7752259
5094,11,2024-05-10,108.32,109.12,107.69,108.7,3393287
5095,11,2024-05-13,110.9,111.17,110.82,110.96,6111439
5096,11,2024-05-14,108.62,109.35,108.29,108.95,2428789
5097,11,2024-05-15,109.09,109.43,108.59,109.22,6339872
5098,11,2024-05-16,110.93,111.57,110.52,110.98,3804497
5099,11,2024-05-17,110.36,110.96,110.13,110.16,7665600
5100,11,2024-05-20,109.45,109.91,109.32,109.58,6763026
5101,11,2024-05-21,108.47,109.37,108.26,108.87,4065499
5102,11,2024-05-22,109.49,109.61,109.19,109.37,1446895
5103,11,2024-05-23,109.25,109.45,108.6,109.04,1755447
5104,11,2024-05-24,110.51,110.99,110.14,110.62,4399250
5105,11,2024-05-27,110.15,110.6,109.73,110.55,4296130
5106,11,2024-05-28,112.04,112.47,111.91,112.46,7324920
5107,11,2024-05-29,112.27,112.85,111.65,111.95,2315081
5108,11,2024-05-30,112.02,112.37,111.49,111.76,6101531
5109,11,2024-05-31,112.5,113.0,112.49,112.71,2337863
5110,11,2024-06-03,113.14,113.72,112.72,113.45,3780638
5111,11,2024-06-04,115.68,115.96,114.89,115.38,4218294
5112,11,2024-06-05,112.42,113.06,112.28,112.83,7438841
5113,11,2024-06-06,113.56,113.64,113.03,113.5,5829480
5114,11,2024-06-07,112.85,113.08,112.26,112.56,5199030
5115,11,2024-06-10,111.42,111.57,110.76,111.54,7096091
5116,11,2024-06-11,109.71,110.35,108.84,109.32,6873436
5117,11,2024-06-12,108.21,108.77,107.72,108.16,3904915
5118,11,2024-06-13,106.93,107.28,106.55,106.61,1690361
5119,11,2024-06-14,107.38,107.62,106.69,107.0,4339988
5120,11,2024-06-17,107.7,108.14,107.42,107.89,5071327
5121,11,2024-06-18,109.36,109.41,108.56,109.07,4719324
5122,11,2024-06-19,106.96,107.03,106.58,106.9,3920636
5123,11,2024-06-20,106.6,107.04,106.35,106.54,6450990
5124,11,2024-06-21,106.95,107.06,106.73,106.86,1252326
5125,11,2024-06-24,108.11,108.89,107.62,108.39,4380119
5126,11,2024-06-25,107.6,108.03,107.17,107.48,3799810
5127,11,2024-06-26,106.15,106.88,105.84,106.3,3212335
5128,11,2024-06-27,106.62,107.18,106.2,106.78,5812723
5129,11,2024-06-28,106.47,106.74,105.76,106.06,4194718
5130,11,2024-07-01,105.07,105.47,104.71,105.21,7630620
5131,11,2024-07-02,104.63,105.21,104.07,104.83,4151576
5132,11,2024-07-03,102.83,103.26,102.28,102.47,1344149
5133,11,2024-07-04,102.83,103.47,102.42,102.85,1323423
5134,11,2024-07-05,104.81,105.22,104.15,104.44,6941061
5135,11,2024-07-08,104.4,105.01,103.89,104.6,5444474
5136,11,2024-07-09,103.01,103.31,102.75,102.85,7569382
5137,11,2024-07-10,101.33,101.47,101.12,101.41,5361183
5138,11,2024-07-11,101.86,102.16,101.62,101.67,4504754
5139,11,2024-07-12,102.26,102.9,102.17,102.49,6955275
5140,11,2024-07-15,101.66,102.25,101.42,101.63,632397
5141,11,2024-07-16,102.17,102.68,101.64,101.94,4983534
5142,11,2024-07-17,100.17,100.39,99.61,99.91,5402158
5143,11,2024-07-18,99.63,99.95,98.78,99.32,5210523
5144,11,2024-07-19,99.39,99.81,99.29,99.7,2100537
5145,11,2024-07-22,99.6,99.87,99.31,99.49,3987605
5146,11,2024-07-23,97.19,97.85,96.61,97.38,3834412
5147,11,2024-07-24,97.55,97.94,96.89,97.18,6570181
5148,11,2024-07-25,96.53,96.67,96.12,96.28,4669782
5149,11,2024-07-26,96.3,96.6,95.8,95.93,7541225
5150,11,2024-07-29,94.35,94.88,94.33,94.45,3961096
5151,11,2024-07-30,94.89,95.24,94.69,95.2,5583533
5152,11,2024-07-31,97.29,97.31,97.1,97.16,6122785
5153,11,2024-08-01,98.58,98.74,98.33,98.35,4572470
5154,11,2024-08-02,98.01,98.11,97.54,97.85,2853620
5155,11,2024-08-05,99.63,100.36,99.41,99.91,6578167
5156,11,2024-08-06,101.17,101.72,100.69,101.38,4890328
5157,11,2024-08-07,99.53,99.76,99.27,99.64,7998928
5158,11,2024-08-08,100.13,100.64,99.91,100.23,4453911
5159,11,2024-08-09,99.01,99.13,98.69,99.05,2525679
5160,11,2024-08-12,99.45,99.91,98.98,99.79,6652046
5161,11,2024-08-13,99.46,99.91,99.1,99.8,7330816
5162,11,2024-08-14,97.98,98.42,97.8,98.13,5108648
5163,11,2024-08-15,96.35,96.53,95.61,96.02,5953849
5164,11,2024-08-16,96.87,97.38,96.35,96.93,7630205
5165,11,2024-08-19,96.34,97.02,95.78,96.58,5506704
5166,11,2024-08-20,99.65,100.2,99.12,99.52,2212454
5167,11,2024-08-21,98.66,99.0,98.3,98.39,6682715
5168,11,2024-08-22,99.64,100.22,99.42,99.63,7614376
5169,11,2024-08-23,99.36,99.85,98.62,99.18,5806564
5170,11,2024-08-26,98.63,98.72,98.1,98.4,6226904
5171,11,2024-08-27,95.92,96.69,95.53,96.22,7676855
5172,11,2024-08-28,98.17,98.27,97.79,97.94,5432561
5173,11,2024-08-29,97.52,98.16,97.18,97.62,6422885
5174,11,2024-08-30,98.26,98.73,98.13,98.22,2998600
5175,11,2024-09-02,97.83,98.28,97.2,97.46,2480794
5176,11,2024-09-03,96.86,97.08,96.55,96.77,2110776
5177,11,2024-09-04,95.06,95.76,95.0,95.23,1231668
5178,11,2024-09-05,96.92,97.23,96.22,96.71,7288138
5179,11,2024-09-06,96.57,96.68,95.69,96.25,5653620
5180,11,2024-09-09,96.62,97.02,96.14,96.9,5326011
5181,11,2024-09-10,98.1,98.7,97.84,98.14,2756811
5182,11,2024-09-11,98.74,99.52,98.57,99.05,4224913
5183,11,2024-09-12,99.76,100.07,99.72,100.05,5464068
5184,11,2024-09-13,100.4,100.75,100.24,100.61,947487
5185,11,2024-09-16,100.95,101.34,100.71,101.22,1966963
5186,11,2024-09-17,101.65,102.19,101.4,101.64,2683099
5187,11,2024-09-18,102.0,102.61,101.53,101.94,4123763
5188,11,2024-09-19,101.4,102.05,100.92,101.71,3329123
5189,11,2024-09-20,101.61,102.02,101.19,101.62,992603
5190,11,2024-09-23,100.36,101.01,100.06,100.43,813474
5191,11,2024-09-24,98.09,98.2,97.92,98.17,4257529
5192,11,2024-09-25,97.76,97.89,97.38,97.51,6703326
5193,11,2024-09-26,98.8,99.28,98.53,98.68,3720497
5194,11,2024-09-27,100.45,100.96,100.4,100.61,777537
5195,11,2024-09-30,100.01,100.63,99.77,100.22,7337920
5196,11,2024-10-01,98.65,98.98,97.84,98.41,5894886
5197,11,2024-10-02,98.19,98.48,97.71,98.4,7985367
5198,11,2024-10-03,96.84,97.19,96.29,96.68,1425371
5199,11,2024-10-04,98.81,98.87,98.53,98.77,4586218
5200,11,2024-10-07,99.81,100.08,99.74,99.74,2579540
5201,11,2024-10-08,100.31,100.88,99.93,100.52,3484798
5202,11,2024-10-09,100.94,101.76,100.36,101.23,3511468
5203,11,2024-10-10,101.9,102.41,101.44,101.96,4628022
5204,11,2024-10-11,101.97,102.19,101.79,101.96,578484
5205,11,2024-10-14,103.57,104.27,103.34,103.79,2230928
5206,11,2024-10-15,101.63,101.81,101.21,101.63,5161681
5207,11,2024-10-16,102.65,103.24,102.45,102.69,1133457
5208,11,2024-10-17,103.14,103.87,102.91,103.3,2132541
5209,11,2024-10-18,102.47,102.96,102.42,102.86,853136
5210,11,2024-10-21,102.04,102.09,101.23,101.79,2334076
5211,11,2024-10-22,102.71,103.11,102.27,102.7,4746960
5212,11,2024-10-23,102.85,103.39,102.35,103.26,6967421
5213,11,2024-10-24,101.85,102.38,101.42,101.85,1941841
5214,11,2024-10-25,102.12,102.55,101.56,102.24,7199387
5215,11,2024-10-28,102.34,102.77,102.01,102.01,1199170
5216,11,2024-10-29,102.51,102.93,102.37,102.6,5259443
5217,11,2024-10-30,101.35,101.8,101.19,101.56,6170406
5218,11,2024-10-31,101.14,101.68,100.86,101.18,6992520
5219,11,2024-11-01,100.67,100.9,100.48,100.76,7656265
5220,11,2024-11-04,101.19,101.75,100.43,100.91,3912848
5221,11,2024-11-05,99.63,100.01,99.07,99.36,2272506
5222,11,2024-11-06,97.41,97.72,97.07,97.62,3651491
5223,11,2024-11-07,98.36,98.94,98.07,98.49,7850181
5224,11,2024-11-08,97.19,97.38,96.35,96.8,2766460
5225,11,2024-11-11,96.15,96.68,95.65,96.51,3790918
5226,11,2024-11-12,98.13,98.63,97.57,97.89,7931203
5227,11,2024-11-13,96.38,96.48,96.09,96.12,4957636
5228,11,2024-11-14,97.85,98.38,97.37,97.58,4847910
5229,11,2024-11-15,99.12,99.26,99.05,99.19,4130876
5230,11,2024-11-18,98.18,98.46,97.62,97.8,3871812
5231,11,2024-11-19,97.24,97.57,96.94,97.3,6426866
5232,11,2024-11-20,98.87,99.38,98.53,99.15,2720324
5233,11,2024-11-21,97.77,98.22,97.29,97.63,5066413
5234,11,2024-11-22,99.81,100.41,99.49,100.0,3116561
5235,11,2024-11-25,97.89,98.33,97.54,97.98,7416267
5236,11,2024-11-26,99.45,99.88,98.85,99.09,2138629
5237,11,2024-11-27,99.94,99.96,99.44,99.9,3821444
5238,11,2024-11-28,100.74,101.06,100.38,100.79,4012905
5239,11,2024-11-29,100.86,101.36,100.72,100.81,2171158
5240,11,2024-12-02,99.94,100.08,99.49,99.97,6190994
5241,11,2024-12-03,97.95,98.83,97.5,98.27,7912669
5242,11,2024-12-04,98.56,99.19,98.31,98.86,1905735
5243,11,2024-12-05,99.53,99.92,99.06,99.16,2012871
5244,11,2024-12-06,97.76,98.37,97.31,97.97,889143
5245,11,2024-12-09,99.31,99.46,98.74,98.97,6406235
5246,11,2024-12-10,100.49,101.02,99.73,100.23,7639495
5247,11,2024-12-11,97.52,97.84,96.98,97.71,3491199
5248,11,2024-12-12,99.92,100.13,99.72,100.05,4532643
5249,11,2024-12-13,98.49,98.54,98.11,98.41,2318300
5250,11,2024-12-16,99.85,99.88,99.21,99.68,6961144
5251,11,2024-12-17,99.78,99.98,99.2,99.52,6349042
5252,11,2024-12-18,100.84,101.03,100.26,100.97,5238133
5253,11,2024-12-19,100.69,101.18,100.48,101.08,2832636
5254,11,2024-12-20,99.32,100.08,99.12,99.6,7808199
5255,11,2024-12-23,96.75,96.96,95.92,96.38,4097534
5256,11,2024-12-24,98.61,99.17,98.0,98.32,5281562
5257,11,2024-12-25,97.32,97.35,96.76,97.18,7632165
5258,11,2024-12-26,97.29,97.7,97.25,97.55,4104018
5259,11,2024-12-27,98.32,98.86,97.63,97.96,7733435
5260,11,2024-12-30,97.97,98.53,97.18,97.64,5463748
5261,11,2024-12-31,96.35,96.63,95.8,96.34,4395459
5262,11,2025-01-01,95.76,96.45,95.72,95.99,6510790
5263,11,2025-01-02,96.71,96.82,96.01,96.48,4054170
5264,11,2025-01-03,95.18,95.41,94.89,95.06,3703327
5265,11,2025-01-06,95.26,95.55,94.96,95.23,645396
5266,11,2025-01-07,96.8,97.16,96.5,97.13,2841645
5267,11,2025-01-08,96.48,97.24,96.06,96.85,5420626
5268,11,2025-01-09,95.84,96.64,95.56,96.22,2731680
5269,11,2025-01-10,96.44,96.9,96.36,96.61,6986662
5270,11,2025-01-13,96.12,96.95,95.96,96.45,3612893
5271,11,2025-01-14,97.34,97.79,96.94,97.15,3543153
5272,11,2025-01-15,96.54,96.8,96.25,96.4,6689274
5273,11,2025-01-16,96.28,96.93,95.83,96.62,2692659
5274,11,2025-01-17,98.47,99.03,98.33,98.44,600476
5275,11,2025-01-20,99.79,100.34,99.38,99.8,2121255
5276,11,2025-01-21,99.52,99.9,99.24,99.49,6467157
5277,11,2025-01-22,100.57,100.66,100.1,100.18,4140699
5278,11,2025-01-23,99.16,99.74,98.96,99.35,5777711
5279,11,2025-01-24,98.05,98.4,97.99,98.37,3742141
5280,11,2025-01-27,97.53,98.03,97.16,97.45,1491758
5281,11,2025-01-28,96.68,96.71,96.13,96.63,1660530
5282,11,2025-01-29,96.05,96.26,95.75,95.88,5787739
5283,11,2025-01-30,96.71,97.26,96.34,97.1,1982781
5284,11,2025-01-31,96.82,97.04,96.73,96.84,7321183
5285,11,2025-02-03,95.25,95.46,94.97,95.15,1436697
5286,11,2025-02-04,97.53,97.71,97.18,97.59,3827238
5287,11,2025-02-05,97.05,97.89,96.86,97.43,7522401
5288,11,2025-02-06,97.94,98.6,97.36,98.1,7723791
5289,11,2025-02-07,99.18,99.67,98.59,98.93,1688384
5290,11,2025-02-10,98.11,98.76,97.81,98.4,4590602
5291,11,2025-02-11,98.25,98.81,97.56,98.13,7362003
5292,11,2025-02-12,97.59,97.73,96.88,97.42,3756824
5293,11,2025-02-13,98.02,98.18,97.61,97.73,2792874
5294,11,2025-02-14,96.51,96.71,96.23,96.41,7225517
5295,11,2025-02-17,96.06,96.28,95.43,95.7,3031688
5296,11,2025-02-18,95.53,96.01,95.35,95.6,7207453
5297,11,2025-02-19,96.95,97.31,96.36,96.69,6221744
5298,11,2025-02-20,95.22,95.96,94.85,95.43,5305305
5299,11,2025-02-21,96.6,97.16,95.96,96.32,5907462
5300,11,2025-02-24,97.28,97.28,97.19,97.22,5742512
5301,11,2025-02-25,95.6,96.39,95.37,95.88,5708921
5302,11,2025-02-26,96.37,96.85,95.93,96.01,2462742
5303,11,2025-02-27,96.09,96.5,96.06,96.16,6203559
5304,11,2025-02-28,96.55,96.71,95.91,96.39,7809068
5305,11,2025-03-03,97.58,98.0,97.03,97.85,1352366
5306,11,2025-03-04,96.88,97.39,96.65,96.91,7335820
5307,11,2025-03-05,96.6,97.06,96.14,96.73,7091015
5308,11,2025-03-06,99.76,100.07,99.58,99.65,5077823
5309,11,2025-03-07,100.29,100.88,100.04,100.2,6508455
5310,11,2025-03-10,103.19,103.83,102.8,103.47,6755480
5311,11,2025-03-11,105.05,105.46,104.79,105.2,5701546
5312,11,2025-03-12,105.0,105.5,104.7,104.75,3146837
5313,11,2025-03-13,104.62,105.17,104.05,104.9,6063153
5314,11,2025-03-14,104.66,105.18,104.41,104.69,579483
5315,11,2025-03-17,104.59,104.95,104.1,104.54,5271162
5316,11,2025-03-18,103.78,104.36,103.52,103.83,6984989
5317,11,2025-03-19,103.13,103.47,102.6,103.17,5792486
5318,11,2025-03-20,102.17,102.72,102.14,102.32,7408076
5319,11,2025-03-21,102.63,103.02,102.54,102.71,5789970
5320,11,2025-03-24,103.16,103.8,102.58,103.53,6585685
5321,11,2025-03-25,103.43,103.62,103.19,103.33,4809264
5322,11,2025-03-26,104.99,105.16,104.38,104.91,6045062
5323,11,2025-03-27,103.95,104.38,103.6,103.71,4016074
5324,11,2025-03-28,101.65,101.85,101.37,101.49,6704266
5325,11,2025-03-31,101.5,101.74,101.2,101.72,2579256
5326,11,2025-04-01,101.01,101.76,100.6,101.21,878552
5327,11,2025-04-02,102.13,102.57,101.95,102.46,4067398
5328,11,2025-04-03,102.12,102.72,101.79,102.33,1931580
5329,11,2025-04-04,102.4,102.82,102.2,102.61,1044671
5330,11,2025-04-07,101.57,102.09,101.49,101.94,1218781
5331,11,2025-04-08,103.7,104.03,103.36,103.81,4239922
5332,11,2025-04-09,104.39,104.99,103.97,104.13,7982501
5333,11,2025-04-10,105.12,105.64,104.37,104.79,7597274
5334,11,2025-04-11,104.92,105.05,104.54,105.01,1672020
5335,11,2025-04-14,105.63,106.09,105.12,105.94,766949
5336,11,2025-04-15,103.6,103.94,103.24,103.61,6833603
5337,11,2025-04-16,104.8,105.37,104.26,104.48,6071919
5338,11,2025-04-17,102.82,103.01,102.04,102.63,7487004
5339,11,2025-04-18,104.61,104.68,103.86,104.29,6937411
5340,11,2025-04-21,103.84,104.3,103.76,103.99,7488652
5341,11,2025-04-22,103.53,103.92,103.07,103.15,2582503
5342,11,2025-04-23,103.29,104.02,103.02,103.5,6087353
5343,11,2025-04-24,105.24,105.79,104.68,105.1,7188329
5344,11,2025-04-25,107.1,107.26,106.83,106.92,7055006
5345,11,2025-04-28,107.9,108.3,107.8,108.27,2857942
5346,11,2025-04-29,108.31,108.56,107.73,108.26,5507334
5347,11,2025-04-30,107.32,107.52,106.56,107.0,5695477
5348,11,2025-05-01,107.58,108.24,107.26,107.65,6088721
5349,11,2025-05-02,106.75,107.3,106.27,107.11,5995506
5350,11,2025-05-05,107.05,107.52,106.37,106.75,4141941
5351,11,2025-05-06,104.89,105.6,104.86,105.23,6494365
5352,11,2025-05-07,105.41,105.83,104.84,105.08,2323047
5353,11,2025-05-08,103.79,104.23,103.33,103.78,1164462
5354,11,2025-05-09,103.84,104.06,103.32,103.58,4969133
5355,11,2025-05-12,105.44,105.68,104.68,105.31,6190590
5356,11,2025-05-13,105.24,105.34,104.91,105.21,4430040
5357,11,2025-05-14,108.45,108.55,108.26,108.26,5287389
5358,11,2025-05-15,108.53,108.97,107.87,108.48,2677873
5359,11,2025-05-16,108.69,109.22,108.68,108.94,4368237
5360,11,2025-05-19,109.83,110.3,109.61,109.63,4501004
5361,11,2025-05-20,110.82,111.46,110.32,110.88,4879912
5362,11,2025-05-21,111.7,111.95,110.84,111.27,3100095
5363,11,2025-05-22,110.81,111.48,110.64,110.89,4106044
5364,11,2025-05-23,112.57,113.2,112.25,112.51,4363266
5365,11,2025-05-26,111.68,111.91,111.02,111.35,1257321
5366,11,2025-05-27,111.9,112.21,111.87,111.97,5516264
5367,11,2025-05-28,112.39,112.86,111.76,112.65,1170536
5368,11,2025-05-29,109.83,110.64,109.54,110.23,4914284
5369,11,2025-05-30,111.16,111.84,110.51,111.48,3713916
5370,11,2025-06-02,113.39,113.54,112.64,113.16,5776293
5371,11,2025-06-03,112.29,112.36,111.8,112.13,4679071
5372,11,2025-06-04,111.87,112.75,111.31,112.22,1307983
5373,11,2025-06-05,111.57,112.46,111.48,111.88,5485897
5374,11,2025-06-06,113.04,113.62,112.48,113.37,3027614
5375,11,2025-06-09,113.67,114.21,113.64,113.81,7951458
5376,11,2025-06-10,114.06,114.51,113.46,113.86,4629211
5377,11,2025-06-11,114.42,114.83,114.07,114.51,4087327
5378,11,2025-06-12,116.89,117.13,116.74,117.06,2016484
5379,11,2025-06-13,117.38,117.92,117.31,117.35,724314
5380,11,2025-06-16,115.83,116.38,115.72,116.23,2804100
5381,11,2025-06-17,119.95,120.66,119.75,119.96,3782621
5382,11,2025-06-18,118.38,119.06,118.02,118.31,7927772
5383,11,2025-06-19,117.1,117.45,116.95,117.09,1248320
5384,11,2025-06-20,117.89,118.15,117.68,117.79,1664021
5385,11,2025-06-23,117.69,118.23,117.52,118.11,1472294
5386,11,2025-06-24,116.49,116.69,115.86,116.12,6076685
5387,11,2025-06-25,113.93,114.05,113.46,113.52,3267219
5388,11,2025-06-26,114.34,114.37,114.11,114.29,7422708
5389,11,2025-06-27,115.09,115.69,114.74,114.75,1020872
5390,11,2025-06-30,113.97,114.09,113.6,114.06,1360688
5391,11,2025-07-01,114.8,115.19,114.27,114.81,4144356
5392,11,2025-07-02,116.53,116.94,116.16,116.43,1952757
5393,11,2025-07-03,116.97,117.3,116.58,117.07,6590135
5394,11,2025-07-04,117.77,117.99,117.33,117.44,1585607
5395,11,2025-07-07,117.8,117.98,117.36,117.75,3446647
5396,11,2025-07-08,116.89,117.06,116.36,116.68,3965177
5397,11,2025-07-09,116.94,117.53,115.92,116.53,7350498
5398,11,2025-07-10,116.46,117.0,115.98,116.9,5234738
5399,11,2025-07-11,118.35,118.78,117.9,118.08,4803148
5400,11,2025-07-14,114.65,115.17,114.47,115.11,7480095
5401,11,2025-07-15,115.81,116.33,115.17,115.75,6609370
5402,11,2025-07-16,113.26,113.68,112.49,112.98,6852491
5403,11,2025-07-17,111.62,112.21,111.04,111.53,3569052
5404,11,2025-07-18,112.91,113.44,112.67,112.86,7766167
5405,11,2025-07-21,112.58,113.46,112.23,112.94,1331482
5406,11,2025-07-22,113.79,114.37,113.03,113.46,2840378
5407,11,2025-07-23,114.24,115.1,114.13,114.62,5271356
5408,11,2025-07-24,114.15,114.6,114.15,114.2,2838643
5409,11,2025-07-25,114.98,115.95,114.43,115.44,6550041
5410,11,2025-07-28,116.1,116.42,115.53,115.73,6631461
5411,11,2025-07-29,114.34,114.85,113.79,114.78,3152655
5412,11,2025-07-30,115.38,115.57,114.68,115.0,7597744
5413,11,2025-07-31,116.13,116.55,115.14,115.69,3912454
5414,11,2025-08-01,116.46,116.84,115.86,116.68,7530193
5415,11,2025-08-04,116.54,117.19,116.1,116.47,527824
5416,11,2025-08-05,118.8,118.97,118.3,118.38,2215695
5417,11,2025-08-06,118.08,118.41,117.64,118.28,7726038
5418,11,2025-08-07,112.64,113.59,112.63,113.03,1758722
5419,11,2025-08-08,112.85,113.14,112.41,113.09,841049
5420,11,2025-08-11,111.58,112.22,111.42,111.59,5640838
5421,11,2025-08-12,111.9,112.17,111.65,111.87,3552527
5422,11,2025-08-13,111.56,112.14,111.29,111.92,3413730
5423,11,2025-08-14,111.73,112.42,111.46,111.78,4995853
5424,11,2025-08-15,112.56,112.82,111.8,112.23,4879086
5425,11,2025-08-18,110.92,111.19,110.91,111.14,5372235
5426,11,2025-08-19,110.91,111.06,110.25,110.99,7410148
5427,11,2025-08-20,109.75,110.05,108.91,109.53,6239142
5428,11,2025-08-21,109.67,110.23,109.29,109.91,2824567
5429,11,2025-08-22,110.61,110.64,109.83,110.18,1329860
5430,11,2025-08-25,111.34,111.64,110.62,111.0,6191672
5431,11,2025-08-26,112.84,113.06,112.22,113.04,2510371
5432,11,2025-08-27,109.14,109.94,108.61,109.32,3006406
5433,11,2025-08-28,107.87,108.25,107.44,108.1,2772785
5434,11,2025-08-29,107.36,107.63,106.86,107.31,3068323
5435,11,2025-09-01,108.57,108.89,107.71,108.15,6639076
5436,11,2025-09-02,107.98,108.22,107.2,107.79,7073255
5437,11,2025-09-03,107.99,108.37,107.7,107.82,5198807
5438,11,2025-09-04,107.09,107.23,106.43,106.68,1337511
5439,11,2025-09-05,106.85,107.0,105.93,106.57,2123419
5440,11,2025-09-08,105.15,105.34,104.82,105.09,7347789
5441,11,2025-09-09,105.05,105.63,104.74,104.86,6096862
5442,11,2025-09-10,106.35,106.57,105.96,106.3,6933669
5443,11,2025-09-11,107.32,107.87,106.79,107.21,3410152
5444,11,2025-09-12,106.97,107.07,106.52,107.01,7932747
5445,11,2025-09-15,107.72,108.06,107.23,107.98,7380582
5446,11,2025-09-16,107.6,108.3,107.33,107.7,3239684
5447,11,2025-09-17,107.44,107.97,106.82,107.12,1439715
5448,11,2025-09-18,107.21,107.29,106.8,106.88,683732
5449,11,2025-09-19,106.41,107.0,106.07,106.31,2472301
5450,11,2025-09-22,104.52,104.82,104.15,104.69,5704712
5451,11,2025-09-23,103.95,104.73,103.54,104.11,3204644
5452,11,2025-09-24,103.87,104.83,103.49,104.28,2280027
5453,11,2025-09-25,103.79,103.85,103.17,103.51,3463397
5454,11,2025-09-26,102.66,103.02,102.2,102.29,2916156
5455,11,2025-09-29,100.01,100.39,99.46,100.37,3420726
5456,11,2025-09-30,98.56,98.94,98.52,98.92,7688150
5457,11,2025-10-01,99.84,99.89,99.44,99.64,1053496
5458,11,2025-10-02,97.67,98.35,97.56,98.01,2434422
5459,11,2025-10-03,98.06,98.36,97.88,97.96,1157900
5460,11,2025-10-06,99.75,99.99,99.3,99.96,4339953
5461,11,2025-10-07,99.78,100.18,99.28,99.5,4797205
5462,11,2025-10-08,98.48,99.24,97.92,98.83,7349041
5463,11,2025-10-09,99.79,99.92,99.23,99.8,1051822
5464,11,2025-10-10,97.48,97.82,97.4,97.66,5572017
5465,11,2025-10-13,98.98,99.35,98.63,98.88,7257835
5466,11,2025-10-14,98.29,98.59,98.04,98.4,5044313
5467,11,2025-10-15,99.09,99.41,98.18,98.7,657434
5468,11,2025-10-16,98.78,99.06,98.35,99.01,3482264
5469,11,2025-10-17,98.33,99.04,97.75,98.67,2175082
5470,11,2025-10-20,99.59,100.08,99.44,99.97,1372763
5471,11,2025-10-21,98.75,98.92,98.21,98.81,5071169
5472,11,2025-10-22,97.29,98.12,97.03,97.63,612129
5473,11,2025-10-23,97.7,97.74,97.31,97.64,2210869
5474,11,2025-10-24,98.21,98.66,97.74,98.46,4502452
5475,11,2025-10-27,99.62,99.97,99.56,99.7,3354007
5476,11,2025-10-28,98.65,98.92,98.41,98.56,6842858
5477,11,2025-10-29,96.2,96.57,96.1,96.46,5111755
5478,11,2025-10-30,95.72,95.87,95.13,95.52,2588158
5479,11,2025-10-31,97.7,97.95,97.09,97.5,4565964
5480,11,2025-11-03,96.99,97.49,96.47,96.98,1057891
5481,11,2025-11-04,96.78,97.28,96.43,97.13,4398029
5482,11,2025-11-05,96.17,96.59,96.12,96.31,3004577
5483,11,2025-11-06,95.95,96.35,95.39,95.83,7323847
5484,11,2025-11-07,94.49,94.58,94.07,94.34,4091819
5485,11,2025-11-10,93.68,93.84,93.59,93.78,5849294
5486,11,2025-11-11,93.15,93.55,93.02,93.33,1762241
5487,11,2025-11-12,91.66,91.88,91.31,91.32,1593156
5488,11,2025-11-13,92.37,92.66,92.07,92.5,550351
5489,11,2025-11-14,91.83,92.15,91.48,91.74,6271714
5490,11,2025-11-17,91.18,91.72,90.59,91.02,1966740
5491,11,2025-11-18,92.72,92.9,92.27,92.46,4732437
5492,11,2025-11-19,89.88,89.96,89.39,89.78,2520742
5493,11,2025-11-20,90.23,90.76,89.58,90.1,3920372
5494,11,2025-11-21,90.08,90.57,90.0,90.29,3163597
5495,11,2025-11-24,91.38,91.49,91.18,91.43,4667082
5496,11,2025-11-25,91.26,91.35,90.98,91.1,6473620
5497,11,2025-11-26,90.41,90.43,89.57,90.08,5745690
5498,11,2025-11-27,89.85,89.94,89.65,89.79,5281203
5499,11,2025-11-28,90.88,91.34,90.45,90.55,1329729
5500,11,2025-12-01,91.75,92.13,91.18,91.47,2020420
5501,12,2024-01-02,221.45,222.46,220.21,220.6,3117017
5502,12,2024-01-03,220.53,221.72,220.52,221.09,5128870
5503,12,2024-01-04,221.06,222.33,219.96,221.7,1020160
5504,12,2024-01-05,221.08,221.3,219.95,220.76,3724114
5505,12,2024-01-08,221.39,221.91,220.42,221.7,2954283
5506,12,2024-01-09,220.58,221.78,220.55,220.88,7677462
5507,12,2024-01-10,220.35,221.43,219.64,221.03,2419496
5508,12,2024-01-11,220.21,221.44,219.98,220.87,5675612
5509,12,2024-01-12,222.65,222.83,221.45,221.77,787147
5510,12,2024-01-15,222.27,222.97,221.83,221.83,7283109
5511,12,2024-01-16,221.83,222.69,220.91,221.17,3926724
5512,12,2024-01-17,220.52,221.28,218.69,219.98,6256400
5513,12,2024-01-18,220.52,222.16,219.37,221.36,5820981
5514,12,2024-01-19,222.57,223.63,221.37,223.06,3697043
5515,12,2024-01-22,222.6,223.0,221.86,222.19,6935960
5516,12,2024-01-23,222.49,223.3,222.15,222.93,7571505
5517,12,2024-01-24,221.76,222.8,221.72,222.18,4599466
5518,12,2024-01-25,222.4,223.76,221.66,222.77,1248892
5519,12,2024-01-26,222.54,222.9,221.28,222.71,6726016
5520,12,2024-01-29,221.71,222.3,221.54,222.3,1219194
5521,12,2024-01-30,220.94,222.61,219.87,221.79,5114553
5522,12,2024-01-31,223.23,223.79,221.41,222.38,6296272
5523,12,2024-02-01,223.96,224.46,222.65,223.59,5722356
5524,12,2024-02-02,224.1,225.82,223.35,224.75,859956
5525,12,2024-02-05,224.47,225.35,222.75,223.61,2262587
5526,12,2024-02-06,224.32,225.32,222.29,223.57,6881249
5527,12,2024-02-07,221.97,223.01,220.81,222.55,1988579
5528,12,2024-02-08,225.02,226.3,224.9,225.26,7359765
5529,12,2024-02-09,225.19,226.45,224.07,225.52,3972551
5530,12,2024-02-12,224.23,224.97,223.63,223.87,802826
5531,12,2024-02-13,224.75,224.78,224.37,224.7,2410453
5532,12,2024-02-14,226.0,227.09,224.44,225.16,6481480
5533,12,2024-02-15,226.62,227.81,226.03,226.67,6494545
5534,12,2024-02-16,227.36,227.78,225.5,226.72,1835681
5535,12,2024-02-19,228.18,228.63,226.4,227.35,2712624
5536,12,2024-02-20,227.72,228.53,227.05,227.3,2944887
5537,12,2024-02-21,227.5,228.21,226.68,227.6,7869158
5538,12,2024-02-22,225.71,227.38,224.65,226.46,7920792
5539,12,2024-02-23,227.01,228.04,226.0,226.63,7786744
5540,12,2024-02-26,225.9,226.34,224.86,226.0,5621215
5541,12,2024-02-27,226.84,228.17,225.6,226.75,7759848
5542,12,2024-02-28,227.34,228.58,227.16,227.21,6173844
5543,12,2024-02-29,229.0,229.25,227.09,228.16,2010631
5544,12,2024-03-01,227.6,228.41,226.7,227.22,558218
5545,12,2024-03-04,226.36,227.5,226.18,226.48,4306904
5546,12,2024-03-05,226.54,227.24,225.56,226.4,2204609
5547,12,2024-03-06,225.2,226.82,224.2,225.6,6107758
5548,12,2024-03-07,224.12,224.89,222.7,223.71,4093732
5549,12,2024-03-08,224.31,225.13,223.09,224.99,2962698
5550,12,2024-03-11,223.62,223.88,222.57,223.81,6867247
5551,12,2024-03-12,224.57,225.76,223.21,224.12,7118861
5552,12,2024-03-13,224.78,225.91,223.91,225.42,7575386
5553,12,2024-03-14,226.12,226.26,225.05,226.1,2436520
5554,12,2024-03-15,224.77,226.03,224.24,225.25,2320345
5555,12,2024-03-18,223.9,224.78,223.58,224.78,4905391
5556,12,2024-03-19,223.11,224.42,221.77,222.9,7569794
5557,12,2024-03-20,222.07,223.08,220.87,222.46,5445856
5558,12,2024-03-21,222.49,222.91,221.69,221.84,7722580
5559,12,2024-03-22,221.28,222.27,220.52,220.7,5301871
5560,12,2024-03-25,221.79,222.17,220.73,221.04,6264441
5561,12,2024-03-26,221.69,222.9,220.44,222.38,6002194
5562,12,2024-03-27,219.45,220.66,218.24,219.9,2069734
5563,12,2024-03-28,219.5,220.44,218.53,219.28,906426
5564,12,2024-03-29,219.31,220.23,218.01,218.76,3718949
5565,12,2024-04-01,218.0,218.29,217.11,217.99,2973992
5566,12,2024-04-02,218.23,219.28,217.85,217.94,4077135
5567,12,2024-04-03,218.19,219.08,216.7,217.34,7664338
5568,12,2024-04-04,218.33,220.14,217.47,218.83,1233962
5569,12,2024-04-05,219.24,219.36,217.23,218.44,5276157
5570,12,2024-04-08,216.99,218.38,216.15,217.52,519605
5571,12,2024-04-09,217.05,217.24,216.64,216.9,5836995
5572,12,2024-04-10,216.55,216.88,215.37,216.86,3566001
5573,12,2024-04-11,216.96,217.39,215.18,216.17,5960340
5574,12,2024-04-12,215.27,216.73,214.02,215.74,7472724
5575,12,2024-04-15,214.85,215.97,214.45,215.38,5532288
5576,12,2024-04-16,214.29,214.73,213.49,214.58,1669063
5577,12,2024-04-17,213.71,214.49,213.37,214.33,4154741
5578,12,2024-04-18,213.8,215.18,213.38,214.16,750348
5579,12,2024-04-19,213.95,215.07,212.69,214.18,814262
5580,12,2024-04-22,215.8,215.85,214.44,214.97,4026976
5581,12,2024-04-23,215.43,216.97,214.4,215.76,4727006
5582,12,2024-04-24,216.66,217.7,216.0,216.15,1700880
5583,12,2024-04-25,215.79,215.91,214.69,215.51,4082068
5584,12,2024-04-26,215.69,216.71,214.2,215.29,2936957
5585,12,2024-04-29,215.16,215.38,214.27,214.47,7838184
5586,12,2024-04-30,215.04,215.89,213.97,214.79,3235083
5587,12,2024-05-01,214.85,215.17,214.51,214.52,2425024
5588,12,2024-05-02,215.14,216.41,214.7,215.36,2997253
5589,12,2024-05-03,216.32,216.88,215.32,215.97,4154664
5590,12,2024-05-06,216.65,217.69,216.18,216.58,6451891
5591,12,2024-05-07,216.47,217.91,215.72,216.62,5004545
5592,12,2024-05-08,216.67,218.15,216.62,217.08,4396614
5593,12,2024-05-09,216.33,217.0,215.48,216.51,6647128
5594,12,2024-05-10,214.36,216.21,213.22,214.98,4721043
5595,12,2024-05-13,214.89,216.22,214.4,215.49,3028690
5596,12,2024-05-14,215.85,216.81,214.85,216.68,778446
5597,12,2024-05-15,214.64,216.4,213.41,215.47,5586614
5598,12,2024-05-16,213.39,214.02,212.64,213.95,2065888
5599,12,2024-05-17,213.75,214.46,213.54,213.85,1358789
5600,12,2024-05-20,213.5,214.14,212.67,214.05,5644003
5601,12,2024-05-21,214.23,215.05,213.01,214.08,6054744
5602,12,2024-05-22,211.91,213.66,210.91,212.49,5070501
5603,12,2024-05-23,213.26,214.35,213.06,213.74,7397332
5604,12,2024-05-24,214.02,214.88,213.3,214.8,7133454
5605,12,2024-05-27,213.45,213.9,212.87,213.54,906057
5606,12,2024-05-28,213.08,214.16,212.45,213.45,4561052
5607,12,2024-05-29,215.26,216.46,214.51,214.59,1951367
5608,12,2024-05-30,213.02,214.45,211.96,213.6,6104679
5609,12,2024-05-31,214.78,215.33,213.19,213.93,897619
5610,12,2024-06-03,213.62,214.51,213.08,213.97,4274520
5611,12,2024-06-04,212.94,213.85,211.86,213.33,3627169
5612,12,2024-06-05,214.9,214.93,214.02,214.57,6727361
5613,12,2024-06-06,214.73,215.91,213.22,214.51,1826630
5614,12,2024-06-07,214.93,215.58,214.32,214.99,2379563
5615,12,2024-06-10,212.7,213.67,211.67,213.11,5743060
5616,12,2024-06-11,212.77,213.56,212.17,213.16,6315771
5617,12,2024-06-12,213.39,214.79,212.75,214.0,3903202
5618,12,2024-06-13,215.01,215.71,214.09,214.29,4418395
5619,12,2024-06-14,214.91,215.1,213.89,214.4,5896648
5620,12,2024-06-17,214.3,215.27,213.62,213.95,3781601
5621,12,2024-06-18,214.49,215.33,213.27,214.5,749565
5622,12,2024-06-19,214.3,215.41,213.6,214.49,579308
5623,12,2024-06-20,215.67,216.19,214.48,214.87,4039625
5624,12,2024-06-21,216.75,217.84,215.29,216.11,1582589
5625,12,2024-06-24,214.96,215.84,213.98,215.61,2468814
5626,12,2024-06-25,215.42,215.88,214.05,215.32,5541885
5627,12,2024-06-26,215.6,215.71,214.32,215.1,7828280
5628,12,2024-06-27,216.81,217.15,216.69,216.71,3799940
5629,12,2024-06-28,216.23,217.77,215.29,217.1,3502896
5630,12,2024-07-01,217.54,217.68,216.68,216.9,4096538
5631,12,2024-07-02,215.29,217.13,215.21,216.06,2195666
5632,12,2024-07-03,214.8,215.63,214.32,214.93,3819759
5633,12,2024-07-04,214.2,214.58,213.84,213.95,902814
5634,12,2024-07-05,215.66,215.78,213.65,214.85,4779874
5635,12,2024-07-08,215.35,216.26,214.63,216.12,3215904
5636,12,2024-07-09,216.51,216.52,216.05,216.11,3110116
5637,12,2024-07-10,216.18,217.39,215.56,215.86,5620082
5638,12,2024-07-11,216.23,216.9,214.95,216.8,1791114
5639,12,2024-07-12,218.28,219.32,216.96,217.58,5363166
5640,12,2024-07-15,217.3,218.15,215.88,217.0,3003220
5641,12,2024-07-16,216.82,218.26,215.53,217.13,6111245
5642,12,2024-07-17,217.85,219.28,217.4,218.28,3376833
5643,12,2024-07-18,218.16,219.04,217.52,217.74,2609604
5644,12,2024-07-19,216.48,216.79,215.47,216.64,2083918
5645,12,2024-07-22,216.59,217.7,215.97,216.09,7235534
5646,12,2024-07-23,217.52,218.67,216.5,218.07,5094573
5647,12,2024-07-24,218.04,219.16,217.07,218.17,6285847
5648,12,2024-07-25,219.43,220.01,218.4,219.1,6076567
5649,12,2024-07-26,219.43,221.0,218.97,220.3,6251163
5650,12,2024-07-29,219.95,220.55,218.62,219.4,848198
5651,12,2024-07-30,219.3,219.98,218.8,218.91,2546526
5652,12,2024-07-31,219.65,220.33,219.17,219.45,6646154
5653,12,2024-08-01,218.6,219.03,218.13,218.98,2416188
5654,12,2024-08-02,219.42,220.46,218.66,219.72,3775472
5655,12,2024-08-05,219.6,220.25,219.02,220.05,4933718
5656,12,2024-08-06,220.1,220.97,219.19,220.82,925653
5657,12,2024-08-07,220.89,220.98,219.84,220.54,3577688
5658,12,2024-08-08,219.59,220.39,218.86,219.72,7965992
5659,12,2024-08-09,218.85,219.76,217.76,219.44,3590374
5660,12,2024-08-12,219.98,220.26,218.9,219.98,3904698
5661,12,2024-08-13,219.87,220.99,219.52,219.53,6195196
5662,12,2024-08-14,218.99,219.19,217.2,218.32,2485229
5663,12,2024-08-15,217.0,218.22,216.99,217.01,6886716
5664,12,2024-08-16,218.51,219.95,217.43,218.87,4377812
5665,12,2024-08-19,220.12,221.26,218.66,219.61,1556797
5666,12,2024-08-20,218.16,219.92,217.79,218.92,7788071
5667,12,2024-08-21,218.47,219.26,218.47,218.86,1808786
5668,12,2024-08-22,219.81,220.86,219.68,220.26,5907936
5669,12,2024-08-23,222.27,223.44,221.3,221.41,3723350
5670,12,2024-08-26,220.67,221.4,219.96,220.74,6565041
5671,12,2024-08-27,221.04,221.28,219.86,220.45,7570546
5672,12,2024-08-28,220.72,222.07,220.03,220.85,5139945
5673,12,2024-08-29,219.83,220.52,219.44,219.9,2970420
5674,12,2024-08-30,218.87,219.89,218.49,219.3,1019534
5675,12,2024-09-02,219.4,220.71,218.26,219.21,4859334
5676,12,2024-09-03,219.96,220.24,218.31,219.62,7377044
5677,12,2024-09-04,218.68,219.71,218.25,218.8,7932847
5678,12,2024-09-05,217.54,218.3,216.37,216.69,7218594
5679,12,2024-09-06,215.88,216.84,214.61,216.48,2647570
5680,12,2024-09-09,216.09,217.23,215.54,216.44,6412428
5681,12,2024-09-10,216.84,218.12,215.64,216.17,6524880
5682,12,2024-09-11,215.88,216.69,214.69,216.51,7008585
5683,12,2024-09-12,218.35,219.27,217.91,218.41,2392423
5684,12,2024-09-13,218.37,219.61,218.06,219.19,3340755
5685,12,2024-09-16,219.73,220.12,219.16,219.49,2098848
5686,12,2024-09-17,219.71,220.71,218.65,219.82,7351928
5687,12,2024-09-18,218.63,219.94,217.78,219.39,2632016
5688,12,2024-09-19,217.43,218.64,216.88,217.5,6961830
5689,12,2024-09-20,217.83,218.11,216.7,217.62,4186570
5690,12,2024-09-23,217.82,218.54,216.58,217.21,6187221
5691,12,2024-09-24,217.29,218.94,216.9,218.03,5169371
5692,12,2024-09-25,218.29,218.97,217.78,218.27,3152295
5693,12,2024-09-26,216.77,218.71,216.55,217.5,6908857
5694,12,2024-09-27,219.26,219.5,218.77,218.95,7536062
5695,12,2024-09-30,219.92,220.49,219.8,219.85,7439945
5696,12,2024-10-01,219.88,220.69,218.78,219.29,7417568
5697,12,2024-10-02,217.54,218.77,217.34,218.11,5695092
5698,12,2024-10-03,217.24,217.62,216.03,217.19,2962539
5699,12,2024-10-04,217.02,218.39,215.96,217.51,4552955
5700,12,2024-10-07,218.23,218.84,216.56,217.6,6159767
5701,12,2024-10-08,219.02,219.3,217.73,218.29,3362264
5702,12,2024-10-09,219.43,219.92,218.39,219.54,7471005
5703,12,2024-10-10,218.88,220.76,217.95,219.52,6333469
5704,12,2024-10-11,217.85,218.59,217.25,218.4,3340392
5705,12,2024-10-14,218.16,220.33,217.53,219.03,4707785
5706,12,2024-10-15,219.71,220.29,219.03,219.13,6075347
5707,12,2024-10-16,217.56,218.33,216.73,218.04,3102190
5708,12,2024-10-17,219.39,220.38,217.48,218.74,5781746
5709,12,2024-10-18,217.8,218.18,216.95,217.93,6940837
5710,12,2024-10-21,218.63,219.22,217.17,218.02,6253275
5711,12,2024-10-22,218.45,219.2,217.69,218.74,2137430
5712,12,2024-10-23,219.76,220.79,218.7,218.99,5270212
5713,12,2024-10-24,218.95,220.44,218.36,219.22,7336998
5714,12,2024-10-25,218.4,218.94,218.07,218.73,6224766
5715,12,2024-10-28,219.2,220.68,218.52,219.49,5948339
5716,12,2024-10-29,219.68,219.98,218.57,219.33,3874011
5717,12,2024-10-30,219.34,220.29,218.79,220.15,7782994
5718,12,2024-10-31,219.71,220.97,219.17,219.65,4878359
5719,12,2024-11-01,218.32,219.34,218.01,218.49,3432306
5720,12,2024-11-04,217.65,218.79,216.66,217.15,576194
5721,12,2024-11-05,218.12,219.29,216.85,217.82,3734257
5722,12,2024-11-06,218.08,218.35,216.72,217.65,5176997
5723,12,2024-11-07,218.46,219.63,218.0,218.84,3989337
5724,12,2024-11-08,219.73,219.77,218.53,219.4,3674304
5725,12,2024-11-11,219.66,220.49,218.55,220.08,5581168
5726,12,2024-11-12,220.8,221.41,220.44,221.19,4161422
5727,12,2024-11-13,221.98,222.37,221.81,222.29,5888081
5728,12,2024-11-14,221.96,223.72,221.19,222.45,717018
5729,12,2024-11-15,223.5,223.62,222.47,223.49,1578355
5730,12,2024-11-18,223.94,224.91,223.2,224.44,900057
5731,12,2024-11-19,226.2,226.25,224.39,225.3,7599843
5732,12,2024-11-20,224.33,224.86,223.71,224.57,6782788
5733,12,2024-11-21,223.99,225.7,223.38,224.85,1742755
5734,12,2024-11-22,226.18,226.28,225.27,225.7,3357287
5735,12,2024-11-25,224.42,225.59,223.63,224.65,7234804
5736,12,2024-11-26,223.55,224.47,222.78,223.81,5087040
5737,12,2024-11-27,223.9,224.34,222.34,223.2,5662467
5738,12,2024-11-28,223.61,224.57,222.76,223.81,3823328
5739,12,2024-11-29,224.23,225.36,222.33,223.53,4693630
5740,12,2024-12-02,224.55,225.82,223.4,224.33,1482360
5741,12,2024-12-03,224.82,226.73,223.55,225.47,7206650
5742,12,2024-12-04,224.41,225.28,223.25,223.92,6311315
5743,12,2024-12-05,224.34,225.16,223.49,225.07,1887305
5744,12,2024-12-06,225.28,226.87,224.61,225.64,5828994
5745,12,2024-12-09,224.96,226.56,224.06,225.49,4051882
5746,12,2024-12-10,225.56,226.61,225.2,225.76,2018608
5747,12,2024-12-11,223.55,225.48,223.3,224.2,5965863
5748,12,2024-12-12,224.39,224.71,223.09,224.06,1186714
5749,12,2024-12-13,226.09,226.48,224.41,225.41,1796543
5750,12,2024-12-16,227.29,228.89,226.97,227.84,5329893
5751,12,2024-12-17,227.42,228.12,226.44,227.88,6670555
5752,12,2024-12-18,228.41,228.9,226.54,227.68,1735744
5753,12,2024-12-19,227.0,227.96,226.49,226.87,6629745
5754,12,2024-12-20,227.16,227.51,226.78,226.97,7331726
5755,12,2024-12-23,226.64,227.01,225.89,227.0,4957575
5756,12,2024-12-24,228.33,229.41,227.23,227.51,2769534
5757,12,2024-12-25,229.49,230.62,228.99,229.93,1014930
5758,12,2024-12-26,228.81,230.39,227.96,229.34,5689284
5759,12,2024-12-27,229.92,230.34,229.59,230.08,6645399
5760,12,2024-12-30,228.75,229.62,228.72,229.46,1740681
5761,12,2024-12-31,230.11,230.77,229.8,230.66,1192002
5762,12,2025-01-01,231.55,231.97,231.33,231.38,5135517
5763,12,2025-01-02,231.73,232.46,231.55,231.65,3348846
5764,12,2025-01-03,231.38,232.66,231.16,231.54,1377629
5765,12,2025-01-06,230.96,231.01,230.06,230.28,5530258
5766,12,2025-01-07,229.09,230.2,228.32,229.65,6624805
5767,12,2025-01-08,229.27,230.95,228.05,229.91,5195264
5768,12,2025-01-09,230.83,232.22,229.48,230.85,5836436
5769,12,2025-01-10,230.69,230.73,229.78,230.72,5680862
5770,12,2025-01-13,231.11,231.24,230.21,230.37,4296332
5771,12,2025-01-14,230.09,231.62,229.94,230.42,5916327
5772,12,2025-01-15,230.16,230.19,228.42,229.64,2367615
5773,12,2025-01-16,230.07,230.36,229.39,230.32,2420763
5774,12,2025-01-17,230.13,231.19,229.62,230.09,6697822
5775,12,2025-01-20,229.6,230.09,228.05,229.23,3944227
5776,12,2025-01-21,228.73,230.37,227.7,229.24,2067256
5777,12,2025-01-22,228.15,229.46,227.16,227.85,1076219
5778,12,2025-01-23,229.18,230.35,227.88,228.9,6268798
5779,12,2025-01-24,228.59,229.92,226.79,228.12,7655797
5780,12,2025-01-27,230.34,231.13,229.34,229.86,6286146
5781,12,2025-01-28,230.64,230.73,229.81,230.71,2607015
5782,12,2025-01-29,231.8,233.0,229.7,231.04,3479098
5783,12,2025-01-30,228.9,230.62,228.6,229.57,3959093
5784,12,2025-01-31,227.58,228.59,226.65,228.44,4421862
5785,12,2025-02-03,228.63,229.89,228.25,228.64,864171
5786,12,2025-02-04,228.49,228.98,228.19,228.63,2116194
5787,12,2025-02-05,229.82,230.86,229.14,230.12,2639856
5788,12,2025-02-06,230.76,231.72,229.64,230.4,5172884
5789,12,2025-02-07,229.68,230.99,228.52,229.98,4196656
5790,12,2025-02-10,228.75,230.58,228.31,229.41,4563044
5791,12,2025-02-11,228.99,229.46,228.53,228.9,2872737
5792,12,2025-02-12,228.26,228.55,226.53,227.58,7206240
5793,12,2025-02-13,229.95,231.21,228.38,229.1,1738198
5794,12,2025-02-14,229.09,229.68,227.89,228.63,7316567
5795,12,2025-02-17,227.42,228.37,226.55,227.61,1590276
5796,12,2025-02-18,226.81,227.3,226.46,227.28,2265392
5797,12,2025-02-19,226.89,227.81,225.8,227.24,4379454
5798,12,2025-02-20,228.52,229.82,227.72,228.09,3446711
5799,12,2025-02-21,226.84,227.99,226.22,227.68,3089053
5800,12,2025-02-24,227.08,228.29,226.54,227.69,1413712
5801,12,2025-02-25,227.21,227.36,226.13,227.19,2397959
5802,12,2025-02-26,227.01,228.37,226.27,227.77,5800502
5803,12,2025-02-27,228.13,228.23,226.68,227.42,1386970
5804,12,2025-02-28,225.68,227.27,224.51,226.03,7080879
5805,12,2025-03-03,226.37,228.0,226.34,226.98,2996356
5806,12,2025-03-04,227.18,228.33,226.66,227.47,3129756
5807,12,2025-03-05,227.38,227.72,226.69,227.38,2416159
5808,12,2025-03-06,229.5,230.57,227.7,228.86,2236055
5809,12,2025-03-07,226.78,227.05,225.04,226.23,5574939
5810,12,2025-03-10,227.26,227.69,225.67,227.02,6856996
5811,12,2025-03-11,226.3,226.45,224.95,226.43,6884201
5812,12,2025-03-12,226.42,228.46,225.54,227.16,1532501
5813,12,2025-03-13,226.12,227.34,225.03,226.63,4036824
5814,12,2025-03-14,226.2,226.79,226.07,226.62,6929304
5815,12,2025-03-17,228.25,228.53,226.48,227.57,2238155
5816,12,2025-03-18,227.11,228.42,227.03,227.35,4856973
5817,12,2025-03-19,227.13,229.09,226.87,228.0,720324
5818,12,2025-03-20,227.29,228.07,226.34,226.89,7390412
5819,12,2025-03-21,225.37,226.71,224.43,226.15,2447162
5820,12,2025-03-24,227.72,228.77,226.98,227.01,2563208
5821,12,2025-03-25,225.9,227.49,224.6,226.31,6597140
5822,12,2025-03-26,225.33,227.12,225.1,226.18,4152606
5823,12,2025-03-27,225.01,226.19,224.7,224.87,6584757
5824,12,2025-03-28,224.42,224.9,223.87,224.25,6116349
5825,12,2025-03-31,222.87,223.63,221.88,223.52,5725244
5826,12,2025-04-01,224.47,225.41,223.38,223.85,3763424
5827,12,2025-04-02,222.42,223.32,221.87,223.3,7476638
5828,12,2025-04-03,224.07,225.26,222.41,223.37,1001276
5829,12,2025-04-04,223.62,224.74,222.56,223.96,5728382
5830,12,2025-04-07,223.6,224.17,223.18,223.92,1381572
5831,12,2025-04-08,222.9,223.6,222.53,223.39,5992121
5832,12,2025-04-09,223.9,224.86,222.78,223.71,5626370
5833,12,2025-04-10,223.19,224.81,221.92,224.06,1440874
5834,12,2025-04-11,224.54,224.93,223.28,224.16,3863537
5835,12,2025-04-14,225.08,226.71,223.9,225.55,6336394
5836,12,2025-04-15,225.89,226.3,224.72,225.1,5741381
5837,12,2025-04-16,225.79,226.65,224.22,225.42,2339175
5838,12,2025-04-17,225.35,226.39,223.9,224.96,7152489
5839,12,2025-04-18,224.9,225.65,224.18,225.42,4039039
5840,12,2025-04-21,224.77,225.57,224.11,225.02,7951598
5841,12,2025-04-22,226.2,226.76,225.0,225.44,2554391
5842,12,2025-04-23,225.79,226.83,225.66,225.86,1120907
5843,12,2025-04-24,225.79,227.12,224.25,225.38,6989784
5844,12,2025-04-25,226.14,227.44,224.4,225.31,4413054
5845,12,2025-04-28,225.4,225.41,224.02,225.01,1406159
5846,12,2025-04-29,225.67,225.84,224.39,224.8,3509965
5847,12,2025-04-30,223.99,224.88,223.21,224.74,4286279
5848,12,2025-05-01,225.35,226.93,224.86,226.15,2775733
5849,12,2025-05-02,226.8,227.09,225.05,226.04,6272133
5850,12,2025-05-05,225.3,226.03,224.39,225.27,3023614
5851,12,2025-05-06,225.99,226.9,223.78,225.09,4696758
5852,12,2025-05-07,225.03,226.02,223.81,224.43,923795
5853,12,2025-05-08,222.9,223.36,222.44,222.67,7485661
5854,12,2025-05-09,221.36,222.97,220.39,221.97,4661953
5855,12,2025-05-12,224.7,225.25,223.48,224.25,4891669
5856,12,2025-05-13,224.89,225.79,224.13,224.69,646465
5857,12,2025-05-14,224.24,224.52,222.52,223.85,6717085
5858,12,2025-05-15,223.88,224.37,223.54,223.62,2805791
5859,12,2025-05-16,223.02,223.82,222.06,223.67,6718314
5860,12,2025-05-19,221.78,223.66,221.15,222.33,6739749
5861,12,2025-05-20,221.46,222.37,221.13,222.31,4401403
5862,12,2025-05-21,219.81,221.42,218.82,220.59,3626861
5863,12,2025-05-22,220.68,221.92,219.94,220.23,774383
5864,12,2025-05-23,219.29,220.33,217.83,218.76,4779792
5865,12,2025-05-26,219.16,219.91,218.95,219.56,5714332
5866,12,2025-05-27,218.75,219.81,218.04,218.86,6989238
5867,12,2025-05-28,219.19,219.43,218.57,219.35,2647977
5868,12,2025-05-29,219.75,220.82,218.6,219.12,3812313
5869,12,2025-05-30,218.62,218.74,217.53,218.31,1701197
5870,12,2025-06-02,217.99,220.0,217.64,218.69,4074717
5871,12,2025-06-03,218.19,218.44,217.22,217.66,1492826
5872,12,2025-06-04,218.42,219.28,217.14,219.04,3479014
5873,12,2025-06-05,219.15,220.76,218.64,219.65,7640264
5874,12,2025-06-06,219.17,219.83,217.95,219.6,7643350
5875,12,2025-06-09,220.33,221.33,218.29,219.61,3960848
5876,12,2025-06-10,220.2,220.54,218.72,219.72,5993305
5877,12,2025-06-11,219.78,219.98,219.56,219.76,3987382
5878,12,2025-06-12,220.55,221.03,219.95,220.12,5810676
5879,12,2025-06-13,220.69,221.99,220.48,220.56,6489150
5880,12,2025-06-16,222.57,223.74,221.43,221.96,7431121
5881,12,2025-06-17,219.69,220.88,219.39,220.23,7946820
5882,12,2025-06-18,220.67,222.03,220.2,221.33,3501851
5883,12,2025-06-19,221.06,221.72,220.01,221.54,6911461
5884,12,2025-06-20,219.52,220.91,219.28,220.02,6131864
5885,12,2025-06-23,220.61,221.56,218.98,220.06,6000118
5886,12,2025-06-24,220.66,220.73,219.56,220.28,4880505
5887,12,2025-06-25,221.41,221.45,219.66,220.64,583554
5888,12,2025-06-26,220.56,221.41,219.55,221.1,5620998
5889,12,2025-06-27,220.89,221.17,219.97,220.34,3489677
5890,12,2025-06-30,219.99,220.1,219.05,219.52,4151493
5891,12,2025-07-01,217.21,217.9,217.08,217.61,4428235
5892,12,2025-07-02,217.39,218.2,216.04,217.02,5653124
5893,12,2025-07-03,218.73,219.24,218.59,218.61,7829326
5894,12,2025-07-04,220.22,220.61,218.88,220.0,3174066
5895,12,2025-07-07,218.82,219.93,217.95,219.44,4545345
5896,12,2025-07-08,220.51,221.82,220.3,221.0,2670242
5897,12,2025-07-09,220.59,221.19,219.51,220.36,7931083
5898,12,2025-07-10,221.78,222.48,221.12,221.6,2031336
5899,12,2025-07-11,222.39,222.67,220.45,221.51,785121
5900,12,2025-07-14,221.22,222.03,220.23,221.03,7352789
5901,12,2025-07-15,220.05,220.82,219.13,220.55,671429
5902,12,2025-07-16,218.99,220.36,218.5,219.58,4862406
5903,12,2025-07-17,219.05,220.07,217.63,218.52,5956131
5904,12,2025-07-18,215.86,216.52,215.3,216.51,7077132
5905,12,2025-07-21,216.64,217.64,215.88,216.4,3933069
5906,12,2025-07-22,216.19,216.83,214.73,215.34,7031243
5907,12,2025-07-23,215.92,216.24,215.14,215.86,3187811
5908,12,2025-07-24,215.05,216.2,214.85,214.85,4458028
5909,12,2025-07-25,214.98,215.25,214.85,215.03,3143522
5910,12,2025-07-28,215.91,216.22,214.59,215.46,2712172
5911,12,2025-07-29,212.73,213.97,211.95,213.19,7377153
5912,12,2025-07-30,211.73,212.34,211.01,212.08,2902888
5913,12,2025-07-31,211.93,212.88,211.46,212.04,1058648
5914,12,2025-08-01,210.4,211.77,210.36,211.15,1622127
5915,12,2025-08-04,210.63,212.25,210.03,211.22,2030179
5916,12,2025-08-05,211.38,211.66,210.15,211.09,1758086
5917,12,2025-08-06,210.9,211.88,209.86,210.97,1775088
5918,12,2025-08-07,210.11,210.47,209.09,209.72,2509262
5919,12,2025-08-08,210.11,210.73,209.11,210.24,4851952
5920,12,2025-08-11,211.72,212.53,211.02,212.51,3730935
5921,12,2025-08-12,212.66,212.93,211.15,212.24,1656889
5922,12,2025-08-13,210.56,212.05,210.0,210.89,6265953
5923,12,2025-08-14,211.26,212.37,210.8,211.77,3223004
5924,12,2025-08-15,211.72,211.84,209.72,210.98,6462195
5925,12,2025-08-18,210.43,211.48,210.3,211.23,3611252
5926,12,2025-08-19,210.78,211.75,209.25,210.08,3243102
5927,12,2025-08-20,210.09,211.4,209.06,210.45,5868293
5928,12,2025-08-21,210.17,211.52,209.12,210.31,2412061
5929,12,2025-08-22,210.49,210.78,209.16,209.71,4618267
5930,12,2025-08-25,208.98,210.69,207.86,209.72,5836545
5931,12,2025-08-26,210.29,211.5,209.74,211.08,7387931
5932,12,2025-08-27,211.85,212.79,211.16,212.55,7204467
5933,12,2025-08-28,212.64,213.81,211.79,212.48,2272921
5934,12,2025-08-29,211.46,211.86,211.12,211.55,825470
5935,12,2025-09-01,212.16,212.8,211.46,211.96,6101798
5936,12,2025-09-02,210.29,211.34,209.64,211.03,4779863
5937,12,2025-09-03,209.59,210.97,208.39,209.96,1740496
5938,12,2025-09-04,209.98,210.36,208.16,209.26,3187453
5939,12,2025-09-05,207.6,208.28,206.58,208.14,5645219
5940,12,2025-09-08,207.75,208.96,207.12,207.93,976232
5941,12,2025-09-09,207.39,208.05,206.61,207.67,3363206
5942,12,2025-09-10,206.79,208.0,205.8,207.62,2089531
5943,12,2025-09-11,206.81,207.79,206.09,206.88,5428050
5944,12,2025-09-12,208.01,208.54,207.15,207.38,1368442
5945,12,2025-09-15,205.67,206.81,204.83,206.1,5740643
5946,12,2025-09-16,208.92,209.61,207.61,208.12,4270313
5947,12,2025-09-17,208.5,209.3,208.34,208.39,6714108
5948,12,2025-09-18,207.61,208.89,207.33,208.24,2125062
5949,12,2025-09-19,209.29,210.12,208.93,208.93,6611918
5950,12,2025-09-22,209.71,210.11,209.69,209.69,6969551
5951,12,2025-09-23,210.65,210.89,209.4,210.05,1294460
5952,12,2025-09-24,211.34,211.38,210.47,210.7,2707274
5953,12,2025-09-25,210.9,211.01,209.65,210.12,910992
5954,12,2025-09-26,211.27,212.1,210.74,210.85,2714027
5955,12,2025-09-29,209.31,210.34,208.33,209.83,3302579
5956,12,2025-09-30,209.99,210.41,208.64,209.36,5538822
5957,12,2025-10-01,209.83,210.56,208.61,209.27,1111129
5958,12,2025-10-02,208.03,208.97,207.93,208.14,558401
5959,12,2025-10-03,209.59,210.34,208.59,208.84,1722021
5960,12,2025-10-06,209.44,210.65,208.18,208.88,5865413
5961,12,2025-10-07,209.03,209.87,207.89,209.25,1260598
5962,12,2025-10-08,207.19,207.51,206.45,207.32,2056517
5963,12,2025-10-09,207.83,208.64,206.63,208.2,815684
5964,12,2025-10-10,209.9,210.98,208.26,209.28,810114
5965,12,2025-10-13,211.24,212.83,211.15,211.73,7466871
5966,12,2025-10-14,212.55,213.23,212.11,212.56,1658746
5967,12,2025-10-15,211.35,211.68,210.48,211.54,7222222
5968,12,2025-10-16,212.68,213.83,210.86,211.86,6054923
5969,12,2025-10-17,212.33,213.6,210.87,211.62,6726253
5970,12,2025-10-20,211.15,211.69,209.78,210.4,1199768
5971,12,2025-10-21,210.45,212.03,209.77,211.21,7244130
5972,12,2025-10-22,212.17,212.34,211.04,211.89,5338023
5973,12,2025-10-23,212.62,213.8,211.78,212.03,1865822
5974,12,2025-10-24,213.05,214.41,212.4,213.29,4214910
5975,12,2025-10-27,213.07,213.38,212.92,213.19,2633667
5976,12,2025-10-28,213.0,213.77,212.02,212.73,5656429
5977,12,2025-10-29,212.38,213.46,210.73,211.85,5779195
5978,12,2025-10-30,209.35,210.06,208.62,209.12,4606797
5979,12,2025-10-31,209.62,209.99,209.44,209.88,867148
5980,12,2025-11-03,209.23,210.24,208.58,209.71,3537111
5981,12,2025-11-04,209.95,210.65,209.62,209.63,2413315
5982,12,2025-11-05,210.5,211.02,209.95,210.01,4558365
5983,12,2025-11-06,211.71,212.03,210.0,211.02,4638581
5984,12,2025-11-07,211.09,212.08,210.68,211.54,2603670
5985,12,2025-11-10,211.51,212.42,210.48,211.67,6051518
5986,12,2025-11-11,212.07,213.23,211.47,211.51,6707718
5987,12,2025-11-12,210.9,211.71,210.19,211.17,5631927
5988,12,2025-11-13,210.51,211.67,209.84,210.28,5403959
5989,12,2025-11-14,210.61,210.71,209.62,209.8,5139970
5990,12,2025-11-17,209.02,210.61,208.45,209.83,6945460
5991,12,2025-11-18,208.21,209.81,207.37,208.74,5203255
5992,12,2025-11-19,206.9,207.76,206.42,207.25,1141814
5993,12,2025-11-20,205.87,207.11,204.81,206.62,2642683
5994,12,2025-11-21,205.57,207.37,205.07,206.16,4020599
5995,12,2025-11-24,206.44,206.84,204.68,205.8,1510630
5996,12,2025-11-25,207.5,208.36,206.87,207.04,6549785
5997,12,2025-11-26,207.79,208.27,206.4,207.36,4551074
5998,12,2025-11-27,207.15,208.21,206.76,207.25,4415700
5999,12,2025-11-28,207.61,208.36,206.21,206.99,6395753
6000,12,2025-12-01,208.79,209.75,208.63,208.93,3271833
6001,13,2024-01-02,48.47,48.48,48.38,48.4,3229421
6002,13,2024-01-03,48.58,48.86,48.35,48.41,5875988
6003,13,2024-01-04,48.61,48.8,48.57,48.74,6708528
6004,13,2024-01-05,49.13,49.18,48.98,49.17,6088436
6005,13,2024-01-08,47.85,48.11,47.69,47.82,1310003
6006,13,2024-01-09,47.8,47.82,47.41,47.63,561910
6007,13,2024-01-10,46.54,46.69,46.51,46.64,5892440
6008,13,2024-01-11,47.81,47.91,47.68,47.8,2970403
6009,13,2024-01-12,49.01,49.14,48.97,49.09,5942010
6010,13,2024-01-15,48.84,48.84,48.73,48.75,1601629
6011,13,2024-01-16,49.21,49.53,49.0,49.31,6446227
6012,13,2024-01-17,48.68,48.97,48.44,48.76,2607780
6013,13,2024-01-18,51.0,51.15,50.76,50.83,5710000
6014,13,2024-01-19,51.37,51.43,50.99,51.25,3991822
6015,13,2024-01-22,51.96,52.17,51.84,51.94,6172437
6016,13,2024-01-23,50.57,50.77,50.29,50.74,1604543
6017,13,2024-01-24,51.9,52.17,51.44,51.72,4377837
6018,13,2024-01-25,52.38,52.58,52.08,52.38,6530138
6019,13,2024-01-26,51.75,52.13,51.64,51.83,3973730
6020,13,2024-01-29,51.69,51.93,51.45,51.58,2127832
6021,13,2024-01-30,50.95,51.06,50.66,50.97,3101205
6022,13,2024-01-31,51.86,52.08,51.64,52.02,4267014
6023,13,2024-02-01,52.67,52.98,52.3,52.56,1618203
6024,13,2024-02-02,52.3,52.62,52.26,52.38,2914473
6025,13,2024-02-05,52.18,52.36,52.01,52.19,1899246
6026,13,2024-02-06,52.34,52.55,52.26,52.54,3023070
6027,13,2024-02-07,52.61,53.05,52.56,52.74,7902585
6028,13,2024-02-08,54.42,54.6,54.3,54.45,3341476
6029,13,2024-02-09,55.01,55.18,54.89,54.99,5722225
6030,13,2024-02-12,55.15,55.17,54.93,55.15,917116
6031,13,2024-02-13,54.48,54.75,54.17,54.4,3425194
6032,13,2024-02-14,54.46,54.59,54.34,54.53,6125490
6033,13,2024-02-15,54.97,54.98,54.62,54.9,5839042
6034,13,2024-02-16,55.52,55.61,55.01,55.33,2149007
6035,13,2024-02-19,55.09,55.11,54.65,54.95,3166039
6036,13,2024-02-20,54.57,54.85,54.4,54.53,2794183
6037,13,2024-02-21,54.46,54.53,54.08,54.28,5092477
6038,13,2024-02-22,53.36,53.62,53.14,53.37,3218184
6039,13,2024-02-23,53.38,53.66,53.24,53.48,5166659
6040,13,2024-02-26,54.41,54.56,54.23,54.26,6125039
6041,13,2024-02-27,54.13,54.31,53.93,54.21,4222508
6042,13,2024-02-28,52.39,52.56,52.18,52.29,4636613
6043,13,2024-02-29,51.96,52.12,51.69,51.95,4071219
6044,13,2024-03-01,52.11,52.44,51.79,52.15,6567484
6045,13,2024-03-04,52.86,53.02,52.74,52.82,3922583
6046,13,2024-03-05,53.76,53.83,53.51,53.56,7272667
6047,13,2024-03-06,53.45,53.52,53.22,53.27,1896625
6048,13,2024-03-07,53.26,53.36,52.93,53.1,7470342
6049,13,2024-03-08,52.16,52.32,52.07,52.29,7563506
6050,13,2024-03-11,52.71,52.99,52.54,52.61,3472571
6051,13,2024-03-12,51.56,51.71,51.46,51.46,634990
6052,13,2024-03-13,51.68,51.85,51.37,51.72,6217401
6053,13,2024-03-14,51.84,51.96,51.42,51.64,1715406
6054,13,2024-03-15,51.9,52.16,51.66,51.69,7752903
6055,13,2024-03-18,51.88,52.22,51.59,52.04,6940380
6056,13,2024-03-19,50.58,50.84,50.41,50.58,4105710
6057,13,2024-03-20,50.85,51.08,50.61,51.0,4990225
6058,13,2024-03-21,49.2,49.32,49.11,49.32,6344357
6059,13,2024-03-22,47.11,47.18,46.9,47.14,7251004
6060,13,2024-03-25,44.45,44.75,44.45,44.49,2548731
6061,13,2024-03-26,43.99,44.17,43.74,44.1,2041879
6062,13,2024-03-27,44.55,44.82,44.48,44.61,7087110
6063,13,2024-03-28,44.21,44.29,43.97,44.2,3747477
6064,13,2024-03-29,43.89,44.29,43.84,44.03,718169
6065,13,2024-04-01,43.56,43.58,43.34,43.54,642328
6066,13,2024-04-02,43.96,44.16,43.88,43.94,3321985
6067,13,2024-04-03,43.04,43.29,42.95,43.18,3122095
6068,13,2024-04-04,42.38,42.68,42.24,42.42,5190678
6069,13,2024-04-05,40.94,41.21,40.82,41.05,6160291
6070,13,2024-04-08,42.56,42.62,42.2,42.42,1950659
6071,13,2024-04-09,42.13,42.26,42.01,42.13,4397500
6072,13,2024-04-10,41.41,41.51,41.36,41.42,6412347
6073,13,2024-04-11,41.0,41.02,40.85,40.91,4967114
6074,13,2024-04-12,41.19,41.24,40.96,41.16,4665483
6075,13,2024-04-15,42.42,42.47,42.12,42.32,6912239
6076,13,2024-04-16,41.91,42.16,41.9,42.01,6585584
6077,13,2024-04-17,42.37,42.38,42.23,42.25,2179578
6078,13,2024-04-18,41.78,41.98,41.53,41.91,2808632
6079,13,2024-04-19,42.29,42.42,42.09,42.13,1059393
6080,13,2024-04-22,42.81,42.96,42.62,42.64,6980050
6081,13,2024-04-23,41.89,41.99,41.59,41.79,6674856
6082,13,2024-04-24,41.77,41.95,41.66,41.66,6794342
6083,13,2024-04-25,42.9,42.92,42.62,42.87,4109056
6084,13,2024-04-26,42.73,42.96,42.62,42.72,5098226
6085,13,2024-04-29,41.77,41.97,41.52,41.86,4880249
6086,13,2024-04-30,41.41,41.46,41.37,41.45,1952536
6087,13,2024-05-01,41.8,41.81,41.61,41.74,3402154
6088,13,2024-05-02,42.41,42.66,42.16,42.39,7333786
6089,13,2024-05-03,41.74,41.93,41.6,41.69,7362540
6090,13,2024-05-06,41.02,41.09,40.83,41.04,4166695
6091,13,2024-05-07,41.39,41.61,41.37,41.45,7737974
6092,13,2024-05-08,41.52,41.57,41.26,41.46,5976180
6093,13,2024-05-09,41.66,41.76,41.42,41.5,4312895
6094,13,2024-05-10,41.5,41.71,41.27,41.44,3650757
6095,13,2024-05-13,43.2,43.37,43.06,43.19,7563229
6096,13,2024-05-14,43.95,44.21,43.82,43.95,6724649
6097,13,2024-05-15,45.09,45.35,44.73,44.97,7946445
6098,13,2024-05-16,44.36,44.47,44.23,44.39,1761621
6099,13,2024-05-17,44.83,45.0,44.47,44.71,6239113
6100,13,2024-05-20,45.64,45.8,45.4,45.69,2478783
6101,13,2024-05-21,45.27,45.38,45.11,45.18,4875255
6102,13,2024-05-22,45.94,46.15,45.92,46.02,3151874
6103,13,2024-05-23,44.9,45.1,44.83,44.98,2897872
6104,13,2024-05-24,43.75,44.08,43.68,43.91,6309895
6105,13,2024-05-27,44.0,44.0,43.77,43.96,5594195
6106,13,2024-05-28,45.08,45.24,44.9,44.99,2202430
6107,13,2024-05-29,44.24,44.52,44.02,44.41,2597432
6108,13,2024-05-30,43.97,43.98,43.59,43.84,4437327
6109,13,2024-05-31,42.97,43.22,42.74,43.08,4852594
6110,13,2024-06-03,43.72,43.99,43.65,43.83,5006267
6111,13,2024-06-04,43.2,43.59,42.99,43.35,718816
6112,13,2024-06-05,44.6,44.75,44.34,44.7,7066051
6113,13,2024-06-06,44.87,44.93,44.51,44.73,5798929
6114,13,2024-06-07,44.87,44.96,44.74,44.75,6035709
6115,13,2024-06-10,45.19,45.43,45.02,45.28,3739109
6116,13,2024-06-11,45.84,46.03,45.73,45.95,2608494
6117,13,2024-06-12,44.86,45.11,44.57,44.68,3739127
6118,13,2024-06-13,45.11,45.34,44.88,45.28,1523679
6119,13,2024-06-14,43.63,43.75,43.57,43.6,4959764
6120,13,2024-06-17,43.84,44.03,43.55,43.74,2627578
6121,13,2024-06-18,43.71,43.9,43.58,43.86,836904
6122,13,2024-06-19,43.69,43.72,43.36,43.59,2959234
6123,13,2024-06-20,41.65,41.95,41.53,41.73,5253856
6124,13,2024-06-21,43.06,43.21,43.0,43.16,6758950
6125,13,2024-06-24,42.46,42.64,42.24,42.55,3284035
6126,13,2024-06-25,42.92,43.04,42.69,42.84,6912597
6127,13,2024-06-26,44.33,44.59,44.16,44.38,1875676
6128,13,2024-06-27,44.44,44.82,44.44,44.61,3526157
6129,13,2024-06-28,43.91,43.92,43.79,43.82,6846039
6130,13,2024-07-01,43.75,43.92,43.64,43.68,1699404
6131,13,2024-07-02,44.38,44.44,44.32,44.42,1323405
6132,13,2024-07-03,45.98,46.22,45.88,46.09,5334558
6133,13,2024-07-04,45.38,45.57,45.06,45.32,7319200
6134,13,2024-07-05,45.13,45.33,44.99,45.22,567361
6135,13,2024-07-08,46.32,46.46,46.12,46.14,836525
6136,13,2024-07-09,45.7,45.81,45.42,45.59,1393291
6137,13,2024-07-10,46.36,46.54,46.24,46.53,2037387
6138,13,2024-07-11,46.73,46.91,46.59,46.71,5980633
6139,13,2024-07-12,45.91,46.17,45.68,46.1,3134518
6140,13,2024-07-15,45.94,46.3,45.85,46.04,2635612
6141,13,2024-07-16,45.37,45.54,45.11,45.24,4355545
6142,13,2024-07-17,43.63,43.68,43.37,43.59,4655607
6143,13,2024-07-18,43.92,44.02,43.61,43.86,2342783
6144,13,2024-07-19,43.42,43.53,43.07,43.27,2942165
6145,13,2024-07-22,42.26,42.51,41.88,42.11,4631194
6146,13,2024-07-23,41.04,41.26,40.75,40.99,4907177
6147,13,2024-07-24,43.84,43.85,43.51,43.67,3288069
6148,13,2024-07-25,43.93,44.29,43.84,44.1,3674941
6149,13,2024-07-26,43.98,44.02,43.67,43.89,5367302
6150,13,2024-07-29,43.82,43.98,43.52,43.68,5168379
6151,13,2024-07-30,43.39,43.6,43.18,43.23,2344157
6152,13,2024-07-31,43.76,43.86,43.57,43.64,524127
6153,13,2024-08-01,43.71,43.75,43.57,43.66,6538206
6154,13,2024-08-02,44.72,44.94,44.42,44.6,2063602
6155,13,2024-08-05,44.96,45.13,44.73,44.83,1200634
6156,13,2024-08-06,45.38,45.47,45.2,45.21,1460171
6157,13,2024-08-07,47.0,47.15,46.72,47.14,6907425
6158,13,2024-08-08,48.38,48.42,47.95,48.22,2757173
6159,13,2024-08-09,49.22,49.47,48.93,49.4,7321575
6160,13,2024-08-12,48.11,48.33,47.91,48.17,2131358
6161,13,2024-08-13,47.25,47.42,46.88,47.13,4901845
6162,13,2024-08-14,47.03,47.25,46.95,47.03,5875175
6163,13,2024-08-15,46.49,46.52,46.24,46.48,4518380
6164,13,2024-08-16,45.84,46.08,45.79,45.84,4364148
6165,13,2024-08-19,47.35,47.52,46.97,47.22,1238499
6166,13,2024-08-20,48.82,49.14,48.71,48.88,4002784
6167,13,2024-08-21,47.84,48.05,47.74,47.83,3038358
6168,13,2024-08-22,48.22,48.42,48.08,48.4,4813906
6169,13,2024-08-23,48.18,48.43,48.06,48.14,4263559
6170,13,2024-08-26,46.23,46.45,46.13,46.27,6684178
6171,13,2024-08-27,46.27,46.55,46.02,46.35,6839800
6172,13,2024-08-28,45.32,45.46,45.2,45.24,2414807
6173,13,2024-08-29,44.51,44.7,44.4,44.61,6880052
6174,13,2024-08-30,45.05,45.14,44.8,45.01,5010007
6175,13,2024-09-02,45.61,45.75,45.47,45.66,6941021
6176,13,2024-09-03,43.63,43.82,43.45,43.63,3849775
6177,13,2024-09-04,43.84,43.96,43.61,43.74,4198701
6178,13,2024-09-05,42.97,43.24,42.87,43.01,7095379
6179,13,2024-09-06,43.43,43.68,43.24,43.45,6591754
6180,13,2024-09-09,43.77,44.02,43.61,43.86,627701
6181,13,2024-09-10,44.46,44.62,44.2,44.52,4605643
6182,13,2024-09-11,44.73,44.98,44.61,44.79,7222911
6183,13,2024-09-12,46.17,46.44,46.12,46.32,4727298
6184,13,2024-09-13,45.58,45.76,45.34,45.47,1655285
6185,13,2024-09-16,45.19,45.44,44.84,45.05,3731943
6186,13,2024-09-17,45.44,45.72,45.43,45.52,2758443
6187,13,2024-09-18,46.1,46.24,45.74,45.92,3479755
6188,13,2024-09-19,43.83,43.96,43.76,43.94,3258637
6189,13,2024-09-20,44.79,45.01,44.54,44.87,6643429
6190,13,2024-09-23,45.53,45.77,45.43,45.69,4667632
6191,13,2024-09-24,45.95,46.04,45.67,45.9,7427240
6192,13,2024-09-25,45.18,45.44,44.96,45.07,4686826
6193,13,2024-09-26,45.64,45.95,45.46,45.68,5745166
6194,13,2024-09-27,45.69,45.8,45.42,45.56,4703680
6195,13,2024-09-30,45.55,46.0,45.34,45.73,1187433
6196,13,2024-10-01,44.89,45.09,44.87,44.88,2006922
6197,13,2024-10-02,43.97,44.15,43.88,44.03,1690066
6198,13,2024-10-03,44.21,44.36,44.01,44.17,2173006
6199,13,2024-10-04,42.52,42.68,42.18,42.43,7027553
6200,13,2024-10-07,41.87,41.98,41.68,41.82,7667482
6201,13,2024-10-08,43.61,43.78,43.59,43.59,1159963
6202,13,2024-10-09,41.88,42.12,41.74,41.92,4979129
6203,13,2024-10-10,42.49,42.6,42.38,42.59,863656
6204,13,2024-10-11,43.07,43.12,42.86,43.04,2280233
6205,13,2024-10-14,43.17,43.41,43.13,43.26,518292
6206,13,2024-10-15,44.42,44.48,44.21,44.36,3856596
6207,13,2024-10-16,45.15,45.3,44.82,44.98,4461600
6208,13,2024-10-17,46.05,46.39,45.9,46.13,6145179
6209,13,2024-10-18,45.23,45.46,45.15,45.26,6824926
6210,13,2024-10-21,45.65,45.78,45.58,45.78,4343777
6211,13,2024-10-22,46.5,46.62,46.33,46.41,2585705
6212,13,2024-10-23,46.92,47.04,46.76,46.84,724895
6213,13,2024-10-24,45.76,45.97,45.46,45.67,4994532
6214,13,2024-10-25,45.91,46.0,45.74,45.93,5384036
6215,13,2024-10-28,44.56,44.68,44.32,44.55,2544696
6216,13,2024-10-29,44.41,44.49,44.25,44.39,5478135
6217,13,2024-10-30,43.6,43.8,43.34,43.64,4767774
6218,13,2024-10-31,45.71,45.78,45.42,45.64,2977108
6219,13,2024-11-01,44.78,45.07,44.78,44.91,1644472
6220,13,2024-11-04,45.16,45.42,44.95,45.2,6851679
6221,13,2024-11-05,46.63,46.98,46.52,46.71,3637246
6222,13,2024-11-06,46.26,46.4,45.81,46.08,1413013
6223,13,2024-11-07,46.52,46.87,46.48,46.65,5487417
6224,13,2024-11-08,46.66,46.93,46.42,46.6,2497172
6225,13,2024-11-11,46.27,46.34,46.07,46.13,4144777
6226,13,2024-11-12,45.96,46.03,45.67,45.94,5566174
6227,13,2024-11-13,46.95,47.03,46.7,46.95,4406199
6228,13,2024-11-14,47.32,47.53,47.31,47.39,2491215
6229,13,2024-11-15,46.85,47.11,46.69,46.78,6316682
6230,13,2024-11-18,47.93,48.12,47.68,47.87,6431032
6231,13,2024-11-19,46.67,46.83,46.67,46.67,7150192
6232,13,2024-11-20,47.82,48.12,47.78,47.88,3466992
6233,13,2024-11-21,47.77,47.94,47.6,47.86,2111266
6234,13,2024-11-22,46.44,46.53,46.31,46.47,3257337
6235,13,2024-11-25,48.27,48.58,48.03,48.32,1831786
6236,13,2024-11-26,49.69,49.91,49.4,49.86,4325761
6237,13,2024-11-27,48.67,48.94,48.66,48.83,2943478
6238,13,2024-11-28,49.25,49.28,48.92,49.2,3107010
6239,13,2024-11-29,49.33,49.5,49.3,49.39,2178485
6240,13,2024-12-02,49.47,49.63,49.3,49.32,1156930
6241,13,2024-12-03,49.14,49.32,48.97,49.26,7010236
6242,13,2024-12-04,49.88,50.02,49.67,49.89,2036089
6243,13,2024-12-05,50.87,50.89,50.71,50.79,2054054
6244,13,2024-12-06,49.61,49.61,49.58,49.59,7862776
6245,13,2024-12-09,49.84,50.26,49.83,50.01,3227227
6246,13,2024-12-10,48.55,48.72,48.47,48.69,3943460
6247,13,2024-12-11,49.75,49.92,49.35,49.58,3213871
6248,13,2024-12-12,48.15,48.25,48.08,48.12,642091
6249,13,2024-12-13,48.65,48.96,48.42,48.68,2116765
6250,13,2024-12-16,50.06,50.21,49.84,49.9,2840834
6251,13,2024-12-17,50.83,51.11,50.61,50.84,1426270
6252,13,2024-12-18,49.59,49.8,49.41,49.77,1648570
6253,13,2024-12-19,50.15,50.37,50.06,50.19,6526822
6254,13,2024-12-20,49.71,49.97,49.63,49.83,3852584
6255,13,2024-12-23,50.31,50.42,50.27,50.4,2615028
6256,13,2024-12-24,50.39,50.44,50.14,50.27,3135425
6257,13,2024-12-25,50.53,50.68,50.4,50.65,3168521
6258,13,2024-12-26,50.16,50.28,50.11,50.15,3902668
6259,13,2024-12-27,49.85,49.91,49.83,49.87,2314657
6260,13,2024-12-30,50.41,50.55,50.34,50.36,3910209
6261,13,2024-12-31,50.46,50.57,50.08,50.31,6814844
6262,13,2025-01-01,50.49,50.62,50.27,50.42,3696994
6263,13,2025-01-02,51.36,51.56,51.31,51.54,5733682
6264,13,2025-01-03,51.38,51.67,51.12,51.55,4991212
6265,13,2025-01-06,52.51,52.82,52.33,52.57,2222271
6266,13,2025-01-07,50.03,50.1,49.76,49.95,3279315
6267,13,2025-01-08,48.43,48.71,48.1,48.35,3639525
6268,13,2025-01-09,48.04,48.07,47.92,48.05,2725999
6269,13,2025-01-10,48.34,48.35,48.25,48.33,3469586
6270,13,2025-01-13,48.6,48.91,48.37,48.69,5210600
6271,13,2025-01-14,48.08,48.12,48.04,48.05,1016179
6272,13,2025-01-15,46.71,46.96,46.51,46.6,2785861
6273,13,2025-01-16,44.84,45.14,44.78,44.98,3435130
6274,13,2025-01-17,44.88,45.0,44.62,44.93,2023120
6275,13,2025-01-20,45.06,45.16,44.91,44.99,3990966
6276,13,2025-01-21,45.9,45.9,45.54,45.77,7247811
6277,13,2025-01-22,46.82,47.04,46.7,46.91,5298406
6278,13,2025-01-23,47.87,48.23,47.87,48.01,7749926
6279,13,2025-01-24,48.09,48.18,47.76,47.96,5167993
6280,13,2025-01-27,48.32,48.52,48.07,48.3,6969562
6281,13,2025-01-28,49.51,49.65,49.35,49.49,6804257
6282,13,2025-01-29,48.83,48.94,48.78,48.82,3339433
6283,13,2025-01-30,48.6,48.75,48.35,48.56,7759042
6284,13,2025-01-31,48.75,48.82,48.43,48.65,1018920
6285,13,2025-02-03,49.43,49.73,49.41,49.49,3338179
6286,13,2025-02-04,49.91,49.97,49.59,49.8,1052270
6287,13,2025-02-05,47.0,47.23,46.99,47.05,5016186
6288,13,2025-02-06,45.54,45.73,45.41,45.42,3127891
6289,13,2025-02-07,45.31,45.55,44.93,45.16,7843376
6290,13,2025-02-10,43.85,43.96,43.63,43.91,4003134
6291,13,2025-02-11,43.19,43.41,43.02,43.02,2457197
6292,13,2025-02-12,41.47,41.58,41.33,41.57,5360243
6293,13,2025-02-13,40.56,40.67,40.35,40.49,6640817
6294,13,2025-02-14,40.99,41.21,40.75,41.02,6726460
6295,13,2025-02-17,40.33,40.35,40.09,40.23,4343995
6296,13,2025-02-18,39.15,39.33,39.03,39.04,5047729
6297,13,2025-02-19,39.65,39.79,39.53,39.55,2587536
6298,13,2025-02-20,39.36,39.55,39.32,39.34,4005150
6299,13,2025-02-21,39.71,39.99,39.55,39.83,4455362
6300,13,2025-02-24,39.94,40.19,39.78,39.99,5677361
6301,13,2025-02-25,38.65,38.83,38.52,38.54,5532684
6302,13,2025-02-26,38.86,39.04,38.75,38.88,7107059
6303,13,2025-02-27,39.66,39.84,39.48,39.68,7315703
6304,13,2025-02-28,40.22,40.29,40.1,40.28,2017102
6305,13,2025-03-03,39.79,40.02,39.63,39.83,7928668
6306,13,2025-03-04,40.9,40.94,40.71,40.8,6619659
6307,13,2025-03-05,41.97,42.07,41.73,42.01,6754314
6308,13,2025-03-06,40.29,40.45,39.96,40.15,5979552
6309,13,2025-03-07,40.32,40.38,40.24,40.37,3683118
6310,13,2025-03-10,39.36,39.57,39.11,39.28,3620490
6311,13,2025-03-11,38.43,38.58,38.4,38.55,5952037
6312,13,2025-03-12,38.59,38.77,38.37,38.67,4243445
6313,13,2025-03-13,38.23,38.44,37.93,38.08,7588425
6314,13,2025-03-14,37.66,37.73,37.5,37.62,3296327
6315,13,2025-03-17,36.89,36.93,36.79,36.82,770723
6316,13,2025-03-18,36.09,36.26,35.94,36.22,7190440
6317,13,2025-03-19,35.26,35.53,35.24,35.36,1167850
6318,13,2025-03-20,35.75,35.9,35.71,35.78,3271706
6319,13,2025-03-21,35.44,35.72,35.34,35.56,2125621
6320,13,2025-03-24,35.06,35.2,35.04,35.11,6483817
6321,13,2025-03-25,34.9,35.05,34.84,34.98,3676442
6322,13,2025-03-26,34.1,34.22,33.96,34.19,6316640
6323,13,2025-03-27,34.69,34.72,34.58,34.69,3524232
6324,13,2025-03-28,34.64,34.76,34.48,34.54,3262923
6325,13,2025-03-31,33.59,33.71,33.48,33.68,1120280
6326,13,2025-04-01,33.98,34.08,33.87,33.94,7495263
6327,13,2025-04-02,34.11,34.32,33.94,34.17,3301412
6328,13,2025-04-03,33.39,33.52,33.26,33.32,7740770
6329,13,2025-04-04,33.04,33.21,33.02,33.04,2754916
6330,13,2025-04-07,32.21,32.34,32.15,32.32,2763570
6331,13,2025-04-08,32.06,32.2,32.05,32.06,2978190
6332,13,2025-04-09,32.56,32.77,32.53,32.6,7765174
6333,13,2025-04-10,33.1,33.24,33.05,33.09,4936431
6334,13,2025-04-11,33.96,34.05,33.79,33.86,3632790
6335,13,2025-04-14,34.16,34.26,34.05,34.24,7174341
6336,13,2025-04-15,33.96,34.16,33.72,33.88,4528303
6337,13,2025-04-16,33.64,33.69,33.39,33.57,5324122
6338,13,2025-04-17,34.11,34.34,34.1,34.17,5876404
6339,13,2025-04-18,34.55,34.71,34.45,34.55,5166753
6340,13,2025-04-21,34.55,34.76,34.52,34.59,7406168
6341,13,2025-04-22,36.02,36.13,35.75,35.94,5112144
6342,13,2025-04-23,35.98,36.18,35.81,35.95,2105959
6343,13,2025-04-24,36.76,36.81,36.62,36.72,7649326
6344,13,2025-04-25,37.81,37.97,37.7,37.9,5256207
6345,13,2025-04-28,38.44,38.64,38.37,38.44,3270734
6346,13,2025-04-29,38.7,38.86,38.47,38.84,3590271
6347,13,2025-04-30,39.6,39.75,39.4,39.71,3007422
6348,13,2025-05-01,38.28,38.43,38.24,38.33,7340244
6349,13,2025-05-02,39.68,39.79,39.59,39.73,5818963
6350,13,2025-05-05,39.27,39.53,39.13,39.37,529745
6351,13,2025-05-06,39.52,39.7,39.47,39.54,3386908
6352,13,2025-05-07,39.38,39.6,39.06,39.25,7444386
6353,13,2025-05-08,39.61,39.78,39.54,39.55,880428
6354,13,2025-05-09,39.11,39.33,38.9,39.02,7889619
6355,13,2025-05-12,40.08,40.1,39.94,39.99,1500962
6356,13,2025-05-13,40.24,40.51,40.22,40.32,1829908
6357,13,2025-05-14,40.77,40.89,40.63,40.73,3372273
6358,13,2025-05-15,40.32,40.62,40.22,40.47,5483431
6359,13,2025-05-16,41.73,41.8,41.55,41.6,5555835
6360,13,2025-05-19,42.27,42.38,42.06,42.29,1553588
6361,13,2025-05-20,41.3,41.32,40.98,41.2,5724818
6362,13,2025-05-21,42.98,43.12,42.73,42.85,5094681
6363,13,2025-05-22,42.17,42.32,41.98,42.16,1832593
6364,13,2025-05-23,41.07,41.22,40.93,40.98,6608299
6365,13,2025-05-26,41.61,41.81,41.46,41.74,7328663
6366,13,2025-05-27,40.75,40.85,40.72,40.83,551298
6367,13,2025-05-28,42.27,42.45,42.02,42.12,4829348
6368,13,2025-05-29,42.79,42.93,42.57,42.9,3591410
6369,13,2025-05-30,44.07,44.29,43.94,43.95,3876684
6370,13,2025-06-02,45.66,45.71,45.35,45.52,4295665
6371,13,2025-06-03,45.31,45.44,45.0,45.26,3432528
6372,13,2025-06-04,45.94,46.08,45.92,45.99,4568469
6373,13,2025-06-05,43.9,43.97,43.77,43.87,7151864
6374,13,2025-06-06,44.28,44.5,44.25,44.34,3622567
6375,13,2025-06-09,45.68,45.95,45.39,45.65,1935415
6376,13,2025-06-10,45.14,45.3,44.97,45.27,7193227
6377,13,2025-06-11,45.46,45.57,45.43,45.53,3519816
6378,13,2025-06-12,45.85,46.06,45.47,45.71,2268669
6379,13,2025-06-13,46.07,46.08,45.96,46.0,7110559
6380,13,2025-06-16,46.77,47.03,46.52,46.63,7570021
6381,13,2025-06-17,46.15,46.46,46.15,46.25,1545781
6382,13,2025-06-18,46.2,46.53,45.99,46.3,2398534
6383,13,2025-06-19,46.46,46.68,46.21,46.34,722283
6384,13,2025-06-20,47.42,47.59,47.11,47.31,5388595
6385,13,2025-06-23,46.42,46.57,46.21,46.39,7324465
6386,13,2025-06-24,45.34,45.47,45.21,45.36,888567
6387,13,2025-06-25,43.69,43.81,43.52,43.56,797879
6388,13,2025-06-26,43.17,43.22,43.05,43.12,5661118
6389,13,2025-06-27,44.81,45.04,44.64,44.74,1047819
6390,13,2025-06-30,45.02,45.24,44.75,44.95,5860135
6391,13,2025-07-01,42.87,43.06,42.62,42.94,3084989
6392,13,2025-07-02,42.91,43.11,42.68,43.02,3776510
6393,13,2025-07-03,44.01,44.07,43.93,43.98,7985668
6394,13,2025-07-04,41.51,41.71,41.32,41.53,5849820
6395,13,2025-07-07,40.79,41.03,40.76,40.89,4634989
6396,13,2025-07-08,40.64,40.76,40.49,40.54,3359950
6397,13,2025-07-09,40.86,41.17,40.73,40.97,3698594
6398,13,2025-07-10,41.95,42.33,41.76,42.11,797986
6399,13,2025-07-11,42.78,43.07,42.58,42.83,2232387
6400,13,2025-07-14,44.42,44.58,44.26,44.42,1030823
6401,13,2025-07-15,45.26,45.31,45.21,45.23,1933768
6402,13,2025-07-16,45.6,45.88,45.4,45.69,3096357
6403,13,2025-07-17,46.91,46.91,46.59,46.73,545974
6404,13,2025-07-18,44.29,44.53,44.03,44.27,4747567
6405,13,2025-07-21,43.71,43.81,43.4,43.61,3920514
6406,13,2025-07-22,42.6,42.78,42.49,42.6,6265227
6407,13,2025-07-23,42.86,43.09,42.66,42.75,5081655
6408,13,2025-07-24,44.85,45.0,44.54,44.74,2584279
6409,13,2025-07-25,45.67,45.77,45.59,45.64,6845807
6410,13,2025-07-28,47.25,47.38,47.16,47.37,1004906
6411,13,2025-07-29,46.91,47.21,46.88,47.02,6107441
6412,13,2025-07-30,48.37,48.4,48.04,48.21,4234131
6413,13,2025-07-31,47.6,47.83,47.29,47.42,3514270
6414,13,2025-08-01,48.54,48.77,48.26,48.6,3013809
6415,13,2025-08-04,48.84,49.2,48.57,48.94,1555000
6416,13,2025-08-05,48.91,49.13,48.71,49.01,6824585
6417,13,2025-08-06,49.44,49.45,49.04,49.25,7126397
6418,13,2025-08-07,48.3,48.35,47.99,48.18,4587443
6419,13,2025-08-08,48.25,48.65,48.1,48.42,5165657
6420,13,2025-08-11,48.81,49.03,48.62,48.73,6955395
6421,13,2025-08-12,48.13,48.22,47.95,47.99,6658273
6422,13,2025-08-13,46.42,46.63,46.21,46.58,7609931
6423,13,2025-08-14,45.19,45.41,45.17,45.19,2793599
6424,13,2025-08-15,46.02,46.08,45.62,45.89,1288664
6425,13,2025-08-18,46.98,47.29,46.97,47.02,3739885
6426,13,2025-08-19,47.24,47.46,46.97,47.13,2445618
6427,13,2025-08-20,47.36,47.51,47.09,47.24,640343
6428,13,2025-08-21,47.12,47.2,46.77,47.04,5864475
6429,13,2025-08-22,45.98,46.25,45.89,46.11,5798164
6430,13,2025-08-25,44.09,44.28,44.08,44.26,4383468
6431,13,2025-08-26,44.62,44.74,44.45,44.57,6444054
6432,13,2025-08-27,44.4,44.71,44.33,44.51,5049367
6433,13,2025-08-28,42.38,42.72,42.14,42.55,2600782
6434,13,2025-08-29,42.85,43.02,42.74,42.8,5931776
6435,13,2025-09-01,42.49,42.74,42.27,42.64,6535921
6436,13,2025-09-02,42.99,43.16,42.97,43.06,5217546
6437,13,2025-09-03,43.34,43.48,43.15,43.4,4784185
6438,13,2025-09-04,43.55,43.86,43.35,43.68,7988798
6439,13,2025-09-05,43.4,43.74,43.29,43.49,6954688
6440,13,2025-09-08,43.14,43.17,43.05,43.07,3333296
6441,13,2025-09-09,43.43,43.59,43.13,43.33,7557077
6442,13,2025-09-10,42.01,42.19,41.76,41.99,6673785
6443,13,2025-09-11,41.01,41.12,41.0,41.03,4250757
6444,13,2025-09-12,41.07,41.1,40.87,41.08,5048536
6445,13,2025-09-15,42.87,43.08,42.71,42.97,1705526
6446,13,2025-09-16,44.04,44.24,44.03,44.11,3209345
6447,13,2025-09-17,43.53,43.64,43.32,43.45,6717768
6448,13,2025-09-18,43.1,43.31,42.84,43.05,2175098
6449,13,2025-09-19,43.94,44.07,43.62,43.88,5429904
6450,13,2025-09-22,44.7,44.9,44.59,44.61,5197839
6451,13,2025-09-23,44.83,44.92,44.74,44.83,1945293
6452,13,2025-09-24,44.06,44.26,43.89,44.03,2939670
6453,13,2025-09-25,43.13,43.52,42.91,43.29,5007130
6454,13,2025-09-26,42.2,42.35,42.0,42.11,5557040
6455,13,2025-09-29,41.99,42.15,41.78,42.02,7223040
6456,13,2025-09-30,42.05,42.46,41.86,42.21,7726504
6457,13,2025-10-01,42.9,43.09,42.85,42.92,5650872
6458,13,2025-10-02,43.22,43.45,43.13,43.28,3024317
6459,13,2025-10-03,43.34,43.62,43.34,43.42,6191335
6460,13,2025-10-06,44.31,44.5,43.99,44.17,3920243
6461,13,2025-10-07,43.84,44.09,43.68,43.83,7075453
6462,13,2025-10-08,42.89,43.12,42.81,42.84,7800748
6463,13,2025-10-09,44.46,44.58,44.34,44.37,5495631
6464,13,2025-10-10,45.77,45.78,45.41,45.62,2827667
6465,13,2025-10-13,45.5,45.68,45.39,45.64,5660619
6466,13,2025-10-14,45.24,45.42,45.05,45.29,7193785
6467,13,2025-10-15,44.72,45.07,44.63,44.89,3706425
6468,13,2025-10-16,46.99,47.14,46.92,46.99,2550660
6469,13,2025-10-17,47.38,47.7,47.11,47.46,944705
6470,13,2025-10-20,47.25,47.49,47.11,47.34,1362352
6471,13,2025-10-21,47.79,48.03,47.72,47.8,1677726
6472,13,2025-10-22,47.83,47.86,47.75,47.85,2703182
6473,13,2025-10-23,47.8,47.98,47.69,47.9,3673584
6474,13,2025-10-24,47.68,47.96,47.42,47.67,5429513
6475,13,2025-10-27,47.66,47.88,47.41,47.59,927852
6476,13,2025-10-28,49.44,49.51,49.04,49.33,6520992
6477,13,2025-10-29,48.17,48.44,47.92,48.08,2458413
6478,13,2025-10-30,48.67,48.72,48.4,48.54,2618824
6479,13,2025-10-31,48.25,48.31,48.06,48.08,3695037
6480,13,2025-11-03,48.18,48.26,47.93,48.0,6605536
6481,13,2025-11-04,49.42,49.45,49.06,49.29,1745383
6482,13,2025-11-05,48.53,48.61,48.29,48.58,926521
6483,13,2025-11-06,48.7,48.78,48.39,48.6,1659177
6484,13,2025-11-07,49.47,49.71,49.18,49.32,712508
6485,13,2025-11-10,50.38,50.44,50.26,50.3,1185571
6486,13,2025-11-11,47.92,47.97,47.83,47.87,6662142
6487,13,2025-11-12,47.65,48.04,47.39,47.8,5300582
6488,13,2025-11-13,48.97,49.16,48.94,49.15,6027540
6489,13,2025-11-14,48.87,48.97,48.72,48.76,1065405
6490,13,2025-11-17,48.29,48.37,48.03,48.22,3678737
6491,13,2025-11-18,49.66,49.88,49.37,49.48,2001247
6492,13,2025-11-19,48.75,48.88,48.52,48.84,1399393
6493,13,2025-11-20,49.14,49.34,48.89,49.07,5865670
6494,13,2025-11-21,48.58,48.87,48.46,48.66,5763323
6495,13,2025-11-24,46.73,46.86,46.52,46.8,7975699
6496,13,2025-11-25,46.34,46.68,46.23,46.41,1454393
6497,13,2025-11-26,45.85,45.93,45.67,45.84,6627706
6498,13,2025-11-27,45.21,45.48,45.11,45.16,1936279
6499,13,2025-11-28,45.58,45.8,45.4,45.54,5702483
6500,13,2025-12-01,46.8,47.01,46.46,46.63,7069213
6501,14,2024-01-02,109.94,110.27,109.54,109.57,4228057
6502,14,2024-01-03,109.48,109.54,108.89,109.34,7187975
6503,14,2024-01-04,110.93,111.58,110.38,111.05,7340516
6504,14,2024-01-05,107.28,107.59,106.83,107.41,4192554
6505,14,2024-01-08,106.0,106.36,105.48,105.65,4904753
6506,14,2024-01-09,105.44,106.11,104.93,105.83,866066
6507,14,2024-01-10,108.89,109.5,108.31,108.57,4597525
6508,14,2024-01-11,108.39,109.2,108.09,108.71,6546705
6509,14,2024-01-12,109.61,110.13,108.99,109.53,4718540
6510,14,2024-01-15,107.44,108.0,106.67,107.09,3348793
6511,14,2024-01-16,105.66,106.61,105.65,106.07,1678700
6512,14,2024-01-17,105.36,105.99,105.14,105.48,1985866
6513,14,2024-01-18,104.57,104.98,103.94,104.62,6908257
6514,14,2024-01-19,105.25,105.33,104.58,104.98,2396542
6515,14,2024-01-22,107.54,107.72,107.11,107.63,7195668
6516,14,2024-01-23,107.82,108.47,107.69,108.16,5642282
6517,14,2024-01-24,108.27,108.8,108.12,108.38,5602981
6518,14,2024-01-25,107.03,107.41,106.71,106.87,5259660
6519,14,2024-01-26,104.61,105.2,103.95,104.24,4799054
6520,14,2024-01-29,103.81,104.67,103.54,104.09,6397686
6521,14,2024-01-30,99.57,100.0,99.31,99.51,6488288
6522,14,2024-01-31,99.61,100.05,99.31,99.52,5173844
6523,14,2024-02-01,101.6,101.71,100.86,101.3,5942358
6524,14,2024-02-02,98.54,99.06,98.13,98.54,6973754
6525,14,2024-02-05,98.89,99.34,98.39,99.2,7488313
6526,14,2024-02-06,97.0,97.19,96.88,97.17,7737431
6527,14,2024-02-07,94.62,95.12,94.36,94.9,7385914
6528,14,2024-02-08,96.45,96.65,96.07,96.63,7838705
6529,14,2024-02-09,95.73,96.06,95.68,95.85,4643235
6530,14,2024-02-12,99.91,100.17,99.83,100.12,619311
6531,14,2024-02-13,101.5,101.58,100.76,101.2,1714514
6532,14,2024-02-14,101.22,101.63,100.8,101.23,3038824
6533,14,2024-02-15,99.34,99.92,98.44,99.0,3817650
6534,14,2024-02-16,102.1,102.36,101.46,101.75,2546806
6535,14,2024-02-19,102.28,102.42,101.66,102.12,6649396
6536,14,2024-02-20,103.88,104.16,103.01,103.47,1498953
6537,14,2024-02-21,98.59,99.05,98.16,98.51,1098588
6538,14,2024-02-22,100.72,100.79,100.34,100.35,3345165
6539,14,2024-02-23,96.64,97.09,96.28,96.98,2385357
6540,14,2024-02-26,97.57,97.87,96.62,97.18,4769381
6541,14,2024-02-27,98.71,98.92,97.86,98.38,1012123
6542,14,2024-02-28,93.57,93.84,93.21,93.27,697591
6543,14,2024-02-29,94.31,94.35,94.01,94.27,727409
6544,14,2024-03-01,96.69,97.27,96.43,96.46,5170225
6545,14,2024-03-04,97.9,98.43,97.56,97.62,1476341
6546,14,2024-03-05,95.76,95.89,95.22,95.78,7560061
6547,14,2024-03-06,95.31,96.22,95.22,95.66,5677466
6548,14,2024-03-07,93.47,94.03,93.01,93.35,6720923
6549,14,2024-03-08,92.53,92.99,92.53,92.59,940941
6550,14,2024-03-11,90.2,90.46,89.84,90.45,4081918
6551,14,2024-03-12,93.16,93.77,92.74,93.44,2594574
6552,14,2024-03-13,89.96,90.52,89.62,90.2,2925117
6553,14,2024-03-14,89.57,89.8,89.39,89.76,5155110
6554,14,2024-03-15,90.21,90.55,89.62,90.01,7595571
6555,14,2024-03-18,91.5,91.51,91.19,91.28,603204
6556,14,2024-03-19,92.74,93.04,92.39,92.42,3754615
6557,14,2024-03-20,95.27,95.53,94.93,94.93,7660577
6558,14,2024-03-21,95.16,95.23,94.85,94.98,680140
6559,14,2024-03-22,92.42,92.84,92.13,92.47,6360275
6560,14,2024-03-25,93.24,93.75,93.05,93.37,7931688
6561,14,2024-03-26,90.99,91.46,90.82,91.28,6716337
6562,14,2024-03-27,89.98,90.51,89.77,90.02,5165184
6563,14,2024-03-28,89.37,89.83,89.19,89.6,4551325
6564,14,2024-03-29,88.49,89.16,88.42,88.75,2813483
6565,14,2024-04-01,90.03,90.45,89.82,89.99,844886
6566,14,2024-04-02,90.05,90.19,89.51,89.73,1295341
6567,14,2024-04-03,90.5,90.88,90.02,90.72,6937355
6568,14,2024-04-04,90.02,90.07,89.3,89.73,7410890
6569,14,2024-04-05,88.87,89.42,88.63,88.9,7208050
6570,14,2024-04-08,85.32,85.77,85.06,85.28,4330572
6571,14,2024-04-09,87.56,88.06,87.0,87.28,3848889
6572,14,2024-04-10,83.82,84.3,83.7,83.74,3464687
6573,14,2024-04-11,84.5,85.0,84.26,84.41,1187360
6574,14,2024-04-12,82.69,82.84,82.4,82.72,4534812
6575,14,2024-04-15,83.6,83.66,83.52,83.62,4812432
6576,14,2024-04-16,83.14,83.19,82.52,82.89,3172805
6577,14,2024-04-17,81.68,82.35,81.2,81.91,7899245
6578,14,2024-04-18,80.13,80.17,79.91,80.16,2695440
6579,14,2024-04-19,77.96,78.07,77.73,78.03,3852923
6580,14,2024-04-22,78.19,78.53,77.73,78.26,7249512
6581,14,2024-04-23,78.67,79.42,78.31,78.96,7699141
6582,14,2024-04-24,78.56,79.01,78.38,78.45,7646218
6583,14,2024-04-25,80.85,81.27,80.42,81.1,7926686
6584,14,2024-04-26,80.77,80.85,80.34,80.46,701479
6585,14,2024-04-29,80.8,81.08,80.41,80.79,1363541
6586,14,2024-04-30,78.86,79.37,78.78,79.03,6316948
6587,14,2024-05-01,78.92,79.26,78.89,78.89,7042401
6588,14,2024-05-02,79.28,79.66,78.91,79.01,5400225
6589,14,2024-05-03,82.45,83.21,82.32,82.76,6658652
6590,14,2024-05-06,84.25,84.67,83.73,83.93,5406769
6591,14,2024-05-07,85.31,85.83,85.17,85.35,7175188
6592,14,2024-05-08,86.87,87.32,86.35,86.8,6520258
6593,14,2024-05-09,86.96,86.99,86.94,86.96,4240397
6594,14,2024-05-10,86.89,86.94,86.44,86.58,2297100
6595,14,2024-05-13,86.57,87.02,86.26,86.88,5971788
6596,14,2024-05-14,86.67,87.18,86.09,86.56,2627837
6597,14,2024-05-15,85.25,85.57,84.71,85.14,3361824
6598,14,2024-05-16,86.32,86.69,86.09,86.32,7062397
6599,14,2024-05-17,89.5,89.93,88.9,89.35,6042900
6600,14,2024-05-20,87.08,87.45,86.82,87.25,3718119
6601,14,2024-05-21,85.84,86.1,85.78,85.82,1777549
6602,14,2024-05-22,85.61,86.06,85.28,85.6,2380194
6603,14,2024-05-23,85.24,85.33,85.14,85.24,2436792
6604,14,2024-05-24,82.99,83.03,82.86,82.94,2037157
6605,14,2024-05-27,83.81,84.08,83.17,83.59,7387295
6606,14,2024-05-28,86.63,87.19,86.62,86.89,3957694
6607,14,2024-05-29,87.74,88.09,87.41,87.41,5887809
6608,14,2024-05-30,86.63,86.77,85.92,86.33,3649321
6609,14,2024-05-31,87.98,88.52,87.84,88.08,6005661
6610,14,2024-06-03,87.12,87.5,86.91,87.14,2725256
6611,14,2024-06-04,84.93,85.16,84.88,85.11,5642166
6612,14,2024-06-05,86.4,86.59,85.89,86.23,4186626
6613,14,2024-06-06,86.78,87.24,86.29,86.81,6623161
6614,14,2024-06-07,84.45,84.64,83.87,84.3,4104934
6615,14,2024-06-10,82.34,82.84,81.98,82.59,3065171
6616,14,2024-06-11,83.99,84.29,83.74,83.9,7103478
6617,14,2024-06-12,84.38,84.61,84.06,84.47,4395556
6618,14,2024-06-13,84.19,84.49,83.92,84.17,7970510
6619,14,2024-06-14,82.63,82.86,82.42,82.78,5652042
6620,14,2024-06-17,83.09,83.43,82.85,83.05,5054931
6621,14,2024-06-18,81.53,81.64,81.09,81.34,6388415
6622,14,2024-06-19,80.06,80.23,79.68,80.21,1547694
6623,14,2024-06-20,76.51,76.71,76.44,76.7,7000404
6624,14,2024-06-21,78.52,78.7,78.48,78.68,5722232
6625,14,2024-06-24,81.42,81.99,80.98,81.59,1313706
6626,14,2024-06-25,81.33,82.01,81.2,81.58,660891
6627,14,2024-06-26,80.29,80.66,80.14,80.41,1500723
6628,14,2024-06-27,81.78,81.99,81.58,81.91,3077021
6629,14,2024-06-28,81.6,81.75,81.38,81.63,7652739
6630,14,2024-07-01,83.09,83.32,82.86,83.28,4789026
6631,14,2024-07-02,80.94,81.41,80.62,80.96,2961338
6632,14,2024-07-03,80.59,81.05,79.85,80.29,3740196
6633,14,2024-07-04,81.77,82.38,81.42,81.96,4813758
6634,14,2024-07-05,80.41,80.77,80.07,80.28,2377520
6635,14,2024-07-08,78.12,78.79,77.93,78.34,844326
6636,14,2024-07-09,78.53,79.06,78.26,78.77,1331304
6637,14,2024-07-10,79.65,80.3,79.21,79.89,2798891
6638,14,2024-07-11,77.53,77.87,77.45,77.55,1969446
6639,14,2024-07-12,78.32,78.38,78.05,78.29,3214156
6640,14,2024-07-15,75.8,76.48,75.59,76.04,3755803
6641,14,2024-07-16,73.59,73.61,73.01,73.36,529434
6642,14,2024-07-17,72.34,72.75,71.88,72.25,6598926
6643,14,2024-07-18,72.02,72.29,71.49,71.86,6059044
6644,14,2024-07-19,71.75,72.11,71.46,71.54,7663306
6645,14,2024-07-22,70.69,71.24,70.35,70.91,5277062
6646,14,2024-07-23,71.13,71.4,70.7,71.09,5982572
6647,14,2024-07-24,69.29,69.59,68.94,69.11,1871541
6648,14,2024-07-25,70.58,71.01,70.4,70.85,2127996
6649,14,2024-07-26,71.62,71.77,71.12,71.34,2659616
6650,14,2024-07-29,69.6,69.76,69.33,69.47,5551974
6651,14,2024-07-30,70.25,70.68,70.12,70.4,7582997
6652,14,2024-07-31,71.07,71.29,70.89,71.01,5544219
6653,14,2024-08-01,71.63,71.85,71.33,71.41,7610495
6654,14,2024-08-02,70.83,71.21,70.83,71.09,7660721
6655,14,2024-08-05,69.07,69.28,69.04,69.21,4881930
6656,14,2024-08-06,68.11,68.34,67.55,67.87,683326
6657,14,2024-08-07,68.08,68.17,67.84,67.85,5148017
6658,14,2024-08-08,67.95,68.01,67.72,67.97,2267072
6659,14,2024-08-09,67.21,67.27,66.63,66.98,4060363
6660,14,2024-08-12,68.86,69.06,68.63,68.78,2429413
6661,14,2024-08-13,67.56,67.78,67.47,67.59,2903679
6662,14,2024-08-14,68.49,68.53,68.26,68.46,1229930
6663,14,2024-08-15,69.41,70.0,69.31,69.63,2128668
6664,14,2024-08-16,69.0,69.31,68.8,68.85,2496919
6665,14,2024-08-19,68.22,68.45,68.2,68.42,5312512
6666,14,2024-08-20,68.36,68.62,68.01,68.52,5274407
6667,14,2024-08-21,67.17,67.53,66.95,67.18,5097755
6668,14,2024-08-22,66.77,66.98,66.21,66.57,6592671
6669,14,2024-08-23,65.85,66.08,65.32,65.65,5022658
6670,14,2024-08-26,65.85,65.87,65.62,65.8,1339416
6671,14,2024-08-27,65.16,65.43,64.94,65.19,6406342
6672,14,2024-08-28,64.66,65.01,64.63,64.75,2658675
6673,14,2024-08-29,65.5,66.09,65.43,65.71,1829564
6674,14,2024-08-30,68.0,68.28,67.47,67.82,5912334
6675,14,2024-09-02,67.28,67.66,67.18,67.55,3454055
6676,14,2024-09-03,68.26,68.43,67.94,68.06,2076989
6677,14,2024-09-04,69.49,69.66,69.28,69.32,1605156
6678,14,2024-09-05,71.45,71.88,71.04,71.35,5236554
6679,14,2024-09-06,70.79,71.19,70.38,70.55,4251694
6680,14,2024-09-09,70.63,70.92,70.61,70.73,5203999
6681,14,2024-09-10,73.57,73.71,73.11,73.32,922836
6682,14,2024-09-11,71.66,71.74,71.1,71.42,2135355
6683,14,2024-09-12,73.55,73.84,73.22,73.31,7816021
6684,14,2024-09-13,73.39,73.81,73.2,73.48,7680050
6685,14,2024-09-16,76.13,76.43,75.94,76.26,4095756
6686,14,2024-09-17,74.97,75.11,74.73,74.94,708574
6687,14,2024-09-18,74.35,74.45,73.95,74.27,6650340
6688,14,2024-09-19,76.78,77.23,76.42,76.87,3598318
6689,14,2024-09-20,77.89,77.92,77.55,77.69,3581139
6690,14,2024-09-23,76.54,76.78,76.39,76.72,2030097
6691,14,2024-09-24,79.46,79.7,79.21,79.26,5968164
6692,14,2024-09-25,79.11,79.3,78.48,78.8,3192315
6693,14,2024-09-26,79.46,79.61,79.21,79.4,813312
6694,14,2024-09-27,78.3,78.73,77.6,78.03,2214995
6695,14,2024-09-30,78.31,78.79,78.12,78.52,2540355
6696,14,2024-10-01,80.9,81.13,80.9,81.06,1698168
6697,14,2024-10-02,81.62,82.02,81.45,81.89,7383567
6698,14,2024-10-03,81.82,82.23,81.63,81.73,5308805
6699,14,2024-10-04,81.63,81.96,81.56,81.93,3722327
6700,14,2024-10-07,83.37,83.65,82.94,83.56,846788
6701,14,2024-10-08,85.93,86.47,85.85,86.16,621057
6702,14,2024-10-09,87.78,87.97,87.18,87.58,2835479
6703,14,2024-10-10,88.46,89.03,88.26,88.7,1152119
6704,14,2024-10-11,88.89,89.25,88.05,88.55,4758243
6705,14,2024-10-14,90.01,90.79,89.64,90.35,5507110
6706,14,2024-10-15,89.18,89.29,88.93,88.96,4593274
6707,14,2024-10-16,88.11,88.27,87.5,87.76,3934304
6708,14,2024-10-17,87.55,87.58,86.96,87.47,4293348
6709,14,2024-10-18,87.14,87.34,86.64,86.81,4715061
6710,14,2024-10-21,88.38,88.79,88.38,88.43,7758163
6711,14,2024-10-22,87.55,87.69,87.19,87.61,3169857
6712,14,2024-10-23,86.87,87.14,86.53,86.71,1855756
6713,14,2024-10-24,87.17,87.59,86.93,87.13,4741740
6714,14,2024-10-25,85.57,85.68,84.86,85.33,1570650
6715,14,2024-10-28,82.35,82.67,82.2,82.36,6709316
6716,14,2024-10-29,83.27,83.59,82.91,83.32,5837033
6717,14,2024-10-30,82.89,83.12,82.67,82.77,5539805
6718,14,2024-10-31,82.68,83.17,82.25,82.85,7836057
6719,14,2024-11-01,82.08,82.64,81.93,82.17,5966507
6720,14,2024-11-04,82.48,82.83,82.0,82.56,7025666
6721,14,2024-11-05,81.04,81.41,80.64,81.01,5715477
6722,14,2024-11-06,82.46,82.93,81.86,82.16,1770579
6723,14,2024-11-07,84.69,85.14,83.98,84.36,5601356
6724,14,2024-11-08,84.15,84.48,83.49,83.95,3201699
6725,14,2024-11-11,82.32,82.53,82.15,82.19,5504157
6726,14,2024-11-12,81.82,82.38,81.34,81.96,2208935
6727,14,2024-11-13,80.14,80.41,80.06,80.12,4844766
6728,14,2024-11-14,77.24,77.65,76.97,77.43,6533757
6729,14,2024-11-15,75.57,76.19,75.3,75.75,6387869
6730,14,2024-11-18,73.71,73.98,73.27,73.63,1182942
6731,14,2024-11-19,73.48,73.49,73.06,73.23,1218501
6732,14,2024-11-20,72.61,72.69,72.46,72.46,1649672
6733,14,2024-11-21,71.09,71.65,70.98,71.25,6694775
6734,14,2024-11-22,70.67,70.96,70.3,70.59,2683165
6735,14,2024-11-25,72.14,72.59,72.06,72.38,1416449
6736,14,2024-11-26,72.49,72.67,72.35,72.43,6753078
6737,14,2024-11-27,72.69,73.34,72.59,72.97,5473149
6738,14,2024-11-28,74.17,74.48,74.0,74.2,4814713
6739,14,2024-11-29,73.83,74.17,73.58,74.13,7982635
6740,14,2024-12-02,74.1,74.52,73.78,73.95,3070652
6741,14,2024-12-03,75.09,75.51,74.55,74.93,4471993
6742,14,2024-12-04,74.52,74.77,74.14,74.67,7322529
6743,14,2024-12-05,72.98,73.36,72.77,73.23,3765223
6744,14,2024-12-06,73.17,73.6,72.9,73.4,7234319
6745,14,2024-12-09,72.58,72.86,72.16,72.8,7295852
6746,14,2024-12-10,71.5,71.53,71.04,71.31,5425915
6747,14,2024-12-11,71.32,71.56,70.81,71.12,2622741
6748,14,2024-12-12,69.52,69.79,69.33,69.4,2036714
6749,14,2024-12-13,70.68,71.11,70.42,70.95,5826415
6750,14,2024-12-16,72.13,72.62,71.9,72.32,1541242
6751,14,2024-12-17,72.32,72.49,72.04,72.2,5416554
6752,14,2024-12-18,70.6,70.93,70.51,70.86,1240461
6753,14,2024-12-19,69.46,69.8,69.08,69.57,2113288
6754,14,2024-12-20,70.05,70.26,69.82,69.83,6119749
6755,14,2024-12-23,70.92,71.48,70.5,71.14,4012109
6756,14,2024-12-24,72.1,72.33,71.59,71.91,7648137
6757,14,2024-12-25,73.07,73.39,72.69,73.17,6155093
6758,14,2024-12-26,73.18,73.32,73.17,73.22,1783373
6759,14,2024-12-27,72.28,72.64,71.87,72.29,2065367
6760,14,2024-12-30,71.68,71.81,71.19,71.48,3207605
6761,14,2024-12-31,71.98,72.14,71.7,72.11,706014
6762,14,2025-01-01,73.87,74.12,73.63,73.97,4263504
6763,14,2025-01-02,74.86,75.06,74.5,74.6,4224300
6764,14,2025-01-03,75.51,75.86,75.28,75.66,6003774
6765,14,2025-01-06,73.68,73.96,73.21,73.38,5449095
6766,14,2025-01-07,72.71,72.86,72.3,72.52,2914480
6767,14,2025-01-08,72.48,72.55,72.41,72.48,5309306
6768,14,2025-01-09,72.58,72.68,71.98,72.3,4613734
6769,14,2025-01-10,71.74,72.13,71.57,71.63,3207548
6770,14,2025-01-13,71.11,71.41,70.76,71.34,2417141
6771,14,2025-01-14,70.43,70.51,70.05,70.49,4974034
6772,14,2025-01-15,70.82,70.98,70.8,70.9,2860985
6773,14,2025-01-16,72.48,72.6,71.94,72.35,6514790
6774,14,2025-01-17,73.14,73.34,72.71,73.01,2536373
6775,14,2025-01-20,71.38,71.6,71.16,71.41,3541542
6776,14,2025-01-21,73.32,73.79,73.25,73.5,7664949
6777,14,2025-01-22,74.21,74.53,74.2,74.24,5260399
6778,14,2025-01-23,71.57,71.6,71.44,71.54,7869973
6779,14,2025-01-24,69.91,69.95,69.36,69.68,6833869
6780,14,2025-01-27,69.61,69.75,69.26,69.43,6467962
6781,14,2025-01-28,68.43,68.67,68.07,68.21,2509807
6782,14,2025-01-29,68.99,69.06,68.79,69.05,4761832
6783,14,2025-01-30,69.31,69.45,68.94,69.42,7025012
6784,14,2025-01-31,67.93,68.27,67.88,67.95,1644278
6785,14,2025-02-03,68.09,68.23,67.88,67.98,3890871
6786,14,2025-02-04,68.3,68.48,67.82,68.09,2919464
6787,14,2025-02-05,68.44,68.58,68.13,68.37,5672903
6788,14,2025-02-06,69.11,69.33,68.86,69.09,6378801
6789,14,2025-02-07,67.86,68.23,67.79,68.04,5057629
6790,14,2025-02-10,69.52,69.61,68.97,69.27,5754404
6791,14,2025-02-11,70.59,71.16,70.58,70.78,6616830
6792,14,2025-02-12,69.38,69.73,69.1,69.52,1965861
6793,14,2025-02-13,68.33,68.44,68.06,68.18,1514863
6794,14,2025-02-14,67.12,67.38,67.02,67.14,5921273
6795,14,2025-02-17,65.36,65.65,65.33,65.56,5997820
6796,14,2025-02-18,66.74,66.96,66.67,66.78,7784112
6797,14,2025-02-19,65.84,65.93,65.5,65.59,2838033
6798,14,2025-02-20,65.52,65.94,65.46,65.78,6890747
6799,14,2025-02-21,64.93,65.07,64.83,65.05,7081455
6800,14,2025-02-24,65.28,65.65,65.21,65.5,7116791
6801,14,2025-02-25,66.5,66.59,66.24,66.31,7015567
6802,14,2025-02-26,66.25,66.33,66.14,66.22,3233278
6803,14,2025-02-27,67.19,67.59,67.14,67.26,7308200
6804,14,2025-02-28,67.56,67.68,67.37,67.48,2678678
6805,14,2025-03-03,67.78,67.91,67.55,67.8,2697708
6806,14,2025-03-04,68.27,68.46,68.11,68.23,6239819
6807,14,2025-03-05,69.86,69.94,69.48,69.74,2751911
6808,14,2025-03-06,70.45,70.64,70.3,70.6,1710650
6809,14,2025-03-07,73.54,73.93,73.26,73.59,1802281
6810,14,2025-03-10,76.06,76.39,75.98,76.22,4971739
6811,14,2025-03-11,74.42,74.89,74.27,74.56,5388606
6812,14,2025-03-12,74.62,74.86,74.33,74.55,6235051
6813,14,2025-03-13,73.71,73.87,73.51,73.87,6571407
6814,14,2025-03-14,73.41,73.98,73.12,73.55,6477031
6815,14,2025-03-17,73.99,74.07,73.46,73.76,2259562
6816,14,2025-03-18,74.83,75.14,74.43,74.93,1786372
6817,14,2025-03-19,74.22,74.8,74.18,74.48,2382455
6818,14,2025-03-20,75.64,76.05,75.24,75.35,4088006
6819,14,2025-03-21,73.48,73.63,73.39,73.55,855843
6820,14,2025-03-24,71.61,71.64,71.31,71.43,3618220
6821,14,2025-03-25,69.39,69.44,69.33,69.34,6567519
6822,14,2025-03-26,70.41,70.58,70.04,70.35,7348510
6823,14,2025-03-27,67.89,68.43,67.86,68.08,7346462
6824,14,2025-03-28,66.38,66.65,66.31,66.32,3036240
6825,14,2025-03-31,63.9,64.05,63.68,64.02,1267814
6826,14,2025-04-01,65.36,65.49,65.1,65.15,7932031
6827,14,2025-04-02,65.7,66.0,65.42,65.49,7871335
6828,14,2025-04-03,65.5,66.04,65.26,65.68,3617179
6829,14,2025-04-04,68.53,68.79,68.23,68.28,1794890
6830,14,2025-04-07,68.22,68.58,68.08,68.19,5765121
6831,14,2025-04-08,67.22,67.65,67.06,67.47,3355450
6832,14,2025-04-09,67.3,67.55,66.85,67.24,4289412
6833,14,2025-04-10,66.98,67.24,66.94,67.21,6786107
6834,14,2025-04-11,67.36,67.71,67.1,67.55,2171284
6835,14,2025-04-14,66.72,67.08,66.51,66.53,7848166
6836,14,2025-04-15,66.65,66.71,66.32,66.6,6822926
6837,14,2025-04-16,66.52,66.7,66.34,66.47,4029034
6838,14,2025-04-17,64.35,64.72,64.0,64.38,5767457
6839,14,2025-04-18,63.63,63.89,63.44,63.76,4810861
6840,14,2025-04-21,63.35,63.58,63.06,63.27,6738622
6841,14,2025-04-22,62.21,62.49,62.17,62.22,3267288
6842,14,2025-04-23,62.92,63.17,62.67,63.07,1275326
6843,14,2025-04-24,64.26,64.48,63.71,64.09,3057501
6844,14,2025-04-25,64.27,64.55,63.77,64.11,4480542
6845,14,2025-04-28,64.37,64.74,64.14,64.31,613087
6846,14,2025-04-29,62.55,62.63,62.38,62.49,4010022
6847,14,2025-04-30,62.68,63.01,62.38,62.69,1153044
6848,14,2025-05-01,62.36,62.68,62.22,62.57,5474642
6849,14,2025-05-02,60.72,60.87,60.71,60.83,6387911
6850,14,2025-05-05,62.59,62.72,62.31,62.42,4262819
6851,14,2025-05-06,63.97,64.26,63.88,64.11,1681081
6852,14,2025-05-07,63.8,64.01,63.5,63.91,6228386
6853,14,2025-05-08,65.16,65.44,64.83,64.99,5613529
6854,14,2025-05-09,64.52,64.89,64.34,64.59,2176317
6855,14,2025-05-12,65.45,65.76,65.15,65.29,7403636
6856,14,2025-05-13,64.4,64.61,64.34,64.58,2982183
6857,14,2025-05-14,65.14,65.43,64.91,65.25,5301669
6858,14,2025-05-15,63.53,63.93,63.41,63.74,1774230
6859,14,2025-05-16,64.67,65.02,64.3,64.54,4719559
6860,14,2025-05-19,65.91,66.3,65.64,65.77,1715813
6861,14,2025-05-20,65.94,66.41,65.56,66.07,4728046
6862,14,2025-05-21,64.54,64.79,64.45,64.77,4377552
6863,14,2025-05-22,64.37,64.7,64.33,64.6,4777625
6864,14,2025-05-23,65.75,66.02,65.69,65.97,4731739
6865,14,2025-05-26,64.64,65.06,64.51,64.79,5803744
6866,14,2025-05-27,67.08,67.62,66.73,67.24,3313370
6867,14,2025-05-28,67.13,67.28,67.08,67.25,3757896
6868,14,2025-05-29,67.86,68.15,67.65,68.04,1555529
6869,14,2025-05-30,67.09,67.38,67.06,67.22,4991137
6870,14,2025-06-02,67.83,67.91,67.76,67.82,1846685
6871,14,2025-06-03,66.94,67.27,66.62,66.89,5686576
6872,14,2025-06-04,67.47,67.76,67.08,67.72,994675
6873,14,2025-06-05,70.07,70.55,69.98,70.13,6712040
6874,14,2025-06-06,71.79,71.89,71.4,71.61,3302784
6875,14,2025-06-09,71.15,71.44,70.81,71.26,3724139
6876,14,2025-06-10,73.07,73.37,72.7,72.98,7385227
6877,14,2025-06-11,74.41,74.43,74.31,74.38,7313786
6878,14,2025-06-12,74.96,75.36,74.78,75.25,5936501
6879,14,2025-06-13,75.25,75.6,74.78,74.98,6899837
6880,14,2025-06-16,73.36,73.87,73.19,73.45,3178103
6881,14,2025-06-17,72.57,72.94,72.15,72.83,1331200
6882,14,2025-06-18,74.65,75.14,74.54,74.75,3186711
6883,14,2025-06-19,74.94,75.0,74.42,74.7,4806487
6884,14,2025-06-20,73.89,74.07,73.87,73.97,5137016
6885,14,2025-06-23,73.82,74.26,73.43,73.97,2043312
6886,14,2025-06-24,73.1,73.54,72.86,73.0,5411189
6887,14,2025-06-25,71.76,72.05,71.6,72.04,630229
6888,14,2025-06-26,74.01,74.58,74.0,74.22,3800122
6889,14,2025-06-27,74.25,74.58,73.82,73.95,6612248
6890,14,2025-06-30,72.66,72.75,72.26,72.68,7283519
6891,14,2025-07-01,71.91,72.22,71.52,71.63,1518573
6892,14,2025-07-02,72.3,72.67,71.94,72.19,2369361
6893,14,2025-07-03,72.69,72.87,72.48,72.72,1766561
6894,14,2025-07-04,73.57,73.78,73.47,73.77,6482052
6895,14,2025-07-07,75.28,75.67,75.23,75.46,3306795
6896,14,2025-07-08,74.79,75.1,74.35,74.98,4695044
6897,14,2025-07-09,76.8,77.13,76.12,76.56,2751169
6898,14,2025-07-10,75.35,75.78,75.11,75.29,5939213
6899,14,2025-07-11,75.01,75.27,74.74,74.88,6623747
6900,14,2025-07-14,74.58,74.71,74.35,74.48,2385659
6901,14,2025-07-15,74.05,74.07,73.97,74.0,3278009
6902,14,2025-07-16,74.86,75.05,74.47,74.98,6903606
6903,14,2025-07-17,73.17,73.36,72.78,73.25,6405972
6904,14,2025-07-18,72.96,73.17,72.75,72.96,5656200
6905,14,2025-07-21,73.13,73.3,72.61,73.02,6114577
6906,14,2025-07-22,72.34,72.66,72.09,72.27,1574395
6907,14,2025-07-23,71.17,71.48,70.95,71.43,708941
6908,14,2025-07-24,70.57,70.7,70.37,70.41,4126683
6909,14,2025-07-25,69.76,69.87,69.4,69.76,821696
6910,14,2025-07-28,67.08,67.38,66.99,67.21,2735545
6911,14,2025-07-29,66.97,67.45,66.94,67.17,7139318
6912,14,2025-07-30,65.3,65.51,65.23,65.38,3089832
6913,14,2025-07-31,64.24,64.49,64.05,64.13,1441265
6914,14,2025-08-01,62.52,62.67,62.23,62.49,4265924
6915,14,2025-08-04,65.36,65.53,64.92,65.27,4408014
6916,14,2025-08-05,63.68,63.81,63.39,63.68,1323587
6917,14,2025-08-06,62.66,62.69,62.41,62.57,4697584
6918,14,2025-08-07,64.73,64.85,64.67,64.69,2296353
6919,14,2025-08-08,65.43,65.81,65.29,65.56,7119561
6920,14,2025-08-11,65.07,65.44,65.02,65.17,7298843
6921,14,2025-08-12,65.45,65.57,65.4,65.5,7297244
6922,14,2025-08-13,67.43,67.64,67.05,67.2,5052436
6923,14,2025-08-14,68.08,68.35,67.67,67.84,4756312
6924,14,2025-08-15,68.32,68.68,67.9,68.13,6198584
6925,14,2025-08-18,69.44,69.66,69.17,69.41,6704579
6926,14,2025-08-19,68.2,68.61,67.83,68.13,1139559
6927,14,2025-08-20,67.18,67.46,67.16,67.26,5814660
6928,14,2025-08-21,67.64,68.05,67.23,67.7,1853231
6929,14,2025-08-22,66.46,66.79,66.37,66.69,7559685
6930,14,2025-08-25,67.89,68.21,67.65,68.09,5888674
6931,14,2025-08-26,69.49,69.7,69.24,69.66,4780010
6932,14,2025-08-27,69.76,69.93,69.56,69.75,5616309
6933,14,2025-08-28,71.54,71.63,71.27,71.44,3650458
6934,14,2025-08-29,71.42,71.7,71.24,71.62,3112235
6935,14,2025-09-01,69.52,69.79,69.36,69.6,5985579
6936,14,2025-09-02,69.78,70.22,69.65,69.97,986631
6937,14,2025-09-03,71.03,71.33,70.75,70.84,6083694
6938,14,2025-09-04,68.04,68.06,67.73,68.06,2814034
6939,14,2025-09-05,65.83,66.21,65.68,65.94,6111122
6940,14,2025-09-08,65.53,65.89,65.44,65.62,3061554
6941,14,2025-09-09,65.07,65.36,65.06,65.06,2321261
6942,14,2025-09-10,65.64,65.64,65.06,65.39,6927106
6943,14,2025-09-11,64.33,64.67,64.17,64.41,1540552
6944,14,2025-09-12,62.38,62.72,62.03,62.59,7758295
6945,14,2025-09-15,63.77,64.34,63.58,63.98,1089515
6946,14,2025-09-16,62.54,62.77,62.24,62.55,2068234
6947,14,2025-09-17,61.45,61.83,61.11,61.59,2777888
6948,14,2025-09-18,62.19,62.38,62.09,62.35,3606093
6949,14,2025-09-19,63.19,63.31,63.12,63.3,5629013
6950,14,2025-09-22,62.0,62.26,61.69,61.94,5009130
6951,14,2025-09-23,62.11,62.38,61.98,62.25,5663713
6952,14,2025-09-24,62.3,62.34,62.15,62.22,5828703
6953,14,2025-09-25,62.27,62.62,62.05,62.17,3887209
6954,14,2025-09-26,61.33,61.76,61.31,61.53,6546786
6955,14,2025-09-29,61.65,61.9,61.45,61.72,3920609
6956,14,2025-09-30,60.59,61.06,60.31,60.8,2973220
6957,14,2025-10-01,60.19,60.49,60.16,60.29,3166550
6958,14,2025-10-02,62.75,62.97,62.41,62.6,4307588
6959,14,2025-10-03,65.02,65.05,64.76,64.81,4903260
6960,14,2025-10-06,63.1,63.28,62.88,63.13,2345689
6961,14,2025-10-07,62.85,63.08,62.72,62.93,4311079
6962,14,2025-10-08,61.89,62.25,61.39,61.65,6537173
6963,14,2025-10-09,59.93,60.17,59.6,59.86,4726651
6964,14,2025-10-10,61.51,61.83,61.0,61.35,4720423
6965,14,2025-10-13,60.59,60.66,60.15,60.46,6607984
6966,14,2025-10-14,60.21,60.33,59.92,60.1,6565907
6967,14,2025-10-15,59.18,59.27,58.89,59.08,6831807
6968,14,2025-10-16,59.64,59.84,59.36,59.71,7674618
6969,14,2025-10-17,61.37,61.4,61.19,61.33,3100091
6970,14,2025-10-20,60.3,60.51,60.23,60.35,7595672
6971,14,2025-10-21,58.85,59.12,58.4,58.74,6175945
6972,14,2025-10-22,58.18,58.31,58.06,58.06,1377667
6973,14,2025-10-23,58.21,58.23,58.02,58.15,4714405
6974,14,2025-10-24,57.58,57.74,57.57,57.66,4482896
6975,14,2025-10-27,53.95,53.98,53.9,53.97,7267859
6976,14,2025-10-28,53.37,53.67,52.98,53.2,4629354
6977,14,2025-10-29,50.63,51.0,50.46,50.77,3701925
6978,14,2025-10-30,50.17,50.3,49.96,50.03,1729188
6979,14,2025-10-31,51.34,51.7,51.19,51.46,7901952
6980,14,2025-11-03,51.57,51.75,51.57,51.62,5304492
6981,14,2025-11-04,50.15,50.41,50.05,50.21,6541466
6982,14,2025-11-05,49.6,49.86,49.3,49.47,4168389
6983,14,2025-11-06,50.35,50.41,50.14,50.22,3443525
6984,14,2025-11-07,50.47,50.47,50.09,50.38,7959253
6985,14,2025-11-10,50.26,50.42,50.02,50.24,2308151
6986,14,2025-11-11,51.35,51.59,51.13,51.29,4269602
6987,14,2025-11-12,50.8,51.0,50.77,50.94,7757091
6988,14,2025-11-13,50.98,51.11,50.59,50.86,1458349
6989,14,2025-11-14,50.69,50.71,50.68,50.69,2958344
6990,14,2025-11-17,51.68,51.87,51.65,51.86,2704108
6991,14,2025-11-18,52.63,52.87,52.5,52.51,691815
6992,14,2025-11-19,53.32,53.53,52.83,53.14,7439122
6993,14,2025-11-20,52.09,52.17,51.77,51.91,6187072
6994,14,2025-11-21,52.18,52.39,52.02,52.29,2330087
6995,14,2025-11-24,51.31,51.5,51.17,51.18,5032868
6996,14,2025-11-25,51.78,51.98,51.61,51.94,7597365
6997,14,2025-11-26,51.54,51.69,51.25,51.66,3126146
6998,14,2025-11-27,51.77,52.13,51.57,51.93,5410595
6999,14,2025-11-28,51.5,51.7,51.22,51.68,5421616
7000,14,2025-12-01,50.61,50.84,50.52,50.73,6109918
7001,15,2024-01-02,274.15,275.42,273.23,275.12,5160857
7002,15,2024-01-03,277.59,278.57,275.85,277.06,2212019
7003,15,2024-01-04,277.4,278.14,276.61,277.3,4011951
7004,15,2024-01-05,276.91,276.97,275.09,276.13,6735431
7005,15,2024-01-08,278.28,279.77,275.91,277.3,7206827
7006,15,2024-01-09,276.3,277.67,275.65,275.68,2093393
7007,15,2024-01-10,272.45,273.33,271.87,272.34,5518408
7008,15,2024-01-11,269.89,269.93,269.4,269.56,1974146
7009,15,2024-01-12,269.96,270.29,268.8,269.81,5630627
7010,15,2024-01-15,272.24,272.37,271.61,272.35,3364094
7011,15,2024-01-16,269.02,269.64,268.52,269.08,1098836
7012,15,2024-01-17,268.57,269.31,267.24,268.95,1290796
7013,15,2024-01-18,268.8,270.47,268.08,269.76,6816620
7014,15,2024-01-19,268.03,269.0,266.44,268.05,6366762
7015,15,2024-01-22,269.14,270.37,267.5,268.91,943066
7016,15,2024-01-23,266.34,268.63,264.75,267.07,2896923
7017,15,2024-01-24,266.76,267.97,266.46,266.76,5596816
7018,15,2024-01-25,265.94,267.65,265.34,266.98,4166024
7019,15,2024-01-26,265.22,265.64,263.97,264.92,5467926
7020,15,2024-01-29,264.53,265.74,263.34,265.22,3990010
7021,15,2024-01-30,266.06,266.72,264.38,265.9,5735101
7022,15,2024-01-31,266.61,268.67,266.1,267.48,3894556
7023,15,2024-02-01,268.16,269.73,267.21,267.69,6581564
7024,15,2024-02-02,266.95,267.8,264.69,266.26,2923541
7025,15,2024-02-05,266.85,267.77,265.82,265.9,1343764
7026,15,2024-02-06,263.73,265.23,262.48,263.68,1272692
7027,15,2024-02-07,265.67,266.12,265.3,265.72,6984507
7028,15,2024-02-08,266.57,268.21,266.11,267.48,3653448
7029,15,2024-02-09,268.92,270.54,267.52,269.87,7924285
7030,15,2024-02-12,268.78,270.82,268.45,269.84,6014245
7031,15,2024-02-13,272.51,273.82,271.36,273.11,1831080
7032,15,2024-02-14,273.0,273.86,272.29,273.03,2364680
7033,15,2024-02-15,272.06,272.67,270.07,271.19,6905826
7034,15,2024-02-16,269.94,270.88,268.95,269.35,5177509
7035,15,2024-02-19,270.66,271.4,269.53,270.08,2875942
7036,15,2024-02-20,270.39,270.94,268.81,269.57,4478495
7037,15,2024-02-21,269.8,271.35,268.47,270.47,2018973
7038,15,2024-02-22,269.56,270.72,268.47,270.29,7053921
7039,15,2024-02-23,269.94,271.64,268.85,270.78,6296738
7040,15,2024-02-26,271.88,273.0,269.93,271.41,3333752
7041,15,2024-02-27,274.71,275.95,273.38,275.26,7645059
7042,15,2024-02-28,274.78,275.82,273.65,273.69,5633973
7043,15,2024-02-29,270.77,272.07,269.55,270.84,5712981
7044,15,2024-03-01,275.0,275.35,273.36,275.19,1919076
7045,15,2024-03-04,276.17,277.84,275.71,276.89,6289199
7046,15,2024-03-05,279.02,279.32,276.94,278.55,2171901
7047,15,2024-03-06,276.86,278.12,274.63,276.04,1890723
7048,15,2024-03-07,275.38,276.91,273.94,275.95,1210948
7049,15,2024-03-08,274.41,274.8,273.52,274.7,1731399
7050,15,2024-03-11,274.84,275.71,273.23,274.75,2292773
7051,15,2024-03-12,275.67,276.25,274.44,274.81,2022689
7052,15,2024-03-13,275.94,276.78,274.31,275.03,1930880
7053,15,2024-03-14,272.37,275.06,271.43,273.45,6162567
7054,15,2024-03-15,271.61,272.2,270.47,270.63,6712387
7055,15,2024-03-18,268.47,268.62,267.9,268.14,6043585
7056,15,2024-03-19,267.86,268.99,267.58,268.15,4549210
7057,15,2024-03-20,268.93,270.39,268.45,269.38,3399510
7058,15,2024-03-21,269.08,269.92,267.27,268.68,4536992
7059,15,2024-03-22,270.02,270.9,268.98,269.26,4984886
7060,15,2024-03-25,271.72,272.19,270.63,271.39,7063410
7061,15,2024-03-26,271.49,272.11,270.1,271.72,2701350
7062,15,2024-03-27,271.87,273.64,270.66,272.87,7755854
7063,15,2024-03-28,273.98,274.9,272.52,274.56,2836973
7064,15,2024-03-29,275.94,278.31,275.47,276.94,7147078
7065,15,2024-04-01,275.14,275.86,273.2,274.85,2405953
7066,15,2024-04-02,275.26,275.63,273.28,274.93,759270
7067,15,2024-04-03,276.54,276.71,274.87,275.55,6264525
7068,15,2024-04-04,275.26,277.04,273.66,275.42,4431211
7069,15,2024-04-05,273.61,275.78,272.73,274.55,2984680
7070,15,2024-04-08,275.97,277.5,274.14,275.71,1641976
7071,15,2024-04-09,277.59,277.76,277.0,277.0,2841490
7072,15,2024-04-10,275.97,276.19,274.75,276.13,6306030
7073,15,2024-04-11,276.8,277.1,275.51,276.16,545954
7074,15,2024-04-12,273.33,273.54,273.16,273.51,2463850
7075,15,2024-04-15,273.72,274.74,271.51,273.0,5892917
7076,15,2024-04-16,273.0,273.22,271.64,272.15,1044435
7077,15,2024-04-17,273.8,274.71,273.28,273.82,4029787
7078,15,2024-04-18,275.08,276.48,273.89,274.13,1071147
7079,15,2024-04-19,273.15,273.59,270.78,272.25,6306401
7080,15,2024-04-22,275.19,275.76,273.8,275.03,6853532
7081,15,2024-04-23,274.8,277.28,273.67,275.75,6169620
7082,15,2024-04-24,276.14,276.76,275.6,275.88,5459174
7083,15,2024-04-25,278.42,278.47,276.75,277.46,3833799
7084,15,2024-04-26,277.23,278.35,275.68,277.78,5427936
7085,15,2024-04-29,277.24,278.93,275.98,278.17,3176238
7086,15,2024-04-30,276.83,276.94,275.38,276.31,6497305
7087,15,2024-05-01,276.0,276.95,275.18,275.44,6655172
7088,15,2024-05-02,274.48,276.77,273.0,275.19,1041687
7089,15,2024-05-03,275.51,276.94,274.37,275.49,1540187
7090,15,2024-05-06,275.31,276.75,273.65,274.55,1401486
7091,15,2024-05-07,275.15,275.86,275.08,275.3,2957073
7092,15,2024-05-08,272.83,275.01,271.22,273.8,1519032
7093,15,2024-05-09,273.28,274.86,272.89,273.87,2352986
7094,15,2024-05-10,272.73,273.96,271.12,271.72,6064018
7095,15,2024-05-13,272.17,272.65,270.59,272.4,4708653
7096,15,2024-05-14,273.56,274.03,273.47,273.55,7344442
7097,15,2024-05-15,278.49,279.3,277.08,277.74,2426680
7098,15,2024-05-16,276.63,277.61,276.16,276.42,5985067
7099,15,2024-05-17,275.55,276.99,275.51,276.62,3581651
7100,15,2024-05-20,273.44,274.14,272.53,273.98,5415204
7101,15,2024-05-21,274.11,275.63,274.07,275.1,7809479
7102,15,2024-05-22,273.79,274.24,272.14,273.24,6912056
7103,15,2024-05-23,271.49,273.04,270.59,272.52,7334789
7104,15,2024-05-24,271.27,271.62,271.18,271.35,889893
7105,15,2024-05-27,271.55,271.93,271.22,271.39,1037918
7106,15,2024-05-28,271.9,274.26,270.51,272.72,574143
7107,15,2024-05-29,272.95,274.29,272.12,273.18,2577808
7108,15,2024-05-30,275.43,276.09,273.34,274.45,4150725
7109,15,2024-05-31,274.39,275.5,273.77,274.88,536840
7110,15,2024-06-03,275.47,276.93,274.26,276.28,6256153
7111,15,2024-06-04,277.58,278.35,276.65,278.1,4574234
7112,15,2024-06-05,275.11,276.64,274.76,275.79,5295558
7113,15,2024-06-06,274.48,275.6,272.88,273.85,2615294
7114,15,2024-06-07,276.04,277.44,274.76,276.47,1377250
7115,15,2024-06-10,278.81,279.36,276.57,278.2,3301006
7116,15,2024-06-11,278.89,279.61,277.53,278.47,7603612
7117,15,2024-06-12,280.15,280.87,278.94,279.61,4424298
7118,15,2024-06-13,279.13,279.47,277.73,279.22,4651066
7119,15,2024-06-14,279.05,279.75,278.03,279.31,7093905
7120,15,2024-06-17,280.67,281.94,280.26,280.63,2068946
7121,15,2024-06-18,276.82,278.01,275.59,277.4,7118540
7122,15,2024-06-19,274.01,275.09,273.13,274.24,3092944
7123,15,2024-06-20,276.3,277.76,275.08,275.56,6988071
7124,15,2024-06-21,277.44,278.77,276.09,278.35,4166264
7125,15,2024-06-24,277.69,279.29,277.36,278.07,7020712
7126,15,2024-06-25,276.23,277.11,275.77,276.34,4913477
7127,15,2024-06-26,274.61,275.67,273.62,274.79,3234454
7128,15,2024-06-27,274.07,275.67,272.88,273.43,4094561
7129,15,2024-06-28,270.47,272.87,269.4,271.36,6299862
7130,15,2024-07-01,271.57,272.67,271.23,272.11,7227627
7131,15,2024-07-02,269.29,270.78,268.27,269.11,6093636
7132,15,2024-07-03,267.93,268.55,266.85,268.37,7747820
7133,15,2024-07-04,267.09,267.91,266.33,267.57,5850572
7134,15,2024-07-05,268.98,269.87,267.87,269.71,5451770
7135,15,2024-07-08,268.04,269.13,266.71,267.4,7423978
7136,15,2024-07-09,267.56,268.18,266.56,267.37,1857786
7137,15,2024-07-10,265.36,266.33,264.51,266.28,2988602
7138,15,2024-07-11,268.14,269.62,266.41,267.08,7497834
7139,15,2024-07-12,267.47,268.61,267.22,267.84,6739364
7140,15,2024-07-15,268.6,268.84,267.25,268.49,6800497
7141,15,2024-07-16,269.63,270.67,268.64,269.5,3252736
7142,15,2024-07-17,271.52,271.94,269.64,271.19,4868749
7143,15,2024-07-18,270.39,270.86,268.93,270.09,3107560
7144,15,2024-07-19,270.07,271.33,267.59,269.0,1949757
7145,15,2024-07-22,269.57,269.92,267.49,268.94,2024013
7146,15,2024-07-23,268.51,269.1,267.8,268.45,4205142
7147,15,2024-07-24,268.23,269.57,267.28,267.69,5824897
7148,15,2024-07-25,268.54,268.98,267.31,267.8,535834
7149,15,2024-07-26,268.45,269.04,267.77,267.84,2288312
7150,15,2024-07-29,267.4,267.6,265.47,266.63,2842614
7151,15,2024-07-30,268.03,268.81,266.04,266.98,4430409
7152,15,2024-07-31,264.61,266.5,263.81,265.33,7237816
7153,15,2024-08-01,265.3,265.72,264.87,265.39,7961670
7154,15,2024-08-02,264.55,265.46,262.93,264.1,1619014
7155,15,2024-08-05,265.43,266.9,263.92,264.69,1961796
7156,15,2024-08-06,263.98,265.16,262.59,264.16,7938408
7157,15,2024-08-07,260.71,262.02,259.39,260.7,5766848
7158,15,2024-08-08,262.93,264.46,261.63,262.01,5501187
7159,15,2024-08-09,265.71,266.23,263.44,264.99,6086420
7160,15,2024-08-12,262.44,264.21,261.51,263.19,6470711
7161,15,2024-08-13,261.81,263.12,260.69,262.61,515168
7162,15,2024-08-14,261.24,261.98,259.5,260.95,5754800
7163,15,2024-08-15,260.13,261.43,258.89,260.84,850560
7164,15,2024-08-16,264.12,266.36,263.47,264.92,3476343
7165,15,2024-08-19,263.47,265.09,262.78,263.51,7929594
7166,15,2024-08-20,264.44,265.35,262.52,263.64,5663986
7167,15,2024-08-21,265.56,266.08,264.39,265.05,6475678
7168,15,2024-08-22,265.69,267.72,264.96,266.13,4771023
7169,15,2024-08-23,265.49,266.74,264.49,265.93,4153105
7170,15,2024-08-26,266.24,266.98,265.56,265.78,6984568
7171,15,2024-08-27,266.08,267.4,265.69,266.84,1038969
7172,15,2024-08-28,265.8,267.39,264.59,265.51,2889254
7173,15,2024-08-29,265.79,265.99,264.31,264.97,6696208
7174,15,2024-08-30,266.34,267.34,264.92,266.59,1681814
7175,15,2024-09-02,265.14,265.31,264.04,265.28,1306245
7176,15,2024-09-03,263.81,264.93,263.32,263.37,6598559
7177,15,2024-09-04,262.48,264.09,261.11,262.99,4034484
7178,15,2024-09-05,262.56,263.63,261.31,263.42,5540112
7179,15,2024-09-06,264.24,265.18,262.7,264.48,2648652
7180,15,2024-09-09,261.22,262.63,260.22,262.26,2582871
7181,15,2024-09-10,261.13,261.78,259.85,260.73,2159409
7182,15,2024-09-11,258.6,259.43,257.1,259.17,6090605
7183,15,2024-09-12,261.08,261.65,259.34,260.73,2298203
7184,15,2024-09-13,260.86,260.91,259.37,259.89,2182635
7185,15,2024-09-16,261.74,263.08,259.91,261.1,7344640
7186,15,2024-09-17,262.31,262.77,261.66,262.18,3292173
7187,15,2024-09-18,260.12,261.12,258.97,261.1,5491956
7188,15,2024-09-19,262.92,262.93,260.39,261.91,1673296
7189,15,2024-09-20,262.16,263.15,260.91,262.38,2669703
7190,15,2024-09-23,261.52,262.61,260.07,262.31,4900092
7191,15,2024-09-24,264.62,265.31,264.25,264.52,7502502
7192,15,2024-09-25,261.18,262.11,259.68,261.05,2348818
7193,15,2024-09-26,261.05,261.57,260.2,260.74,3246533
7194,15,2024-09-27,260.95,262.18,260.03,260.98,6164671
7195,15,2024-09-30,261.31,261.62,259.17,260.55,2378480
7196,15,2024-10-01,258.87,259.32,257.35,259.22,3907568
7197,15,2024-10-02,259.62,261.49,258.79,260.14,649204
7198,15,2024-10-03,261.81,264.29,261.14,262.72,1696277
7199,15,2024-10-04,263.75,264.38,262.12,263.2,1077088
7200,15,2024-10-07,263.7,265.56,262.25,264.45,6275159
7201,15,2024-10-08,263.76,265.62,263.35,264.55,7090596
7202,15,2024-10-09,267.41,268.71,266.59,267.52,7851686
7203,15,2024-10-10,269.27,269.55,267.7,268.86,1042262
7204,15,2024-10-11,269.08,269.52,267.7,268.95,4666673
7205,15,2024-10-14,270.2,271.99,268.66,270.74,4653524
7206,15,2024-10-15,269.75,271.15,268.01,269.18,5999540
7207,15,2024-10-16,269.68,270.07,268.46,269.89,5011054
7208,15,2024-10-17,269.5,270.58,268.12,270.56,2927228
7209,15,2024-10-18,269.33,269.86,267.47,268.53,7919389
7210,15,2024-10-21,267.06,268.23,267.03,268.04,2124727
7211,15,2024-10-22,269.08,269.98,266.83,268.02,5711586
7212,15,2024-10-23,268.58,269.13,266.17,267.74,5826528
7213,15,2024-10-24,267.03,268.09,265.27,266.56,4934816
7214,15,2024-10-25,267.56,268.85,267.39,268.56,2269352
7215,15,2024-10-28,269.95,270.63,269.91,270.13,1528225
7216,15,2024-10-29,271.2,271.46,269.35,270.9,2679591
7217,15,2024-10-30,269.2,269.78,268.38,269.37,1617743
7218,15,2024-10-31,270.59,271.77,269.27,270.19,6979625
7219,15,2024-11-01,269.41,270.81,268.4,269.5,6676883
7220,15,2024-11-04,270.76,271.19,268.68,270.14,5932854
7221,15,2024-11-05,267.42,269.04,267.18,267.66,2335185
7222,15,2024-11-06,265.02,267.26,263.84,265.92,3270831
7223,15,2024-11-07,267.91,269.31,266.23,267.45,3430573
7224,15,2024-11-08,267.21,268.61,266.39,267.23,1224133
7225,15,2024-11-11,272.01,273.39,271.24,271.74,7453382
7226,15,2024-11-12,272.61,273.84,271.98,272.46,1253202
7227,15,2024-11-13,272.22,273.9,271.06,272.47,4726542
7228,15,2024-11-14,272.61,274.3,272.4,273.0,1453086
7229,15,2024-11-15,272.58,273.79,271.39,273.35,7865625
7230,15,2024-11-18,276.17,276.81,275.1,275.25,1897619
7231,15,2024-11-19,277.07,277.68,274.87,276.26,6344598
7232,15,2024-11-20,276.99,277.54,276.33,277.01,4279890
7233,15,2024-11-21,278.56,279.52,278.03,278.55,7732727
7234,15,2024-11-22,278.78,279.4,277.68,278.74,7441317
7235,15,2024-11-25,280.11,281.06,279.16,280.17,7459070
7236,15,2024-11-26,277.28,278.4,276.56,278.11,3373053
7237,15,2024-11-27,277.09,278.9,276.4,277.38,1565537
7238,15,2024-11-28,278.11,279.35,277.88,278.2,3607385
7239,15,2024-11-29,278.47,278.93,278.05,278.54,4493175
7240,15,2024-12-02,281.88,282.91,280.36,281.63,3082906
7241,15,2024-12-03,279.72,281.1,277.67,278.97,745370
7242,15,2024-12-04,284.27,285.61,281.96,283.35,6833021
7243,15,2024-12-05,284.5,285.35,282.53,283.68,700518
7244,15,2024-12-06,282.72,284.06,281.25,283.56,632975
7245,15,2024-12-09,283.78,284.23,283.23,283.61,3235657
7246,15,2024-12-10,280.54,281.35,279.06,281.19,5319037
7247,15,2024-12-11,279.43,280.85,277.84,280.48,6019670
7248,15,2024-12-12,277.51,279.23,276.11,278.34,6113110
7249,15,2024-12-13,281.95,283.45,280.92,281.64,4147642
7250,15,2024-12-16,281.56,282.36,279.92,281.01,1518075
7251,15,2024-12-17,283.78,286.23,283.28,284.74,4634781
7252,15,2024-12-18,286.08,286.5,285.26,286.06,4683568
7253,15,2024-12-19,284.06,284.82,282.53,283.74,6393860
7254,15,2024-12-20,286.25,287.36,285.35,285.67,7498962
7255,15,2024-12-23,286.21,287.63,284.6,286.61,1472538
7256,15,2024-12-24,285.76,286.92,284.45,286.3,4076698
7257,15,2024-12-25,286.04,287.38,285.46,286.61,1736416
7258,15,2024-12-26,283.91,286.18,283.01,284.8,3082062
7259,15,2024-12-27,287.71,288.75,285.99,288.21,2204557
7260,15,2024-12-30,290.24,291.45,289.23,290.53,3471770
7261,15,2024-12-31,291.58,293.1,290.5,290.8,6378280
7262,15,2025-01-01,289.46,290.85,288.37,288.87,2984192
7263,15,2025-01-02,288.14,289.11,287.3,287.93,4272264
7264,15,2025-01-03,285.77,286.54,284.74,285.56,7103450
7265,15,2025-01-06,282.63,283.78,281.58,281.88,3052497
7266,15,2025-01-07,279.21,281.11,278.96,280.03,7800117
7267,15,2025-01-08,280.19,281.39,278.22,279.4,4056506
7268,15,2025-01-09,282.05,282.75,279.38,281.04,5336335
7269,15,2025-01-10,278.2,279.47,277.3,278.16,3758887
7270,15,2025-01-13,278.25,279.49,277.63,277.76,2186188
7271,15,2025-01-14,275.31,276.82,273.69,275.77,4893314
7272,15,2025-01-15,275.26,275.36,273.63,274.81,3014869
7273,15,2025-01-16,274.07,275.65,273.69,273.78,5140795
7274,15,2025-01-17,274.21,275.11,273.27,274.3,1532295
7275,15,2025-01-20,274.1,274.72,272.12,273.48,2690447
7276,15,2025-01-21,272.82,274.37,270.39,271.82,5592247
7277,15,2025-01-22,269.69,270.72,268.27,269.58,6457233
7278,15,2025-01-23,267.53,269.45,266.5,268.56,674310
7279,15,2025-01-24,270.54,272.57,269.46,271.24,4971129
7280,15,2025-01-27,271.59,272.34,271.07,271.82,2925222
7281,15,2025-01-28,271.4,272.63,271.15,271.22,5744635
7282,15,2025-01-29,272.22,273.37,270.94,272.34,7931683
7283,15,2025-01-30,273.27,274.8,271.72,274.36,4361332
7284,15,2025-01-31,274.57,274.91,274.31,274.6,1808715
7285,15,2025-02-03,276.43,278.51,275.29,276.89,7689534
7286,15,2025-02-04,274.02,275.35,273.81,274.19,2730582
7287,15,2025-02-05,272.03,272.59,270.31,271.05,4897427
7288,15,2025-02-06,270.05,271.34,269.76,270.8,2128575
7289,15,2025-02-07,272.76,273.3,270.26,271.8,3974718
7290,15,2025-02-10,271.66,272.77,270.47,271.28,2095069
7291,15,2025-02-11,272.89,275.01,271.63,273.7,4490243
7292,15,2025-02-12,272.08,272.2,271.0,272.12,568063
7293,15,2025-02-13,271.85,272.27,270.87,271.63,4080373
7294,15,2025-02-14,269.88,270.99,269.31,269.6,4325034
7295,15,2025-02-17,272.23,273.85,270.31,271.28,4110269
7296,15,2025-02-18,270.37,271.53,268.93,270.88,7845104
7297,15,2025-02-19,269.81,270.57,268.16,269.44,7234425
7298,15,2025-02-20,268.9,269.64,267.15,268.36,1777087
7299,15,2025-02-21,268.44,269.66,268.04,268.6,7921770
7300,15,2025-02-24,266.18,267.39,264.97,267.14,3401430
7301,15,2025-02-25,270.5,271.01,269.91,270.78,4490141
7302,15,2025-02-26,271.09,272.54,269.8,270.6,2901319
7303,15,2025-02-27,275.52,276.75,273.86,274.95,1818931
7304,15,2025-02-28,275.73,276.8,274.82,275.31,3959387
7305,15,2025-03-03,272.17,273.47,270.64,272.36,1875604
7306,15,2025-03-04,274.77,275.46,273.62,275.03,6415063
7307,15,2025-03-05,276.53,276.71,274.63,275.58,1820410
7308,15,2025-03-06,278.29,279.03,276.61,277.27,2735848
7309,15,2025-03-07,276.88,278.44,275.83,277.91,6776296
7310,15,2025-03-10,281.04,282.96,280.68,281.28,623824
7311,15,2025-03-11,279.91,282.26,278.58,280.7,903626
7312,15,2025-03-12,280.26,280.91,279.76,279.86,4328132
7313,15,2025-03-13,283.61,285.05,282.82,282.91,2753449
7314,15,2025-03-14,280.7,280.88,279.44,279.78,5405269
7315,15,2025-03-17,279.51,281.76,278.29,280.19,6114685
7316,15,2025-03-18,277.83,278.88,275.73,276.73,3236678
7317,15,2025-03-19,279.68,280.96,277.82,278.81,4855587
7318,15,2025-03-20,282.18,282.92,281.28,282.08,958918
7319,15,2025-03-21,281.04,282.33,280.05,280.85,7892684
7320,15,2025-03-24,282.92,284.48,281.83,282.48,6241839
7321,15,2025-03-25,284.38,284.69,282.52,283.92,4086936
7322,15,2025-03-26,282.33,283.57,281.91,283.35,6319477
7323,15,2025-03-27,283.12,284.83,282.79,283.96,6615281
7324,15,2025-03-28,282.81,283.26,282.39,282.99,6183834
7325,15,2025-03-31,283.53,284.67,282.35,283.84,6063871
7326,15,2025-04-01,283.87,284.76,282.46,282.76,5190529
7327,15,2025-04-02,280.59,281.61,280.44,280.92,3767999
7328,15,2025-04-03,284.01,284.63,281.96,282.91,1673832
7329,15,2025-04-04,284.15,285.33,282.73,283.28,4176846
7330,15,2025-04-07,283.88,286.65,283.13,284.96,543065
7331,15,2025-04-08,283.68,285.16,283.28,283.58,7462897
7332,15,2025-04-09,281.8,282.4,280.89,281.13,6903963
7333,15,2025-04-10,278.97,280.75,278.39,279.25,7290876
7334,15,2025-04-11,279.33,279.83,277.41,278.99,3579038
7335,15,2025-04-14,277.39,278.08,276.26,277.39,2907191
7336,15,2025-04-15,274.58,274.93,273.72,274.68,1270312
7337,15,2025-04-16,280.12,281.72,277.79,279.01,869602
7338,15,2025-04-17,279.45,281.02,278.54,279.35,3523409
7339,15,2025-04-18,277.63,278.01,276.5,277.97,4572024
7340,15,2025-04-21,282.0,282.55,281.65,281.67,511313
7341,15,2025-04-22,283.93,284.64,282.51,283.52,6527867
7342,15,2025-04-23,281.82,283.21,281.69,282.37,2091090
7343,15,2025-04-24,279.69,280.41,279.26,279.58,3380728
7344,15,2025-04-25,279.39,280.04,278.54,279.09,7520169
7345,15,2025-04-28,279.35,280.72,278.66,279.48,2216531
7346,15,2025-04-29,283.65,284.63,281.17,282.63,1671627
7347,15,2025-04-30,285.38,285.67,284.23,284.42,7436523
7348,15,2025-05-01,282.19,282.84,281.37,282.54,2050520
7349,15,2025-05-02,283.63,284.65,283.08,284.11,1734420
7350,15,2025-05-05,283.1,283.12,281.33,282.87,529286
7351,15,2025-05-06,279.09,280.96,277.57,280.16,4727544
7352,15,2025-05-07,279.94,280.83,279.35,280.7,4906236
7353,15,2025-05-08,276.18,276.4,275.3,276.38,6061122
7354,15,2025-05-09,277.42,278.02,276.5,277.83,3793127
7355,15,2025-05-12,275.95,277.26,275.61,276.54,3809152
7356,15,2025-05-13,281.03,281.62,280.21,280.96,2745791
7357,15,2025-05-14,280.65,282.1,280.04,281.0,1373513
7358,15,2025-05-15,277.65,279.57,276.76,278.52,7693923
7359,15,2025-05-16,278.55,279.21,276.8,278.33,2323687
7360,15,2025-05-19,281.5,281.81,280.55,281.35,4081037
7361,15,2025-05-20,280.51,280.64,279.82,280.19,2556237
7362,15,2025-05-21,280.29,281.02,278.78,280.4,1045309
7363,15,2025-05-22,282.9,284.18,280.52,281.93,4018062
7364,15,2025-05-23,279.88,281.16,278.76,280.16,6862578
7365,15,2025-05-26,281.44,281.5,279.42,280.73,7386085
7366,15,2025-05-27,283.09,283.51,282.6,283.49,6045790
7367,15,2025-05-28,282.14,282.62,281.48,282.02,4754563
7368,15,2025-05-29,282.89,283.36,281.15,282.72,2678374
7369,15,2025-05-30,285.39,285.56,284.32,284.55,5075507
7370,15,2025-06-02,285.82,287.91,285.72,286.4,7842539
7371,15,2025-06-03,285.13,286.78,283.63,285.42,3263205
7372,15,2025-06-04,287.21,287.75,284.64,286.19,4889890
7373,15,2025-06-05,285.24,285.51,283.8,284.11,5779444
7374,15,2025-06-06,283.83,285.39,282.72,283.61,4701051
7375,15,2025-06-09,283.75,284.93,282.81,283.82,6337006
7376,15,2025-06-10,283.04,284.71,281.6,282.39,7545869
7377,15,2025-06-11,282.43,282.87,281.34,282.5,4366035
7378,15,2025-06-12,284.25,285.58,283.6,284.83,704189
7379,15,2025-06-13,282.68,284.06,281.1,282.68,7820616
7380,15,2025-06-16,283.42,284.71,281.6,282.77,2692522
7381,15,2025-06-17,285.21,285.58,284.52,285.34,7588658
7382,15,2025-06-18,286.25,287.5,283.69,285.35,6053125
7383,15,2025-06-19,285.16,285.69,284.85,285.3,7621792
7384,15,2025-06-20,284.86,285.33,283.98,285.08,3092237
7385,15,2025-06-23,285.2,286.35,283.66,284.92,3690162
7386,15,2025-06-24,284.34,285.98,283.79,285.2,4880402
7387,15,2025-06-25,288.61,289.37,287.1,287.58,5281319
7388,15,2025-06-26,284.12,285.34,282.99,284.0,6847455
7389,15,2025-06-27,282.76,283.9,281.16,281.68,4211331
7390,15,2025-06-30,281.4,282.69,279.76,280.92,6548104
7391,15,2025-07-01,278.81,280.22,278.57,279.17,4411802
7392,15,2025-07-02,282.15,283.75,281.26,281.32,3900790
7393,15,2025-07-03,280.33,281.59,280.25,281.27,5045073
7394,15,2025-07-04,280.88,281.1,280.66,280.99,1300679
7395,15,2025-07-07,279.99,280.15,278.43,280.11,4126288
7396,15,2025-07-08,281.99,283.57,280.61,280.99,4768717
7397,15,2025-07-09,281.32,283.86,280.1,282.2,1779868
7398,15,2025-07-10,278.67,280.39,277.87,279.6,518917
7399,15,2025-07-11,281.76,283.16,280.72,281.61,4480211
7400,15,2025-07-14,278.95,280.93,277.8,279.99,4263948
7401,15,2025-07-15,282.79,283.67,281.61,281.82,3822840
7402,15,2025-07-16,280.97,282.31,280.4,281.64,3603225
7403,15,2025-07-17,283.18,285.06,282.22,283.47,3866767
7404,15,2025-07-18,282.19,284.33,280.86,282.77,2679579
7405,15,2025-07-21,283.96,285.05,281.89,283.4,4110431
7406,15,2025-07-22,282.46,283.05,282.08,282.1,793244
7407,15,2025-07-23,281.24,282.34,279.44,280.68,4610919
7408,15,2025-07-24,282.45,284.44,281.91,283.53,2940000
7409,15,2025-07-25,282.46,282.99,281.85,282.49,4044731
7410,15,2025-07-28,282.15,283.84,281.89,282.94,7558997
7411,15,2025-07-29,284.11,285.75,282.85,284.4,7522395
7412,15,2025-07-30,284.17,285.04,283.48,284.62,603329
7413,15,2025-07-31,284.25,284.44,283.25,283.84,3250430
7414,15,2025-08-01,282.06,283.07,281.67,282.33,2633995
7415,15,2025-08-04,282.24,282.31,281.82,281.89,6719448
7416,15,2025-08-05,279.85,280.72,278.25,280.21,4652981
7417,15,2025-08-06,280.74,283.3,279.78,281.82,5613282
7418,15,2025-08-07,284.67,285.32,282.66,283.7,2808129
7419,15,2025-08-08,283.52,285.05,282.0,283.86,6682947
7420,15,2025-08-11,286.78,288.36,285.38,285.76,5415616
7421,15,2025-08-12,285.65,286.37,285.37,286.13,3221149
7422,15,2025-08-13,287.99,289.58,287.2,287.37,787861
7423,15,2025-08-14,286.28,288.6,285.77,287.28,5321167
7424,15,2025-08-15,285.38,286.57,284.29,286.1,6375709
7425,15,2025-08-18,284.11,284.76,283.08,284.34,6278106
7426,15,2025-08-19,282.97,283.41,282.09,282.45,7303862
7427,15,2025-08-20,282.9,284.38,281.21,282.44,7008349
7428,15,2025-08-21,282.3,283.55,281.36,282.2,1742875
7429,15,2025-08-22,282.12,282.75,280.45,281.69,881972
7430,15,2025-08-25,283.26,284.87,282.72,283.08,4233622
7431,15,2025-08-26,286.48,288.01,283.75,285.41,7694352
7432,15,2025-08-27,286.63,286.8,284.16,285.69,2223670
7433,15,2025-08-28,285.0,286.16,283.82,284.76,3236257
7434,15,2025-08-29,282.91,284.25,282.47,283.82,3566403
7435,15,2025-09-01,284.91,285.79,284.32,285.53,3662777
7436,15,2025-09-02,284.7,286.24,283.85,285.55,3459966
7437,15,2025-09-03,286.34,287.87,285.15,285.76,4236286
7438,15,2025-09-04,285.38,286.38,284.29,284.82,2600734
7439,15,2025-09-05,285.63,286.49,284.14,285.48,1397997
7440,15,2025-09-08,286.62,287.74,285.54,285.7,3026386
7441,15,2025-09-09,280.74,282.26,280.1,281.79,7578044
7442,15,2025-09-10,281.02,283.37,279.72,281.96,3858479
7443,15,2025-09-11,284.03,284.48,283.07,283.25,1890163
7444,15,2025-09-12,281.86,284.04,280.7,282.4,4251690
7445,15,2025-09-15,281.59,282.83,280.45,280.93,7895180
7446,15,2025-09-16,278.77,280.42,277.37,279.31,6486211
7447,15,2025-09-17,280.79,281.57,280.2,280.27,4962028
7448,15,2025-09-18,281.09,281.85,281.06,281.13,1920130
7449,15,2025-09-19,279.58,280.81,279.03,280.15,1735858
7450,15,2025-09-22,280.79,282.17,278.77,279.9,518230
7451,15,2025-09-23,280.8,281.32,279.97,280.41,6221746
7452,15,2025-09-24,278.67,280.52,277.94,279.18,1429806
7453,15,2025-09-25,278.05,279.01,277.91,278.44,1980927
7454,15,2025-09-26,280.31,281.03,279.34,279.6,1162134
7455,15,2025-09-29,276.6,277.19,275.67,275.79,566703
7456,15,2025-09-30,275.42,275.87,274.83,275.05,7758065
7457,15,2025-10-01,274.49,274.55,273.83,274.54,4558755
7458,15,2025-10-02,275.61,276.45,274.85,275.3,7076108
7459,15,2025-10-03,277.49,278.41,277.24,277.63,1911105
7460,15,2025-10-06,276.07,277.65,275.77,276.5,5137274
7461,15,2025-10-07,273.2,273.61,272.02,272.69,1687680
7462,15,2025-10-08,272.48,273.29,271.81,273.03,3866189
7463,15,2025-10-09,274.15,276.06,273.59,274.6,4299567
7464,15,2025-10-10,273.81,274.02,272.75,273.8,2696725
7465,15,2025-10-13,270.92,271.66,270.14,270.62,5644965
7466,15,2025-10-14,274.57,275.05,272.53,273.53,1954118
7467,15,2025-10-15,274.79,276.59,274.53,275.13,6997495
7468,15,2025-10-16,276.46,277.93,275.28,275.96,2454757
7469,15,2025-10-17,276.63,278.87,276.24,277.73,5368514
7470,15,2025-10-20,274.73,275.79,273.51,273.86,1900441
7471,15,2025-10-21,275.41,276.58,274.18,274.52,1304773
7472,15,2025-10-22,276.03,276.16,275.63,276.14,809231
7473,15,2025-10-23,276.26,277.21,275.17,276.88,6466166
7474,15,2025-10-24,279.74,281.23,279.21,279.37,617931
7475,15,2025-10-27,279.06,279.32,277.65,278.35,4533091
7476,15,2025-10-28,280.06,281.52,278.86,279.23,4463794
7477,15,2025-10-29,278.33,278.94,277.68,278.01,1327614
7478,15,2025-10-30,274.12,276.07,272.65,274.62,4725258
7479,15,2025-10-31,273.95,274.41,273.81,273.98,2881406
7480,15,2025-11-03,274.52,274.55,273.23,273.85,3697302
7481,15,2025-11-04,270.18,271.37,270.08,270.75,3478835
7482,15,2025-11-05,271.79,272.46,269.21,270.82,1809419
7483,15,2025-11-06,272.88,273.94,272.67,272.9,7498250
7484,15,2025-11-07,276.54,276.71,274.24,275.53,7948474
7485,15,2025-11-10,277.96,279.2,276.39,278.13,6322619
7486,15,2025-11-11,281.18,283.16,280.97,281.54,952591
7487,15,2025-11-12,282.28,283.71,279.95,281.45,4223145
7488,15,2025-11-13,282.53,283.2,280.98,282.18,7132061
7489,15,2025-11-14,284.52,285.62,283.95,284.27,7670118
7490,15,2025-11-17,285.28,285.99,284.56,285.2,7854648
7491,15,2025-11-18,286.36,287.32,284.37,285.76,7496416
7492,15,2025-11-19,287.06,288.03,285.42,287.95,4032832
7493,15,2025-11-20,289.83,289.97,288.25,288.73,1982623
7494,15,2025-11-21,289.68,291.88,288.63,290.8,7655375
7495,15,2025-11-24,292.25,293.54,290.76,291.44,3483530
7496,15,2025-11-25,290.54,291.62,290.23,291.61,5389788
7497,15,2025-11-26,292.14,293.7,290.59,291.38,4425767
7498,15,2025-11-27,292.94,293.87,292.55,292.86,2232773
7499,15,2025-11-28,291.73,293.38,290.56,290.83,6385026
7500,15,2025-12-01,290.73,291.65,289.94,291.41,5592511
