transaction_id,company_id,trade_date,transaction_type,quantity,price,asset_class
1,5,2024-01-02,BUY,928,306.03,Equity
2,11,2024-01-02,BUY,4521,119.88,ETF
3,14,2024-01-02,SELL,4018,109.75,Commodity
4,6,2024-01-02,SELL,1932,275.89,Equity
5,9,2024-01-02,SELL,2560,194.24,Equity
6,5,2024-01-02,SELL,4483,305.58,Equity
7,8,2024-01-02,BUY,2218,71.68,Equity
8,4,2024-01-02,SELL,3377,122.73,Equity
9,14,2024-01-02,BUY,3926,109.8,Commodity
10,6,2024-01-02,SELL,149,275.3,Equity
11,15,2024-01-02,SELL,4467,274.7,Currency
12,8,2024-01-02,SELL,326,71.36,Equity
13,12,2024-01-02,SELL,3817,221.22,Bond
14,10,2024-01-02,BUY,1552,49.47,Equity
15,13,2024-01-02,BUY,788,48.44,Commodity
16,2,2024-01-02,BUY,2980,49.36,Equity
17,12,2024-01-02,BUY,2326,220.19,Bond
18,4,2024-01-02,BUY,3080,122.5,Equity
19,10,2024-01-02,SELL,2177,49.44,Equity
20,1,2024-01-02,BUY,2569,271.31,Equity
21,2,2024-01-02,BUY,1720,49.16,Equity
22,1,2024-01-02,SELL,1372,272.25,Equity
23,13,2024-01-02,SELL,456,48.45,Commodity
24,4,2024-01-02,BUY,3186,122.55,Equity
25,3,2024-01-02,SELL,3275,135.99,Equity
26,4,2024-01-02,BUY,968,122.28,Equity
27,5,2024-01-02,BUY,4513,307.23,Equity
28,4,2024-01-02,BUY,73,122.05,Equity
29,2,2024-01-02,SELL,1001,49.24,Equity
30,10,2024-01-02,SELL,2602,49.57,Equity
31,1,2024-01-03,SELL,912,278.1,Equity
32,11,2024-01-03,SELL,246,119.48,ETF
33,10,2024-01-03,BUY,56,49.82,Equity
34,13,2024-01-03,SELL,3393,48.49,Commodity
35,13,2024-01-03,BUY,2943,48.31,Commodity
36,7,2024-01-03,BUY,2998,360.75,Equity
37,2,2024-01-03,SELL,3550,47.71,Equity
38,3,2024-01-03,SELL,906,134.22,Equity
39,1,2024-01-03,BUY,1531,278.44,Equity
40,9,2024-01-03,SELL,3933,190.6,Equity
41,1,2024-01-03,SELL,3403,277.64,Equity
42,7,2024-01-03,BUY,1390,360.1,Equity
43,3,2024-01-03,BUY,3010,134.74,Equity
44,8,2024-01-03,SELL,2365,72.8,Equity
45,5,2024-01-03,BUY,3018,306.29,Equity
46,8,2024-01-03,SELL,1579,72.83,Equity
47,12,2024-01-03,SELL,4050,221.35,Bond
48,11,2024-01-03,SELL,1347,119.36,ETF
49,2,2024-01-03,SELL,4326,47.77,Equity
50,15,2024-01-03,BUY,3295,277.58,Currency
51,9,2024-01-03,BUY,818,190.01,Equity
52,2,2024-01-03,SELL,938,47.66,Equity
53,5,2024-01-03,BUY,2165,305.63,Equity
54,5,2024-01-03,SELL,2994,307.05,Equity
55,7,2024-01-03,SELL,1786,359.62,Equity
56,11,2024-01-03,BUY,3644,119.13,ETF
57,12,2024-01-03,SELL,2170,220.55,Bond
58,15,2024-01-03,BUY,3367,276.9,Currency
59,5,2024-01-04,SELL,448,315.46,Equity
60,8,2024-01-04,BUY,1583,72.65,Equity
61,15,2024-01-04,BUY,753,278.02,Currency
62,7,2024-01-04,BUY,3790,351.59,Equity
63,2,2024-01-04,BUY,311,47.82,Equity
64,11,2024-01-04,BUY,3712,118.25,ETF
65,4,2024-01-04,BUY,4289,122.76,Equity
66,11,2024-01-04,BUY,3737,118.21,ETF
67,4,2024-01-04,SELL,3861,122.72,Equity
68,6,2024-01-04,SELL,2136,264.98,Equity
69,2,2024-01-04,BUY,2608,47.87,Equity
70,3,2024-01-04,SELL,478,133.74,Equity
71,14,2024-01-04,SELL,4539,111.26,Commodity
72,3,2024-01-04,SELL,625,133.27,Equity
73,14,2024-01-04,SELL,1695,110.9,Commodity
74,12,2024-01-04,BUY,2491,222.31,Bond
75,12,2024-01-04,BUY,1010,221.37,Bond
76,8,2024-01-04,SELL,2399,72.83,Equity
77,7,2024-01-04,BUY,2260,353.46,Equity
78,9,2024-01-04,BUY,1049,187.86,Equity
79,14,2024-01-04,BUY,3495,111.31,Commodity
80,15,2024-01-04,SELL,1044,277.7,Currency
81,13,2024-01-04,BUY,3472,48.86,Commodity
82,5,2024-01-04,SELL,459,314.86,Equity
83,13,2024-01-04,SELL,811,48.78,Commodity
84,6,2024-01-04,BUY,1960,265.41,Equity
85,12,2024-01-04,SELL,3212,221.46,Bond
86,2,2024-01-04,SELL,2358,47.91,Equity
87,6,2024-01-04,BUY,1923,265.12,Equity
88,7,2024-01-04,SELL,4765,353.21,Equity
89,7,2024-01-05,BUY,2660,350.4,Equity
90,5,2024-01-05,BUY,797,319.02,Equity
91,4,2024-01-05,SELL,863,124.95,Equity
92,11,2024-01-05,SELL,3493,119.73,ETF
93,13,2024-01-05,BUY,871,49.25,Commodity
94,1,2024-01-05,SELL,4460,281.36,Equity
95,11,2024-01-05,BUY,3971,119.59,ETF
96,10,2024-01-05,SELL,3719,49.68,Equity
97,1,2024-01-05,BUY,4576,281.7,Equity
98,9,2024-01-05,BUY,122,190.02,Equity
99,12,2024-01-05,SELL,2289,220.94,Bond
100,8,2024-01-05,SELL,4092,72.37,Equity
101,5,2024-01-05,BUY,3050,319.58,Equity
102,14,2024-01-05,SELL,2046,107.37,Commodity
103,10,2024-01-05,SELL,292,49.49,Equity
104,7,2024-01-05,SELL,1289,350.8,Equity
105,6,2024-01-05,BUY,636,274.71,Equity
106,14,2024-01-05,SELL,2629,107.12,Commodity
107,1,2024-01-05,BUY,3891,280.38,Equity
108,15,2024-01-05,BUY,4256,275.84,Currency
109,9,2024-01-08,SELL,2210,192.32,Equity
110,12,2024-01-08,SELL,1395,221.79,Bond
111,6,2024-01-08,SELL,276,276.96,Equity
112,8,2024-01-08,BUY,4123,71.19,Equity
113,5,2024-01-08,SELL,1265,320.72,Equity
114,9,2024-01-08,BUY,3259,192.66,Equity
115,12,2024-01-08,BUY,2369,221.14,Bond
116,11,2024-01-08,BUY,750,122.01,ETF
117,14,2024-01-08,SELL,298,105.85,Commodity
118,12,2024-01-08,SELL,1464,222.02,Bond
119,9,2024-01-08,BUY,4192,192.7,Equity
120,12,2024-01-08,BUY,3235,221.7,Bond
121,4,2024-01-08,BUY,1015,125.5,Equity
122,11,2024-01-08,BUY,3781,122.26,ETF
123,6,2024-01-08,BUY,4551,276.22,Equity
124,14,2024-01-08,BUY,1727,105.49,Commodity
125,2,2024-01-08,BUY,2707,49.78,Equity
126,8,2024-01-08,BUY,2846,71.17,Equity
127,12,2024-01-08,BUY,4262,222.17,Bond
128,13,2024-01-08,SELL,1019,47.8,Commodity
129,12,2024-01-08,SELL,961,222.31,Bond
130,5,2024-01-08,BUY,1562,320.5,Equity
131,3,2024-01-08,SELL,4061,132.31,Equity
132,4,2024-01-08,SELL,4039,125.56,Equity
133,8,2024-01-08,SELL,1483,71.55,Equity
134,2,2024-01-08,SELL,1247,49.66,Equity
135,5,2024-01-08,BUY,294,320.81,Equity
136,4,2024-01-08,SELL,2147,125.47,Equity
137,11,2024-01-08,SELL,546,122.03,ETF
138,10,2024-01-08,SELL,1185,48.97,Equity
139,14,2024-01-08,SELL,4651,105.42,Commodity
140,14,2024-01-08,SELL,1863,105.94,Commodity
141,13,2024-01-09,BUY,4717,47.59,Commodity
142,12,2024-01-09,SELL,4059,221.02,Bond
143,12,2024-01-09,BUY,3248,220.61,Bond
144,13,2024-01-09,BUY,4012,47.55,Commodity
145,10,2024-01-09,SELL,3727,48.28,Equity
146,9,2024-01-09,BUY,3469,199.37,Equity
147,13,2024-01-09,BUY,1055,47.65,Commodity
148,2,2024-01-09,BUY,2636,50.6,Equity
149,11,2024-01-09,BUY,1970,123.86,ETF
150,1,2024-01-09,BUY,250,278.4,Equity
151,4,2024-01-09,SELL,373,120.48,Equity
152,5,2024-01-09,SELL,4734,326.46,Equity
153,9,2024-01-09,SELL,858,198.43,Equity
154,3,2024-01-09,BUY,1495,129.08,Equity
155,3,2024-01-09,BUY,4578,129.28,Equity
156,4,2024-01-09,SELL,3897,120.39,Equity
157,13,2024-01-09,SELL,1707,47.65,Commodity
158,14,2024-01-09,BUY,2046,105.82,Commodity
159,9,2024-01-09,SELL,4612,199.27,Equity
160,9,2024-01-09,BUY,3939,198.96,Equity
161,2,2024-01-09,BUY,924,50.7,Equity
162,12,2024-01-09,BUY,1161,220.72,Bond
163,1,2024-01-09,BUY,4892,277.95,Equity
164,2,2024-01-09,SELL,884,50.76,Equity
165,2,2024-01-09,SELL,4461,50.66,Equity
166,12,2024-01-09,BUY,4436,220.22,Bond
167,8,2024-01-09,SELL,3595,70.05,Equity
168,13,2024-01-09,BUY,4464,47.52,Commodity
169,4,2024-01-09,BUY,3658,120.39,Equity
170,5,2024-01-09,SELL,3251,326.24,Equity
171,14,2024-01-09,SELL,2575,105.71,Commodity
172,8,2024-01-09,SELL,134,69.69,Equity
173,15,2024-01-09,BUY,2926,275.39,Currency
174,9,2024-01-09,BUY,1684,199.32,Equity
175,9,2024-01-09,BUY,1028,199.15,Equity
176,1,2024-01-09,BUY,4635,278.69,Equity
177,4,2024-01-09,SELL,484,120.93,Equity
178,3,2024-01-09,SELL,4041,129.28,Equity
179,9,2024-01-09,BUY,2800,198.84,Equity
180,12,2024-01-09,SELL,1805,220.83,Bond
181,7,2024-01-10,SELL,831,355.49,Equity
182,14,2024-01-10,BUY,1782,108.73,Commodity
183,8,2024-01-10,BUY,3133,68.3,Equity
184,11,2024-01-10,SELL,508,123.25,ETF
185,11,2024-01-10,SELL,1756,123.34,ETF
186,4,2024-01-10,BUY,828,120.04,Equity
187,2,2024-01-10,SELL,774,51.76,Equity
188,10,2024-01-10,SELL,2770,49.2,Equity
189,1,2024-01-10,BUY,4024,281.27,Equity
190,2,2024-01-10,BUY,2104,51.67,Equity
191,4,2024-01-10,SELL,4047,120.08,Equity
192,8,2024-01-10,BUY,1770,68.33,Equity
193,11,2024-01-10,BUY,235,123.08,ETF
194,13,2024-01-10,BUY,426,46.75,Commodity
195,5,2024-01-10,SELL,4248,327.33,Equity
196,8,2024-01-10,BUY,800,68.3,Equity
197,14,2024-01-10,SELL,3686,108.88,Commodity
198,5,2024-01-10,BUY,2455,327.93,Equity
199,5,2024-01-10,SELL,2007,327.37,Equity
200,15,2024-01-10,SELL,506,272.78,Currency
201,6,2024-01-10,BUY,4724,282.8,Equity
202,1,2024-01-10,SELL,1802,281.57,Equity
203,15,2024-01-10,SELL,990,271.73,Currency
204,14,2024-01-10,SELL,1311,108.83,Commodity
205,12,2024-01-10,BUY,2841,221.0,Bond
206,14,2024-01-10,BUY,1928,108.45,Commodity
207,12,2024-01-10,SELL,101,221.59,Bond
208,9,2024-01-10,BUY,4666,201.83,Equity
209,13,2024-01-10,SELL,4430,46.74,Commodity
210,15,2024-01-10,SELL,2284,272.05,Currency
211,6,2024-01-10,SELL,4422,283.0,Equity
212,5,2024-01-11,SELL,1529,327.24,Equity
213,6,2024-01-11,SELL,464,280.03,Equity
214,11,2024-01-11,SELL,705,123.76,ETF
215,15,2024-01-11,SELL,2679,269.43,Currency
216,13,2024-01-11,SELL,88,47.82,Commodity
217,3,2024-01-11,BUY,968,128.78,Equity
218,11,2024-01-11,SELL,2598,123.49,ETF
219,10,2024-01-11,BUY,300,48.35,Equity
220,1,2024-01-11,BUY,1845,284.92,Equity
221,14,2024-01-11,BUY,2493,108.95,Commodity
222,6,2024-01-11,BUY,3185,279.54,Equity
223,1,2024-01-11,BUY,2097,284.74,Equity
224,5,2024-01-11,SELL,2953,327.78,Equity
225,5,2024-01-11,BUY,411,327.2,Equity
226,15,2024-01-11,SELL,316,268.79,Currency
227,12,2024-01-11,SELL,2097,221.33,Bond
228,5,2024-01-11,SELL,3164,328.22,Equity
229,4,2024-01-11,SELL,4396,118.62,Equity
230,6,2024-01-11,BUY,2969,279.16,Equity
231,5,2024-01-11,BUY,2320,327.96,Equity
232,3,2024-01-11,SELL,3643,128.54,Equity
233,2,2024-01-11,BUY,4354,52.44,Equity
234,8,2024-01-11,SELL,658,65.68,Equity
235,9,2024-01-11,BUY,1407,201.62,Equity
236,2,2024-01-11,SELL,2900,52.49,Equity
237,11,2024-01-11,SELL,500,123.45,ETF
238,2,2024-01-11,SELL,4647,52.54,Equity
239,1,2024-01-11,SELL,1978,283.59,Equity
240,1,2024-01-11,SELL,588,284.73,Equity
241,5,2024-01-11,BUY,3555,328.52,Equity
242,8,2024-01-11,SELL,3182,65.99,Equity
243,14,2024-01-11,BUY,336,108.83,Commodity
244,15,2024-01-11,BUY,1290,269.88,Currency
245,2,2024-01-11,SELL,3303,52.58,Equity
246,6,2024-01-12,SELL,3088,277.79,Equity
247,9,2024-01-12,SELL,2406,201.74,Equity
248,10,2024-01-12,SELL,2327,47.35,Equity
249,11,2024-01-12,BUY,2068,122.01,ETF
250,2,2024-01-12,BUY,1527,51.94,Equity
251,13,2024-01-12,BUY,731,49.19,Commodity
252,13,2024-01-12,BUY,3646,49.13,Commodity
253,5,2024-01-12,SELL,4049,329.35,Equity
254,10,2024-01-12,BUY,4747,47.38,Equity
255,12,2024-01-12,SELL,4717,221.23,Bond
256,14,2024-01-12,SELL,2462,109.84,Commodity
257,15,2024-01-12,SELL,173,270.44,Currency
258,10,2024-01-12,SELL,3159,47.34,Equity
259,13,2024-01-12,SELL,3329,49.01,Commodity
260,13,2024-01-12,BUY,2379,49.11,Commodity
261,14,2024-01-12,SELL,4598,109.21,Commodity
262,8,2024-01-12,BUY,3929,64.19,Equity
263,11,2024-01-12,SELL,3434,122.1,ETF
264,14,2024-01-12,SELL,1695,109.5,Commodity
265,1,2024-01-12,SELL,2043,287.87,Equity
266,3,2024-01-12,SELL,923,130.51,Equity
267,14,2024-01-12,SELL,1014,109.48,Commodity
268,14,2024-01-12,SELL,2521,109.49,Commodity
269,13,2024-01-12,SELL,3553,49.07,Commodity
270,7,2024-01-12,BUY,678,372.82,Equity
271,4,2024-01-15,SELL,1350,116.54,Equity
272,5,2024-01-15,BUY,2815,333.72,Equity
273,11,2024-01-15,BUY,937,119.74,ETF
274,14,2024-01-15,SELL,136,107.11,Commodity
275,6,2024-01-15,SELL,3675,268.07,Equity
276,2,2024-01-15,BUY,3080,52.52,Equity
277,7,2024-01-15,BUY,4853,373.11,Equity
278,14,2024-01-15,SELL,3982,106.8,Commodity
279,5,2024-01-15,SELL,3658,333.52,Equity
280,8,2024-01-15,BUY,2235,63.79,Equity
281,13,2024-01-15,SELL,3844,48.88,Commodity
282,1,2024-01-15,BUY,3001,296.58,Equity
283,12,2024-01-15,BUY,710,221.64,Bond
284,5,2024-01-15,SELL,2321,332.64,Equity
285,14,2024-01-15,SELL,3764,107.29,Commodity
286,3,2024-01-15,SELL,3200,130.49,Equity
287,4,2024-01-15,SELL,2126,116.93,Equity
288,5,2024-01-15,SELL,2934,333.24,Equity
289,6,2024-01-15,SELL,3207,269.07,Equity
290,13,2024-01-15,SELL,1734,48.67,Commodity
291,6,2024-01-15,SELL,1515,267.56,Equity
292,15,2024-01-15,SELL,226,273.17,Currency
293,15,2024-01-15,SELL,1777,272.81,Currency
294,11,2024-01-15,SELL,1325,119.76,ETF
295,12,2024-01-15,SELL,1081,221.87,Bond
296,12,2024-01-15,BUY,3899,221.68,Bond
297,6,2024-01-15,SELL,503,269.08,Equity
298,9,2024-01-15,SELL,1300,194.18,Equity
299,11,2024-01-15,SELL,3312,119.44,ETF
300,7,2024-01-15,SELL,4436,371.72,Equity
301,11,2024-01-15,BUY,3816,119.73,ETF
302,15,2024-01-15,SELL,2174,272.42,Currency
303,11,2024-01-15,SELL,1620,119.92,ETF
304,1,2024-01-15,BUY,3958,295.88,Equity
305,7,2024-01-15,BUY,3551,372.45,Equity
306,8,2024-01-15,SELL,3835,64.04,Equity
307,5,2024-01-15,BUY,2288,333.55,Equity
308,7,2024-01-15,SELL,4632,373.88,Equity
309,10,2024-01-15,BUY,3201,46.27,Equity
310,10,2024-01-16,SELL,187,46.58,Equity
311,11,2024-01-16,SELL,1432,119.42,ETF
312,3,2024-01-16,SELL,305,129.84,Equity
313,10,2024-01-16,BUY,2866,46.46,Equity
314,8,2024-01-16,BUY,3945,64.16,Equity
315,3,2024-01-16,BUY,448,130.13,Equity
316,1,2024-01-16,BUY,4301,295.17,Equity
317,4,2024-01-16,SELL,4757,115.07,Equity
318,4,2024-01-16,SELL,2464,115.21,Equity
319,14,2024-01-16,SELL,4713,106.3,Commodity
320,3,2024-01-16,SELL,2315,129.84,Equity
321,1,2024-01-16,BUY,3117,296.26,Equity
322,11,2024-01-16,SELL,975,119.26,ETF
323,12,2024-01-16,BUY,4698,221.63,Bond
324,7,2024-01-16,SELL,332,373.11,Equity
325,2,2024-01-16,BUY,4542,52.34,Equity
326,10,2024-01-16,BUY,2165,46.46,Equity
327,6,2024-01-16,SELL,795,271.88,Equity
328,11,2024-01-16,BUY,235,119.75,ETF
329,14,2024-01-16,BUY,4621,106.27,Commodity
330,12,2024-01-16,BUY,3020,221.31,Bond
331,7,2024-01-16,SELL,3554,374.01,Equity
332,5,2024-01-16,BUY,1786,325.57,Equity
333,15,2024-01-16,SELL,1557,269.17,Currency
334,4,2024-01-16,SELL,2936,115.66,Equity
335,11,2024-01-16,SELL,1312,119.55,ETF
336,5,2024-01-16,SELL,1995,325.38,Equity
337,8,2024-01-16,BUY,2520,64.16,Equity
338,11,2024-01-16,SELL,449,119.7,ETF
339,1,2024-01-16,BUY,3684,295.91,Equity
340,3,2024-01-16,BUY,3728,130.21,Equity
341,14,2024-01-16,BUY,3295,105.85,Commodity
342,1,2024-01-16,SELL,2897,295.41,Equity
343,8,2024-01-17,BUY,2286,63.57,Equity
344,11,2024-01-17,SELL,4196,119.19,ETF
345,8,2024-01-17,BUY,3242,63.6,Equity
346,12,2024-01-17,SELL,4002,220.1,Bond
347,4,2024-01-17,SELL,4880,116.0,Equity
348,3,2024-01-17,SELL,3634,126.24,Equity
349,8,2024-01-17,SELL,2116,63.43,Equity
350,9,2024-01-17,SELL,693,195.2,Equity
351,1,2024-01-17,SELL,3118,297.74,Equity
352,14,2024-01-17,BUY,4899,105.4,Commodity
353,10,2024-01-17,SELL,2578,47.14,Equity
354,12,2024-01-17,SELL,831,220.3,Bond
355,8,2024-01-17,BUY,618,63.49,Equity
356,1,2024-01-17,BUY,159,296.99,Equity
357,5,2024-01-17,BUY,75,335.68,Equity
358,2,2024-01-17,BUY,1113,52.25,Equity
359,13,2024-01-17,SELL,2052,48.84,Commodity
360,4,2024-01-17,SELL,470,116.63,Equity
361,3,2024-01-17,SELL,2995,126.44,Equity
362,15,2024-01-17,BUY,2394,269.14,Currency
363,4,2024-01-17,SELL,2613,115.96,Equity
364,10,2024-01-17,BUY,3041,47.15,Equity
365,2,2024-01-17,BUY,258,52.34,Equity
366,12,2024-01-17,SELL,4197,219.72,Bond
367,7,2024-01-17,SELL,1855,377.45,Equity
368,2,2024-01-17,BUY,3918,52.08,Equity
369,1,2024-01-17,BUY,3787,296.97,Equity
370,4,2024-01-17,BUY,3704,116.19,Equity
371,1,2024-01-17,SELL,1920,296.49,Equity
372,2,2024-01-17,SELL,1755,52.21,Equity
373,4,2024-01-17,SELL,372,116.0,Equity
374,15,2024-01-17,BUY,810,269.21,Currency
375,5,2024-01-17,BUY,3399,335.07,Equity
376,10,2024-01-18,BUY,1314,47.15,Equity
377,11,2024-01-18,SELL,137,116.56,ETF
378,7,2024-01-18,BUY,1719,374.92,Equity
379,6,2024-01-18,SELL,4872,268.1,Equity
380,7,2024-01-18,BUY,1411,375.8,Equity
381,6,2024-01-18,BUY,2228,267.82,Equity
382,9,2024-01-18,BUY,2277,197.74,Equity
383,2,2024-01-18,BUY,4573,52.93,Equity
384,1,2024-01-18,BUY,2490,302.25,Equity
385,2,2024-01-18,SELL,1995,52.99,Equity
386,12,2024-01-18,BUY,4697,221.95,Bond
387,10,2024-01-18,SELL,486,47.11,Equity
388,3,2024-01-18,SELL,3337,126.22,Equity
389,4,2024-01-18,SELL,4060,116.09,Equity
390,10,2024-01-18,SELL,3427,46.89,Equity
391,6,2024-01-18,SELL,4125,268.77,Equity
392,6,2024-01-18,SELL,1236,267.93,Equity
393,6,2024-01-18,BUY,2249,267.69,Equity
394,5,2024-01-18,SELL,2147,334.13,Equity
395,7,2024-01-18,SELL,4107,374.68,Equity
396,2,2024-01-18,SELL,2774,52.97,Equity
397,15,2024-01-18,BUY,4255,269.21,Currency
398,13,2024-01-18,SELL,905,50.92,Commodity
399,5,2024-01-18,BUY,3144,332.73,Equity
400,9,2024-01-18,BUY,629,197.43,Equity
401,11,2024-01-18,SELL,2910,116.51,ETF
402,1,2024-01-18,BUY,3299,302.53,Equity
403,9,2024-01-18,SELL,2681,197.81,Equity
404,5,2024-01-18,SELL,2383,332.8,Equity
405,5,2024-01-18,SELL,1135,333.87,Equity
406,15,2024-01-18,SELL,1197,270.16,Currency
407,8,2024-01-18,BUY,4352,64.52,Equity
408,12,2024-01-18,SELL,367,220.78,Bond
409,14,2024-01-18,BUY,1872,104.58,Commodity
410,9,2024-01-18,SELL,1458,197.24,Equity
411,5,2024-01-18,SELL,362,333.21,Equity
412,5,2024-01-18,BUY,3376,334.07,Equity
413,2,2024-01-19,SELL,1237,53.46,Equity
414,15,2024-01-19,BUY,3657,268.82,Currency
415,11,2024-01-19,BUY,3607,116.38,ETF
416,1,2024-01-19,SELL,4391,298.76,Equity
417,5,2024-01-19,BUY,3499,326.78,Equity
418,8,2024-01-19,BUY,1858,64.34,Equity
419,11,2024-01-19,SELL,3216,116.21,ETF
420,2,2024-01-19,BUY,2573,53.26,Equity
421,14,2024-01-19,SELL,694,104.87,Commodity
422,1,2024-01-19,SELL,3552,298.65,Equity
423,12,2024-01-19,SELL,2859,223.4,Bond
424,2,2024-01-19,BUY,54,53.47,Equity
425,15,2024-01-19,SELL,4545,267.65,Currency
426,9,2024-01-19,SELL,3022,199.71,Equity
427,7,2024-01-19,BUY,4347,373.03,Equity
428,15,2024-01-19,SELL,3960,268.53,Currency
429,7,2024-01-19,SELL,4008,371.93,Equity
430,2,2024-01-19,BUY,1458,53.36,Equity
431,4,2024-01-19,SELL,4812,117.24,Equity
432,5,2024-01-19,BUY,97,327.93,Equity
433,10,2024-01-19,BUY,917,45.91,Equity
434,8,2024-01-19,BUY,2988,64.35,Equity
435,9,2024-01-19,BUY,1617,199.78,Equity
436,14,2024-01-19,SELL,2306,105.16,Commodity
437,1,2024-01-19,BUY,1407,299.86,Equity
438,1,2024-01-19,SELL,4867,299.67,Equity
439,5,2024-01-19,SELL,3821,327.3,Equity
440,13,2024-01-19,SELL,4850,51.32,Commodity
441,9,2024-01-19,BUY,752,199.48,Equity
442,13,2024-01-19,BUY,2813,51.33,Commodity
443,13,2024-01-19,BUY,508,51.26,Commodity
444,7,2024-01-19,BUY,129,373.55,Equity
445,9,2024-01-19,BUY,1228,199.7,Equity
446,14,2024-01-19,BUY,582,105.2,Commodity
447,14,2024-01-19,BUY,397,105.13,Commodity
448,7,2024-01-19,BUY,3759,371.77,Equity
449,15,2024-01-22,SELL,2891,269.53,Currency
450,10,2024-01-22,BUY,2615,45.07,Equity
451,8,2024-01-22,SELL,639,64.08,Equity
452,7,2024-01-22,BUY,4700,366.32,Equity
453,13,2024-01-22,SELL,4447,52.05,Commodity
454,15,2024-01-22,BUY,3170,269.48,Currency
455,1,2024-01-22,BUY,2957,305.56,Equity
456,14,2024-01-22,SELL,4216,107.62,Commodity
457,15,2024-01-22,BUY,506,269.1,Currency
458,3,2024-01-22,SELL,2270,130.4,Equity
459,13,2024-01-22,BUY,3182,51.98,Commodity
460,1,2024-01-22,SELL,4590,306.58,Equity
461,8,2024-01-22,BUY,4588,64.1,Equity
462,2,2024-01-22,BUY,2365,54.85,Equity
463,13,2024-01-22,BUY,426,51.98,Commodity
464,7,2024-01-22,SELL,2652,366.62,Equity
465,9,2024-01-22,SELL,1983,199.8,Equity
466,13,2024-01-22,BUY,233,52.02,Commodity
467,5,2024-01-22,SELL,517,327.85,Equity
468,13,2024-01-22,SELL,3402,51.78,Commodity
469,9,2024-01-22,SELL,322,199.24,Equity
470,10,2024-01-22,BUY,3862,45.14,Equity
471,13,2024-01-22,BUY,2341,51.87,Commodity
472,15,2024-01-22,BUY,2589,269.31,Currency
473,14,2024-01-22,BUY,482,107.48,Commodity
474,1,2024-01-22,BUY,4012,306.31,Equity
475,10,2024-01-22,BUY,1319,45.26,Equity
476,7,2024-01-22,SELL,3027,365.68,Equity
477,4,2024-01-22,BUY,401,117.12,Equity
478,11,2024-01-22,BUY,978,117.02,ETF
479,9,2024-01-22,SELL,4031,199.17,Equity
480,4,2024-01-23,BUY,4449,116.99,Equity
481,8,2024-01-23,SELL,209,63.38,Equity
482,9,2024-01-23,BUY,4117,200.4,Equity
483,1,2024-01-23,SELL,1351,305.71,Equity
484,4,2024-01-23,BUY,117,117.05,Equity
485,3,2024-01-23,SELL,607,128.61,Equity
486,6,2024-01-23,BUY,969,257.4,Equity
487,3,2024-01-23,SELL,3844,128.43,Equity
488,13,2024-01-23,SELL,4539,50.74,Commodity
489,11,2024-01-23,SELL,120,117.04,ETF
490,2,2024-01-23,BUY,996,54.91,Equity
491,11,2024-01-23,SELL,729,116.9,ETF
492,6,2024-01-23,BUY,2381,257.26,Equity
493,1,2024-01-23,BUY,4045,305.56,Equity
494,15,2024-01-23,BUY,2261,267.45,Currency
495,6,2024-01-23,BUY,2723,257.77,Equity
496,10,2024-01-23,BUY,1781,43.92,Equity
497,3,2024-01-23,SELL,3345,128.9,Equity
498,3,2024-01-23,SELL,4611,128.81,Equity
499,15,2024-01-23,SELL,3680,266.63,Currency
500,8,2024-01-23,BUY,354,63.45,Equity
501,3,2024-01-23,SELL,1469,129.02,Equity
502,10,2024-01-23,BUY,3085,43.97,Equity
503,6,2024-01-23,SELL,1637,257.74,Equity
504,1,2024-01-23,SELL,673,305.36,Equity
505,14,2024-01-23,BUY,1677,108.15,Commodity
506,10,2024-01-23,SELL,719,43.74,Equity
507,6,2024-01-23,BUY,4658,257.45,Equity
508,7,2024-01-23,SELL,4749,362.63,Equity
509,4,2024-01-23,SELL,2446,116.93,Equity
510,7,2024-01-23,SELL,1607,362.18,Equity
511,5,2024-01-23,SELL,4893,339.17,Equity
512,5,2024-01-23,SELL,3456,338.32,Equity
513,2,2024-01-23,SELL,269,54.87,Equity
514,10,2024-01-23,SELL,901,43.95,Equity
515,12,2024-01-24,BUY,893,222.23,Bond
516,10,2024-01-24,SELL,3375,43.8,Equity
517,4,2024-01-24,BUY,1064,116.7,Equity
518,5,2024-01-24,BUY,1731,343.23,Equity
519,4,2024-01-24,BUY,859,117.02,Equity
520,7,2024-01-24,BUY,1199,362.04,Equity
521,10,2024-01-24,BUY,4070,43.6,Equity
522,1,2024-01-24,BUY,2552,312.35,Equity
523,14,2024-01-24,SELL,3119,108.33,Commodity
524,5,2024-01-24,SELL,338,344.4,Equity
525,11,2024-01-24,BUY,3194,117.85,ETF
526,3,2024-01-24,SELL,2586,128.33,Equity
527,9,2024-01-24,SELL,3504,204.24,Equity
528,9,2024-01-24,BUY,2933,204.25,Equity
529,8,2024-01-24,BUY,4351,63.44,Equity
530,9,2024-01-24,BUY,1658,204.23,Equity
531,14,2024-01-24,BUY,4632,108.35,Commodity
532,2,2024-01-24,BUY,2423,56.1,Equity
533,1,2024-01-24,SELL,2974,312.08,Equity
534,12,2024-01-24,SELL,1145,221.65,Bond
535,10,2024-01-24,SELL,1551,43.7,Equity
536,9,2024-01-24,BUY,4150,204.79,Equity
537,2,2024-01-24,SELL,4470,56.26,Equity
538,7,2024-01-24,BUY,122,362.16,Equity
539,15,2024-01-24,SELL,4140,267.05,Currency
540,9,2024-01-24,BUY,1317,204.59,Equity
541,1,2024-01-24,SELL,1348,312.59,Equity
542,9,2024-01-24,SELL,3101,204.39,Equity
543,15,2024-01-24,BUY,3469,266.83,Currency
544,2,2024-01-24,SELL,4898,55.99,Equity
545,11,2024-01-24,SELL,836,118.29,ETF
546,10,2024-01-24,SELL,4962,43.72,Equity
547,2,2024-01-25,BUY,4577,56.94,Equity
548,4,2024-01-25,SELL,4587,117.47,Equity
549,10,2024-01-25,SELL,2127,44.93,Equity
550,9,2024-01-25,SELL,4523,208.9,Equity
551,14,2024-01-25,SELL,4384,106.71,Commodity
552,5,2024-01-25,SELL,2617,348.79,Equity
553,15,2024-01-25,SELL,1119,266.8,Currency
554,3,2024-01-25,BUY,1783,125.51,Equity
555,9,2024-01-25,BUY,3469,209.06,Equity
556,12,2024-01-25,SELL,2448,222.18,Bond
557,15,2024-01-25,SELL,2497,266.54,Currency
558,1,2024-01-25,SELL,4562,311.81,Equity
559,12,2024-01-25,BUY,3656,222.8,Bond
560,15,2024-01-25,SELL,1985,266.88,Currency
561,3,2024-01-25,SELL,4318,125.85,Equity
562,1,2024-01-25,SELL,667,312.42,Equity
563,6,2024-01-25,SELL,4437,265.22,Equity
564,2,2024-01-25,BUY,3611,56.99,Equity
565,2,2024-01-25,SELL,1378,57.25,Equity
566,2,2024-01-25,SELL,2780,57.05,Equity
567,3,2024-01-25,SELL,3946,125.9,Equity
568,5,2024-01-25,SELL,2027,348.07,Equity
569,2,2024-01-25,SELL,4471,56.97,Equity
570,4,2024-01-25,BUY,2892,117.42,Equity
571,10,2024-01-25,SELL,3356,44.98,Equity
572,1,2024-01-25,SELL,124,313.52,Equity
573,9,2024-01-26,SELL,3294,218.34,Equity
574,1,2024-01-26,BUY,2730,317.29,Equity
575,5,2024-01-26,SELL,3173,352.14,Equity
576,10,2024-01-26,SELL,4196,45.7,Equity
577,14,2024-01-26,SELL,2819,104.32,Commodity
578,6,2024-01-26,SELL,2473,273.94,Equity
579,6,2024-01-26,SELL,3302,274.44,Equity
580,10,2024-01-26,BUY,4700,45.69,Equity
581,8,2024-01-26,BUY,1118,63.74,Equity
582,7,2024-01-26,SELL,2232,362.68,Equity
583,11,2024-01-26,BUY,820,118.78,ETF
584,13,2024-01-26,SELL,863,51.75,Commodity
585,3,2024-01-26,SELL,1921,128.51,Equity
586,11,2024-01-26,BUY,1948,118.99,ETF
587,13,2024-01-26,BUY,4404,51.88,Commodity
588,10,2024-01-26,SELL,1139,45.57,Equity
589,11,2024-01-26,SELL,3476,119.02,ETF
590,12,2024-01-26,SELL,1539,222.79,Bond
591,15,2024-01-26,SELL,721,264.22,Currency
592,6,2024-01-26,SELL,3065,274.52,Equity
593,11,2024-01-26,BUY,4593,119.21,ETF
594,4,2024-01-26,SELL,658,121.41,Equity
595,14,2024-01-26,BUY,3372,104.02,Commodity
596,4,2024-01-26,SELL,43,121.37,Equity
597,1,2024-01-26,BUY,642,316.73,Equity
598,7,2024-01-26,SELL,2347,364.46,Equity
599,11,2024-01-26,BUY,4806,119.12,ETF
600,2,2024-01-26,SELL,4965,56.04,Equity
601,10,2024-01-26,BUY,62,45.54,Equity
602,2,2024-01-26,SELL,3223,55.89,Equity
603,11,2024-01-26,SELL,2540,118.8,ETF
604,5,2024-01-26,BUY,327,351.96,Equity
605,8,2024-01-26,SELL,3287,63.42,Equity
606,12,2024-01-26,SELL,2452,223.19,Bond
607,12,2024-01-29,BUY,44,222.85,Bond
608,6,2024-01-29,BUY,1079,266.25,Equity
609,11,2024-01-29,SELL,1627,118.82,ETF
610,13,2024-01-29,BUY,1303,51.46,Commodity
611,7,2024-01-29,SELL,3285,362.94,Equity
612,2,2024-01-29,BUY,3675,54.97,Equity
613,9,2024-01-29,SELL,548,222.41,Equity
614,14,2024-01-29,SELL,773,103.91,Commodity
615,15,2024-01-29,SELL,17,265.44,Currency
616,6,2024-01-29,BUY,193,266.36,Equity
617,3,2024-01-29,BUY,3765,129.66,Equity
618,15,2024-01-29,SELL,2018,264.92,Currency
619,10,2024-01-29,SELL,3400,45.67,Equity
620,15,2024-01-29,SELL,2927,264.52,Currency
621,6,2024-01-29,BUY,2340,266.51,Equity
622,8,2024-01-29,SELL,661,63.64,Equity
623,7,2024-01-29,BUY,1295,362.81,Equity
624,12,2024-01-29,SELL,1584,222.59,Bond
625,15,2024-01-29,SELL,2822,265.0,Currency
626,11,2024-01-29,SELL,2602,119.19,ETF
627,12,2024-01-29,BUY,496,221.98,Bond
628,2,2024-01-29,SELL,2657,55.01,Equity
629,13,2024-01-29,BUY,1881,51.44,Commodity
630,14,2024-01-29,BUY,3281,104.35,Commodity
631,5,2024-01-29,BUY,177,349.18,Equity
632,4,2024-01-29,BUY,4950,117.04,Equity
633,8,2024-01-29,SELL,2425,63.85,Equity
634,5,2024-01-29,BUY,1876,348.9,Equity
635,3,2024-01-29,SELL,2836,129.42,Equity
636,9,2024-01-29,SELL,4096,222.18,Equity
637,12,2024-01-29,SELL,450,222.03,Bond
638,14,2024-01-29,SELL,3732,103.86,Commodity
639,11,2024-01-29,SELL,2254,119.44,ETF
640,8,2024-01-29,BUY,4187,63.69,Equity
641,13,2024-01-29,SELL,851,51.6,Commodity
642,1,2024-01-29,SELL,3701,321.66,Equity
643,13,2024-01-29,BUY,188,51.44,Commodity
644,10,2024-01-29,SELL,4589,45.65,Equity
645,3,2024-01-29,BUY,4752,129.33,Equity
646,2,2024-01-29,SELL,2137,55.0,Equity
647,9,2024-01-30,BUY,3480,225.13,Equity
648,6,2024-01-30,SELL,422,265.2,Equity
649,14,2024-01-30,BUY,2338,99.52,Commodity
650,2,2024-01-30,BUY,2814,55.07,Equity
651,8,2024-01-30,BUY,2972,63.26,Equity
652,14,2024-01-30,SELL,1882,99.37,Commodity
653,6,2024-01-30,SELL,2879,265.19,Equity
654,11,2024-01-30,BUY,1836,121.73,ETF
655,15,2024-01-30,SELL,2264,265.19,Currency
656,14,2024-01-30,SELL,229,99.52,Commodity
657,1,2024-01-30,SELL,1783,318.19,Equity
658,12,2024-01-30,BUY,4850,221.56,Bond
659,11,2024-01-30,SELL,1965,121.76,ETF
660,8,2024-01-30,SELL,2681,63.21,Equity
661,12,2024-01-30,SELL,1724,222.45,Bond
662,12,2024-01-30,BUY,1288,221.82,Bond
663,2,2024-01-30,BUY,594,54.92,Equity
664,5,2024-01-30,BUY,785,357.97,Equity
665,9,2024-01-30,BUY,2626,225.0,Equity
666,13,2024-01-30,SELL,4545,50.97,Commodity
667,4,2024-01-30,SELL,3743,117.21,Equity
668,1,2024-01-30,SELL,241,318.9,Equity
669,10,2024-01-30,SELL,173,46.16,Equity
670,15,2024-01-30,BUY,3162,266.17,Currency
671,8,2024-01-31,SELL,1478,63.38,Equity
672,12,2024-01-31,BUY,1074,222.28,Bond
673,8,2024-01-31,BUY,37,63.39,Equity
674,8,2024-01-31,BUY,2101,63.31,Equity
675,1,2024-01-31,SELL,4215,327.15,Equity
676,13,2024-01-31,BUY,3622,52.05,Commodity
677,9,2024-01-31,SELL,4062,221.75,Equity
678,3,2024-01-31,BUY,4834,130.6,Equity
679,14,2024-01-31,BUY,3195,99.56,Commodity
680,2,2024-01-31,SELL,2975,55.26,Equity
681,2,2024-01-31,BUY,4162,55.47,Equity
682,8,2024-01-31,BUY,4329,63.09,Equity
683,13,2024-01-31,BUY,4963,51.87,Commodity
684,7,2024-01-31,SELL,867,377.65,Equity
685,12,2024-01-31,SELL,1369,222.36,Bond
686,5,2024-01-31,SELL,4461,359.27,Equity
687,8,2024-01-31,BUY,2968,63.27,Equity
688,12,2024-01-31,BUY,1591,223.0,Bond
689,2,2024-01-31,SELL,4713,55.48,Equity
690,4,2024-01-31,BUY,1756,118.16,Equity
691,14,2024-01-31,SELL,2709,99.76,Commodity
692,15,2024-01-31,BUY,3475,267.88,Currency
693,14,2024-01-31,SELL,3118,99.44,Commodity
694,1,2024-01-31,BUY,932,327.5,Equity
695,13,2024-01-31,BUY,365,51.92,Commodity
696,7,2024-02-01,SELL,4622,388.43,Equity
697,14,2024-02-01,SELL,472,101.46,Commodity
698,6,2024-02-01,BUY,1035,260.14,Equity
699,4,2024-02-01,BUY,3465,118.17,Equity
700,10,2024-02-01,BUY,2720,46.79,Equity
701,15,2024-02-01,SELL,3148,268.47,Currency
702,4,2024-02-01,BUY,4567,118.37,Equity
703,10,2024-02-01,BUY,4089,46.62,Equity
704,14,2024-02-01,SELL,1544,101.1,Commodity
705,15,2024-02-01,SELL,2608,267.2,Currency
706,2,2024-02-01,SELL,1349,57.69,Equity
707,13,2024-02-01,BUY,4425,52.56,Commodity
708,14,2024-02-01,BUY,3651,101.19,Commodity
709,10,2024-02-01,BUY,804,46.63,Equity
710,11,2024-02-01,SELL,2066,126.82,ETF
711,5,2024-02-01,BUY,4873,352.93,Equity
712,7,2024-02-01,SELL,2595,389.85,Equity
713,10,2024-02-01,SELL,1450,46.72,Equity
714,11,2024-02-01,BUY,4539,126.53,ETF
715,10,2024-02-01,BUY,4049,46.67,Equity
716,11,2024-02-01,BUY,2916,126.66,ETF
717,15,2024-02-01,BUY,3401,267.73,Currency
718,1,2024-02-01,SELL,491,340.05,Equity
719,2,2024-02-01,BUY,2873,57.49,Equity
720,15,2024-02-01,BUY,260,268.39,Currency
721,2,2024-02-01,SELL,3720,57.5,Equity
722,1,2024-02-01,SELL,2919,340.58,Equity
723,5,2024-02-01,SELL,3067,352.31,Equity
724,15,2024-02-01,BUY,3353,268.18,Currency
725,12,2024-02-01,SELL,3093,223.99,Bond
726,2,2024-02-01,SELL,457,57.7,Equity
727,4,2024-02-01,SELL,22,118.58,Equity
728,1,2024-02-01,BUY,3222,340.73,Equity
729,6,2024-02-01,SELL,3110,259.75,Equity
730,8,2024-02-01,SELL,3444,63.59,Equity
731,14,2024-02-01,SELL,2981,101.45,Commodity
732,12,2024-02-02,BUY,4826,224.94,Bond
733,8,2024-02-02,SELL,694,64.04,Equity
734,6,2024-02-02,BUY,3558,254.53,Equity
735,10,2024-02-02,BUY,1254,45.82,Equity
736,1,2024-02-02,SELL,3501,342.76,Equity
737,3,2024-02-02,BUY,2554,131.31,Equity
738,11,2024-02-02,BUY,3435,126.29,ETF
739,14,2024-02-02,SELL,2749,98.37,Commodity
740,14,2024-02-02,SELL,1810,98.74,Commodity
741,13,2024-02-02,BUY,2647,52.29,Commodity
742,15,2024-02-02,SELL,1360,266.33,Currency
743,1,2024-02-02,SELL,4336,341.34,Equity
744,15,2024-02-02,SELL,1230,266.39,Currency
745,1,2024-02-02,SELL,922,341.92,Equity
746,1,2024-02-02,SELL,923,342.96,Equity
747,1,2024-02-02,SELL,3271,341.44,Equity
748,10,2024-02-02,BUY,1814,45.87,Equity
749,14,2024-02-02,SELL,482,98.44,Commodity
750,1,2024-02-02,SELL,980,341.44,Equity
751,11,2024-02-02,SELL,3639,126.11,ETF
752,11,2024-02-02,BUY,861,126.1,ETF
753,5,2024-02-02,SELL,3640,354.36,Equity
754,15,2024-02-02,SELL,408,266.34,Currency
755,5,2024-02-02,SELL,577,356.13,Equity
756,3,2024-02-02,BUY,160,131.16,Equity
757,13,2024-02-02,SELL,4442,52.39,Commodity
758,8,2024-02-05,BUY,2106,63.06,Equity
759,8,2024-02-05,SELL,3313,63.14,Equity
760,12,2024-02-05,SELL,4416,223.86,Bond
761,3,2024-02-05,SELL,2087,128.0,Equity
762,3,2024-02-05,BUY,110,127.97,Equity
763,1,2024-02-05,SELL,540,352.59,Equity
764,5,2024-02-05,SELL,2737,362.33,Equity
765,6,2024-02-05,BUY,957,259.66,Equity
766,4,2024-02-05,BUY,3161,119.01,Equity
767,3,2024-02-05,BUY,547,127.94,Equity
768,7,2024-02-05,SELL,4285,408.81,Equity
769,5,2024-02-05,BUY,4398,361.39,Equity
770,9,2024-02-05,BUY,2416,223.16,Equity
771,7,2024-02-05,SELL,4999,408.02,Equity
772,14,2024-02-05,BUY,1975,99.17,Commodity
773,7,2024-02-05,SELL,468,407.84,Equity
774,11,2024-02-05,BUY,1784,124.97,ETF
775,6,2024-02-05,SELL,1941,259.12,Equity
776,9,2024-02-05,BUY,1834,222.31,Equity
777,11,2024-02-05,BUY,2996,124.56,ETF
778,12,2024-02-05,BUY,1986,223.45,Bond
779,10,2024-02-05,BUY,225,45.8,Equity
780,8,2024-02-05,BUY,2499,62.93,Equity
781,5,2024-02-05,SELL,4912,361.61,Equity
782,13,2024-02-05,SELL,4485,52.05,Commodity
783,2,2024-02-05,BUY,2098,57.93,Equity
784,8,2024-02-05,BUY,605,63.01,Equity
785,11,2024-02-05,BUY,3565,125.07,ETF
786,9,2024-02-05,BUY,182,222.99,Equity
787,14,2024-02-05,SELL,419,99.28,Commodity
788,14,2024-02-05,BUY,2397,99.09,Commodity
789,2,2024-02-05,SELL,3505,57.92,Equity
790,7,2024-02-05,BUY,852,407.61,Equity
791,8,2024-02-05,BUY,2289,62.83,Equity
792,1,2024-02-05,SELL,3850,350.8,Equity
793,6,2024-02-06,SELL,4551,256.0,Equity
794,11,2024-02-06,BUY,2098,127.42,ETF
795,8,2024-02-06,SELL,4838,63.3,Equity
796,6,2024-02-06,SELL,1457,256.2,Equity
797,1,2024-02-06,BUY,1898,355.4,Equity
798,2,2024-02-06,SELL,538,57.91,Equity
799,9,2024-02-06,SELL,766,223.26,Equity
800,10,2024-02-06,SELL,1468,46.43,Equity
801,11,2024-02-06,SELL,2498,127.43,ETF
802,8,2024-02-06,SELL,2172,63.18,Equity
803,2,2024-02-06,SELL,4841,57.98,Equity
804,6,2024-02-06,BUY,1493,257.29,Equity
805,2,2024-02-06,BUY,687,57.65,Equity
806,14,2024-02-06,SELL,1913,97.0,Commodity
807,15,2024-02-06,BUY,1197,263.59,Currency
808,13,2024-02-06,SELL,3888,52.4,Commodity
809,6,2024-02-06,SELL,1365,256.41,Equity
810,3,2024-02-06,BUY,2962,128.51,Equity
811,5,2024-02-06,BUY,2289,359.01,Equity
812,13,2024-02-06,BUY,758,52.46,Commodity
813,1,2024-02-07,BUY,998,345.98,Equity
814,14,2024-02-07,SELL,3919,94.85,Commodity
815,5,2024-02-07,BUY,3046,372.09,Equity
816,2,2024-02-07,BUY,4480,57.77,Equity
817,6,2024-02-07,SELL,2045,256.4,Equity
818,15,2024-02-07,BUY,3864,265.5,Currency
819,9,2024-02-07,BUY,4064,230.89,Equity
820,8,2024-02-07,SELL,1376,64.45,Equity
821,3,2024-02-07,BUY,1215,126.67,Equity
822,5,2024-02-07,BUY,796,371.8,Equity
823,10,2024-02-07,SELL,3963,46.78,Equity
824,15,2024-02-07,SELL,2679,266.43,Currency
825,3,2024-02-07,BUY,4030,126.61,Equity
826,4,2024-02-07,SELL,165,114.13,Equity
827,12,2024-02-07,SELL,2678,222.91,Bond
828,12,2024-02-07,BUY,2507,222.93,Bond
829,3,2024-02-07,SELL,351,126.82,Equity
830,11,2024-02-07,BUY,4264,125.74,ETF
831,6,2024-02-07,SELL,4282,256.84,Equity
832,3,2024-02-07,BUY,3711,126.48,Equity
833,7,2024-02-07,BUY,2968,439.05,Equity
834,8,2024-02-07,BUY,3127,64.14,Equity
835,1,2024-02-07,SELL,2894,346.45,Equity
836,14,2024-02-07,BUY,3434,94.7,Commodity
837,4,2024-02-07,BUY,3358,114.8,Equity
838,6,2024-02-07,BUY,530,256.29,Equity
839,4,2024-02-07,BUY,3690,114.63,Equity
840,13,2024-02-07,BUY,2473,52.82,Commodity
841,14,2024-02-07,SELL,3645,94.89,Commodity
842,6,2024-02-07,SELL,4473,256.94,Equity
843,11,2024-02-07,SELL,1742,126.01,ETF
844,2,2024-02-07,BUY,3611,57.85,Equity
845,10,2024-02-07,SELL,74,46.71,Equity
846,14,2024-02-07,SELL,2043,94.9,Commodity
847,9,2024-02-07,BUY,1450,231.53,Equity
848,11,2024-02-07,BUY,3207,126.06,ETF
849,6,2024-02-07,SELL,2989,257.46,Equity
850,13,2024-02-07,SELL,3196,52.67,Commodity
851,5,2024-02-07,SELL,942,370.51,Equity
852,6,2024-02-07,SELL,1277,257.61,Equity
853,1,2024-02-08,BUY,2308,344.54,Equity
854,14,2024-02-08,SELL,2212,96.8,Commodity
855,3,2024-02-08,SELL,1009,125.31,Equity
856,1,2024-02-08,SELL,625,344.1,Equity
857,15,2024-02-08,SELL,373,268.15,Currency
858,7,2024-02-08,BUY,4967,437.57,Equity
859,6,2024-02-08,BUY,312,252.58,Equity
860,11,2024-02-08,BUY,4259,128.71,ETF
861,10,2024-02-08,BUY,588,46.51,Equity
862,10,2024-02-08,SELL,130,46.49,Equity
863,3,2024-02-08,SELL,4162,125.43,Equity
864,8,2024-02-08,BUY,478,63.6,Equity
865,11,2024-02-08,BUY,112,128.43,ETF
866,10,2024-02-08,SELL,3411,46.66,Equity
867,6,2024-02-08,BUY,4771,251.72,Equity
868,5,2024-02-08,BUY,1158,371.95,Equity
869,3,2024-02-08,BUY,4502,125.82,Equity
870,13,2024-02-08,SELL,264,54.46,Commodity
871,2,2024-02-08,BUY,3781,57.12,Equity
872,10,2024-02-08,BUY,1683,46.6,Equity
873,1,2024-02-08,BUY,3401,344.0,Equity
874,9,2024-02-08,SELL,4584,228.63,Equity
875,5,2024-02-08,SELL,2238,371.94,Equity
876,14,2024-02-08,SELL,1110,96.79,Commodity
877,3,2024-02-09,SELL,4059,127.87,Equity
878,14,2024-02-09,SELL,1750,96.06,Commodity
879,13,2024-02-09,BUY,605,55.06,Commodity
880,2,2024-02-09,BUY,2503,56.03,Equity
881,15,2024-02-09,SELL,1981,269.14,Currency
882,10,2024-02-09,SELL,4679,46.8,Equity
883,6,2024-02-09,SELL,4209,255.97,Equity
884,5,2024-02-09,BUY,970,366.56,Equity
885,9,2024-02-09,BUY,548,229.94,Equity
886,14,2024-02-09,SELL,2297,95.83,Commodity
887,10,2024-02-09,BUY,1881,46.56,Equity
888,3,2024-02-09,SELL,2932,127.58,Equity
889,8,2024-02-09,SELL,3185,63.19,Equity
890,1,2024-02-09,BUY,1750,338.93,Equity
891,2,2024-02-09,SELL,4333,55.99,Equity
892,13,2024-02-09,BUY,2536,54.88,Commodity
893,4,2024-02-09,BUY,4056,112.59,Equity
894,9,2024-02-09,BUY,660,229.56,Equity
895,10,2024-02-09,BUY,208,46.65,Equity
896,1,2024-02-09,SELL,963,339.49,Equity
897,3,2024-02-09,SELL,1381,127.78,Equity
898,2,2024-02-09,BUY,89,56.15,Equity
899,4,2024-02-09,BUY,358,112.03,Equity
900,15,2024-02-09,BUY,3775,270.04,Currency
901,14,2024-02-09,BUY,2663,95.6,Commodity
902,7,2024-02-09,BUY,1288,432.93,Equity
903,1,2024-02-12,BUY,1773,347.08,Equity
904,1,2024-02-12,BUY,254,347.47,Equity
905,11,2024-02-12,BUY,4898,132.57,ETF
906,2,2024-02-12,SELL,3189,57.05,Equity
907,2,2024-02-12,BUY,3311,56.85,Equity
908,8,2024-02-12,SELL,1180,61.91,Equity
909,3,2024-02-12,BUY,2322,122.64,Equity
910,12,2024-02-12,BUY,3564,224.19,Bond
911,15,2024-02-12,BUY,2884,269.4,Currency
912,4,2024-02-12,SELL,233,109.76,Equity
913,7,2024-02-12,BUY,3460,442.64,Equity
914,2,2024-02-12,BUY,2568,57.13,Equity
915,10,2024-02-12,SELL,3105,47.23,Equity
916,8,2024-02-12,BUY,300,61.9,Equity
917,6,2024-02-12,BUY,2778,252.58,Equity
918,4,2024-02-12,BUY,250,110.08,Equity
919,8,2024-02-12,BUY,461,61.9,Equity
920,15,2024-02-12,BUY,2413,270.61,Currency
921,8,2024-02-12,SELL,774,61.81,Equity
922,4,2024-02-12,SELL,4655,110.11,Equity
923,7,2024-02-12,SELL,2774,442.92,Equity
924,10,2024-02-12,BUY,1831,47.19,Equity
925,4,2024-02-12,SELL,3946,109.87,Equity
926,4,2024-02-12,BUY,4827,109.9,Equity
927,9,2024-02-12,BUY,105,231.58,Equity
928,9,2024-02-12,SELL,845,232.09,Equity
929,11,2024-02-12,SELL,4008,132.61,ETF
930,2,2024-02-12,SELL,3536,57.02,Equity
931,11,2024-02-12,BUY,2205,132.63,ETF
932,1,2024-02-12,BUY,1854,346.9,Equity
933,13,2024-02-12,SELL,2965,55.15,Commodity
934,11,2024-02-12,SELL,3192,133.01,ETF
935,5,2024-02-12,BUY,490,356.06,Equity
936,2,2024-02-12,BUY,1160,56.91,Equity
937,1,2024-02-12,BUY,3084,347.73,Equity
938,2,2024-02-12,BUY,3335,57.09,Equity
939,14,2024-02-12,BUY,3996,100.28,Commodity
940,1,2024-02-12,SELL,2824,345.95,Equity
941,12,2024-02-12,BUY,3203,224.29,Bond
942,8,2024-02-12,SELL,2912,61.87,Equity
943,7,2024-02-13,BUY,3216,438.19,Equity
944,11,2024-02-13,BUY,4230,129.1,ETF
945,5,2024-02-13,BUY,4958,350.77,Equity
946,6,2024-02-13,SELL,4416,247.87,Equity
947,14,2024-02-13,SELL,1358,100.9,Commodity
948,15,2024-02-13,BUY,2116,273.68,Currency
949,9,2024-02-13,SELL,668,234.93,Equity
950,14,2024-02-13,BUY,3151,101.37,Commodity
951,6,2024-02-13,BUY,2339,247.29,Equity
952,13,2024-02-13,SELL,734,54.32,Commodity
953,13,2024-02-13,BUY,3852,54.27,Commodity
954,15,2024-02-13,SELL,2430,272.84,Currency
955,2,2024-02-13,SELL,2986,56.0,Equity
956,6,2024-02-13,BUY,4596,247.99,Equity
957,1,2024-02-13,BUY,161,348.52,Equity
958,12,2024-02-13,SELL,2508,224.66,Bond
959,6,2024-02-13,SELL,2093,246.77,Equity
960,8,2024-02-13,BUY,4871,62.46,Equity
961,7,2024-02-13,BUY,321,438.99,Equity
962,10,2024-02-13,BUY,4642,49.38,Equity
963,3,2024-02-13,SELL,2659,118.81,Equity
964,9,2024-02-13,BUY,2173,234.67,Equity
965,11,2024-02-13,SELL,3630,128.64,ETF
966,14,2024-02-13,BUY,3437,100.9,Commodity
967,5,2024-02-13,BUY,4040,349.47,Equity
968,7,2024-02-13,BUY,1381,436.94,Equity
969,3,2024-02-13,SELL,2656,119.42,Equity
970,4,2024-02-13,BUY,1551,108.9,Equity
971,8,2024-02-14,SELL,1537,62.73,Equity
972,9,2024-02-14,BUY,4728,233.92,Equity
973,15,2024-02-14,BUY,4038,272.82,Currency
974,11,2024-02-14,BUY,798,128.01,ETF
975,8,2024-02-14,BUY,2885,62.64,Equity
976,5,2024-02-14,BUY,4545,352.35,Equity
977,4,2024-02-14,BUY,1740,106.26,Equity
978,10,2024-02-14,SELL,856,49.3,Equity
979,15,2024-02-14,BUY,4802,272.9,Currency
980,11,2024-02-14,SELL,3565,128.45,ETF
981,3,2024-02-14,BUY,3145,115.81,Equity
982,5,2024-02-14,SELL,3938,352.91,Equity
983,8,2024-02-14,SELL,3142,62.42,Equity
984,15,2024-02-14,BUY,4557,272.64,Currency
985,6,2024-02-14,BUY,646,256.53,Equity
986,15,2024-02-14,SELL,2040,273.51,Currency
987,14,2024-02-14,BUY,2927,101.21,Commodity
988,1,2024-02-14,BUY,4225,356.73,Equity
989,1,2024-02-14,BUY,4277,356.55,Equity
990,6,2024-02-14,BUY,2065,255.9,Equity
991,11,2024-02-14,BUY,2650,128.24,ETF
992,3,2024-02-14,BUY,2026,115.74,Equity
993,13,2024-02-15,SELL,2773,55.01,Commodity
994,2,2024-02-15,BUY,4620,57.67,Equity
995,9,2024-02-15,BUY,2868,228.47,Equity
996,14,2024-02-15,BUY,4963,99.16,Commodity
997,15,2024-02-15,BUY,2785,270.69,Currency
998,7,2024-02-15,SELL,1806,441.22,Equity
999,12,2024-02-15,BUY,444,226.3,Bond
1000,15,2024-02-15,SELL,162,270.55,Currency
1001,7,2024-02-15,SELL,3810,440.96,Equity
1002,10,2024-02-15,BUY,543,50.14,Equity
1003,11,2024-02-15,BUY,152,131.84,ETF
1004,14,2024-02-15,SELL,841,99.05,Commodity
1005,1,2024-02-15,SELL,3983,362.11,Equity
1006,15,2024-02-15,SELL,2863,271.9,Currency
1007,5,2024-02-15,BUY,3585,352.63,Equity
1008,2,2024-02-15,SELL,2035,57.57,Equity
1009,13,2024-02-15,SELL,3866,54.8,Commodity
1010,11,2024-02-15,SELL,2022,131.68,ETF
1011,12,2024-02-15,SELL,3062,226.55,Bond
1012,7,2024-02-15,SELL,4920,441.29,Equity
1013,10,2024-02-15,BUY,4623,50.08,Equity
1014,12,2024-02-15,SELL,1866,226.21,Bond
1015,8,2024-02-15,BUY,1381,61.91,Equity
1016,4,2024-02-15,SELL,361,106.92,Equity
1017,14,2024-02-15,BUY,4687,99.1,Commodity
1018,1,2024-02-15,SELL,3361,362.35,Equity
1019,6,2024-02-15,BUY,2185,253.42,Equity
1020,4,2024-02-15,SELL,1576,106.81,Equity
1021,8,2024-02-15,SELL,4256,61.8,Equity
1022,4,2024-02-15,BUY,4739,107.3,Equity
1023,8,2024-02-15,SELL,4493,61.59,Equity
1024,11,2024-02-15,SELL,283,132.32,ETF
1025,13,2024-02-15,BUY,4786,54.77,Commodity
1026,13,2024-02-15,BUY,1321,54.96,Commodity
1027,3,2024-02-15,BUY,3514,114.76,Equity
1028,8,2024-02-15,SELL,1771,61.73,Equity
1029,9,2024-02-15,BUY,561,228.51,Equity
1030,9,2024-02-16,SELL,1589,228.57,Equity
1031,4,2024-02-16,SELL,3954,106.6,Equity
1032,13,2024-02-16,SELL,4610,55.21,Commodity
1033,2,2024-02-16,BUY,900,57.27,Equity
1034,5,2024-02-16,SELL,3137,355.63,Equity
1035,3,2024-02-16,BUY,3657,116.23,Equity
1036,8,2024-02-16,SELL,1885,60.75,Equity
1037,5,2024-02-16,BUY,2308,355.42,Equity
1038,6,2024-02-16,SELL,3430,259.71,Equity
1039,8,2024-02-16,BUY,536,60.73,Equity
1040,13,2024-02-16,SELL,4203,55.34,Commodity
1041,10,2024-02-16,BUY,3323,50.88,Equity
1042,8,2024-02-16,BUY,123,60.69,Equity
1043,11,2024-02-16,SELL,1841,131.81,ETF
1044,1,2024-02-16,BUY,2452,366.71,Equity
1045,6,2024-02-16,SELL,4164,259.5,Equity
1046,15,2024-02-16,BUY,3324,269.15,Currency
1047,7,2024-02-16,BUY,4262,431.08,Equity
1048,1,2024-02-16,SELL,571,366.63,Equity
1049,10,2024-02-16,BUY,1073,50.84,Equity
1050,7,2024-02-16,BUY,4562,431.07,Equity
1051,3,2024-02-16,SELL,547,116.42,Equity
1052,12,2024-02-19,SELL,288,227.93,Bond
1053,13,2024-02-19,SELL,1792,55.04,Commodity
1054,7,2024-02-19,BUY,650,432.17,Equity
1055,4,2024-02-19,BUY,4239,108.74,Equity
1056,8,2024-02-19,BUY,1252,62.52,Equity
1057,4,2024-02-19,BUY,2512,108.9,Equity
1058,11,2024-02-19,BUY,36,133.7,ETF
1059,11,2024-02-19,BUY,2280,133.53,ETF
1060,11,2024-02-19,BUY,3301,133.31,ETF
1061,7,2024-02-19,SELL,4766,431.97,Equity
1062,8,2024-02-19,BUY,4604,62.56,Equity
1063,7,2024-02-19,BUY,1676,433.77,Equity
1064,15,2024-02-19,SELL,1087,270.71,Currency
1065,3,2024-02-19,SELL,4584,113.98,Equity
1066,2,2024-02-19,SELL,2839,59.16,Equity
1067,11,2024-02-19,BUY,3000,133.63,ETF
1068,9,2024-02-19,BUY,289,227.62,Equity
1069,2,2024-02-19,BUY,3266,59.02,Equity
1070,7,2024-02-19,BUY,1963,432.13,Equity
1071,5,2024-02-19,BUY,3889,358.46,Equity
1072,8,2024-02-19,SELL,119,62.36,Equity
1073,8,2024-02-19,SELL,4907,62.68,Equity
1074,8,2024-02-19,BUY,3398,62.64,Equity
1075,11,2024-02-19,SELL,4357,133.49,ETF
1076,1,2024-02-19,SELL,258,369.35,Equity
1077,2,2024-02-19,SELL,3948,59.03,Equity
1078,3,2024-02-19,BUY,3649,114.33,Equity
1079,4,2024-02-19,SELL,4657,108.83,Equity
1080,13,2024-02-20,BUY,1515,54.62,Commodity
1081,11,2024-02-20,BUY,2253,134.71,ETF
1082,6,2024-02-20,BUY,4872,251.48,Equity
1083,14,2024-02-20,SELL,4843,103.48,Commodity
1084,3,2024-02-20,BUY,1438,111.01,Equity
1085,3,2024-02-20,SELL,4201,111.26,Equity
1086,14,2024-02-20,BUY,2800,103.43,Commodity
1087,15,2024-02-20,BUY,1903,270.37,Currency
1088,14,2024-02-20,SELL,4092,103.5,Commodity
1089,2,2024-02-20,SELL,3169,59.36,Equity
1090,2,2024-02-20,SELL,644,59.48,Equity
1091,9,2024-02-20,BUY,2101,228.37,Equity
1092,2,2024-02-20,BUY,314,59.53,Equity
1093,4,2024-02-20,SELL,1059,107.34,Equity
1094,8,2024-02-20,SELL,4137,61.86,Equity
1095,3,2024-02-20,BUY,3685,111.35,Equity
1096,9,2024-02-20,SELL,585,228.62,Equity
1097,4,2024-02-20,BUY,3713,107.45,Equity
1098,7,2024-02-20,BUY,3417,430.92,Equity
1099,4,2024-02-20,SELL,552,107.61,Equity
1100,7,2024-02-20,BUY,3505,429.34,Equity
1101,5,2024-02-21,BUY,3392,359.13,Equity
1102,5,2024-02-21,BUY,3411,358.72,Equity
1103,12,2024-02-21,BUY,2030,227.57,Bond
1104,14,2024-02-21,SELL,3421,98.68,Commodity
1105,15,2024-02-21,SELL,2906,270.02,Currency
1106,8,2024-02-21,SELL,3955,62.38,Equity
1107,15,2024-02-21,SELL,4620,269.88,Currency
1108,10,2024-02-21,SELL,2788,51.19,Equity
1109,7,2024-02-21,BUY,4398,426.59,Equity
1110,15,2024-02-21,BUY,3612,270.13,Currency
1111,9,2024-02-21,BUY,1567,232.68,Equity
1112,15,2024-02-21,SELL,317,270.12,Currency
1113,5,2024-02-21,SELL,2667,357.86,Equity
1114,6,2024-02-21,SELL,4077,243.1,Equity
1115,3,2024-02-21,BUY,3937,112.58,Equity
1116,3,2024-02-21,SELL,4824,112.41,Equity
1117,15,2024-02-21,BUY,3270,270.89,Currency
1118,12,2024-02-21,BUY,1928,227.52,Bond
1119,7,2024-02-21,BUY,1335,425.61,Equity
1120,1,2024-02-21,BUY,4170,365.3,Equity
1121,12,2024-02-21,BUY,2500,227.21,Bond
1122,5,2024-02-21,BUY,1294,358.79,Equity
1123,15,2024-02-21,BUY,4208,270.85,Currency
1124,6,2024-02-21,SELL,994,242.19,Equity
1125,7,2024-02-21,BUY,4872,425.28,Equity
1126,1,2024-02-21,SELL,4125,363.58,Equity
1127,13,2024-02-21,BUY,665,54.19,Commodity
1128,10,2024-02-21,SELL,274,51.09,Equity
1129,8,2024-02-21,SELL,4827,62.22,Equity
1130,6,2024-02-21,BUY,550,243.46,Equity
1131,7,2024-02-21,SELL,3682,425.03,Equity
1132,6,2024-02-21,SELL,2478,242.93,Equity
1133,4,2024-02-21,BUY,4558,107.37,Equity
1134,1,2024-02-21,SELL,36,364.84,Equity
1135,7,2024-02-21,BUY,2773,426.63,Equity
1136,4,2024-02-22,SELL,958,105.63,Equity
1137,7,2024-02-22,BUY,244,422.64,Equity
1138,15,2024-02-22,SELL,963,270.14,Currency
1139,13,2024-02-22,BUY,2818,53.27,Commodity
1140,2,2024-02-22,SELL,3110,57.96,Equity
1141,13,2024-02-22,BUY,2412,53.3,Commodity
1142,6,2024-02-22,SELL,4931,245.1,Equity
1143,10,2024-02-22,BUY,4190,51.91,Equity
1144,4,2024-02-22,BUY,3180,106.15,Equity
1145,8,2024-02-22,SELL,3763,60.65,Equity
1146,13,2024-02-22,SELL,2163,53.34,Commodity
1147,1,2024-02-22,SELL,4569,362.97,Equity
1148,13,2024-02-22,BUY,3433,53.22,Commodity
1149,4,2024-02-22,BUY,4309,105.95,Equity
1150,14,2024-02-22,SELL,4990,100.47,Commodity
1151,7,2024-02-22,SELL,3099,422.59,Equity
1152,9,2024-02-22,BUY,4219,225.95,Equity
1153,6,2024-02-22,BUY,2372,244.57,Equity
1154,11,2024-02-22,BUY,1590,136.5,ETF
1155,4,2024-02-22,SELL,4322,105.88,Equity
1156,6,2024-02-22,BUY,1141,245.59,Equity
1157,7,2024-02-22,BUY,4628,422.98,Equity
1158,14,2024-02-22,SELL,473,100.57,Commodity
1159,3,2024-02-22,BUY,190,109.96,Equity
1160,12,2024-02-22,SELL,2420,226.07,Bond
1161,2,2024-02-22,BUY,704,58.09,Equity
1162,5,2024-02-22,SELL,2716,364.8,Equity
1163,10,2024-02-22,BUY,345,52.03,Equity
1164,6,2024-02-22,SELL,3183,245.56,Equity
1165,14,2024-02-22,SELL,1084,100.61,Commodity
1166,1,2024-02-22,SELL,1728,364.61,Equity
1167,6,2024-02-22,SELL,4326,245.85,Equity
1168,8,2024-02-22,BUY,3043,60.57,Equity
1169,13,2024-02-22,BUY,2343,53.24,Commodity
1170,7,2024-02-22,SELL,3740,421.98,Equity
1171,8,2024-02-23,SELL,4761,60.21,Equity
1172,11,2024-02-23,BUY,1063,135.74,ETF
1173,3,2024-02-23,SELL,4937,107.77,Equity
1174,4,2024-02-23,SELL,661,105.88,Equity
1175,8,2024-02-23,SELL,2700,60.25,Equity
1176,10,2024-02-23,BUY,1092,51.96,Equity
1177,10,2024-02-23,SELL,2750,52.04,Equity
1178,1,2024-02-23,BUY,4418,362.33,Equity
1179,15,2024-02-23,SELL,2452,270.3,Currency
1180,15,2024-02-23,BUY,3098,271.33,Currency
1181,8,2024-02-23,SELL,4691,60.07,Equity
1182,2,2024-02-23,BUY,3193,57.98,Equity
1183,5,2024-02-23,SELL,4156,359.68,Equity
1184,10,2024-02-23,SELL,4945,52.23,Equity
1185,9,2024-02-23,SELL,4255,221.72,Equity
1186,10,2024-02-23,BUY,2443,51.99,Equity
1187,12,2024-02-23,BUY,2660,226.74,Bond
1188,12,2024-02-23,SELL,443,226.88,Bond
1189,13,2024-02-23,SELL,2143,53.47,Commodity
1190,3,2024-02-23,SELL,446,107.82,Equity
1191,6,2024-02-23,SELL,2243,245.37,Equity
1192,3,2024-02-23,SELL,4603,107.79,Equity
1193,1,2024-02-23,SELL,2078,361.8,Equity
1194,11,2024-02-23,BUY,4512,135.54,ETF
1195,15,2024-02-23,BUY,3748,270.48,Currency
1196,2,2024-02-23,BUY,1025,58.17,Equity
1197,7,2024-02-23,BUY,1969,421.22,Equity
1198,3,2024-02-23,BUY,1880,107.73,Equity
1199,9,2024-02-23,BUY,162,221.9,Equity
1200,11,2024-02-23,SELL,4392,135.56,ETF
1201,8,2024-02-23,BUY,3857,60.1,Equity
1202,2,2024-02-23,BUY,4726,58.07,Equity
1203,4,2024-02-26,BUY,2650,101.99,Equity
1204,8,2024-02-26,SELL,2504,61.55,Equity
1205,13,2024-02-26,SELL,2015,54.13,Commodity
1206,8,2024-02-26,SELL,559,61.46,Equity
1207,3,2024-02-26,SELL,3339,107.0,Equity
1208,12,2024-02-26,SELL,583,225.87,Bond
1209,4,2024-02-26,BUY,4611,101.99,Equity
1210,13,2024-02-26,BUY,1990,54.1,Commodity
1211,4,2024-02-26,BUY,3369,101.83,Equity
1212,11,2024-02-26,SELL,2493,133.95,ETF
1213,5,2024-02-26,SELL,3258,359.0,Equity
1214,14,2024-02-26,SELL,4655,97.17,Commodity
1215,1,2024-02-26,SELL,1853,363.06,Equity
1216,5,2024-02-26,BUY,2112,360.29,Equity
1217,11,2024-02-26,SELL,2363,134.01,ETF
1218,2,2024-02-26,SELL,3125,59.07,Equity
1219,15,2024-02-26,BUY,634,271.74,Currency
1220,14,2024-02-26,BUY,2096,97.42,Commodity
1221,3,2024-02-26,BUY,203,107.04,Equity
1222,10,2024-02-26,BUY,163,52.36,Equity
1223,14,2024-02-26,SELL,2642,96.9,Commodity
1224,11,2024-02-26,SELL,3281,134.35,ETF
1225,10,2024-02-26,SELL,4914,52.27,Equity
1226,15,2024-02-26,BUY,4934,270.87,Currency
1227,4,2024-02-26,BUY,742,102.23,Equity
1228,6,2024-02-26,BUY,2471,244.85,Equity
1229,5,2024-02-26,BUY,2576,359.59,Equity
1230,6,2024-02-26,SELL,1201,245.51,Equity
1231,9,2024-02-26,SELL,773,218.56,Equity
1232,3,2024-02-26,SELL,3688,107.05,Equity
1233,12,2024-02-26,BUY,1988,225.63,Bond
1234,14,2024-02-26,SELL,3580,97.44,Commodity
1235,10,2024-02-26,SELL,1277,52.26,Equity
1236,9,2024-02-26,SELL,2111,218.75,Equity
1237,8,2024-02-26,SELL,3108,61.3,Equity
1238,14,2024-02-26,BUY,4722,97.38,Commodity
1239,15,2024-02-26,SELL,444,271.79,Currency
1240,5,2024-02-26,BUY,123,358.67,Equity
1241,9,2024-02-26,SELL,526,218.54,Equity
1242,15,2024-02-27,BUY,1489,275.49,Currency
1243,6,2024-02-27,BUY,1746,251.29,Equity
1244,7,2024-02-27,SELL,2975,412.35,Equity
1245,12,2024-02-27,BUY,1054,227.18,Bond
1246,13,2024-02-27,BUY,1815,54.29,Commodity
1247,9,2024-02-27,SELL,3379,222.98,Equity
1248,3,2024-02-27,SELL,2142,108.03,Equity
1249,1,2024-02-27,BUY,4941,354.54,Equity
1250,13,2024-02-27,BUY,4189,54.34,Commodity
1251,2,2024-02-27,SELL,1731,58.81,Equity
1252,4,2024-02-27,SELL,2157,100.95,Equity
1253,6,2024-02-27,SELL,1037,252.16,Equity
1254,9,2024-02-27,SELL,29,223.04,Equity
1255,9,2024-02-27,BUY,2042,223.42,Equity
1256,9,2024-02-27,SELL,3734,223.43,Equity
1257,14,2024-02-27,BUY,2015,98.52,Commodity
1258,5,2024-02-27,BUY,3804,361.22,Equity
1259,10,2024-02-27,BUY,4130,51.82,Equity
1260,6,2024-02-27,BUY,3076,251.96,Equity
1261,9,2024-02-27,BUY,2143,222.44,Equity
1262,6,2024-02-27,SELL,2217,251.54,Equity
1263,6,2024-02-27,BUY,1084,250.99,Equity
1264,10,2024-02-27,BUY,3538,51.59,Equity
1265,10,2024-02-27,SELL,4858,51.7,Equity
1266,11,2024-02-27,SELL,1284,136.33,ETF
1267,13,2024-02-27,BUY,1910,54.09,Commodity
1268,9,2024-02-27,SELL,3111,222.78,Equity
1269,13,2024-02-27,SELL,2233,54.34,Commodity
1270,13,2024-02-27,BUY,4491,54.05,Commodity
1271,6,2024-02-27,SELL,148,251.0,Equity
1272,3,2024-02-27,BUY,890,108.21,Equity
1273,15,2024-02-27,BUY,3878,275.36,Currency
1274,4,2024-02-27,BUY,2813,100.86,Equity
1275,10,2024-02-27,BUY,320,51.63,Equity
1276,5,2024-02-27,BUY,1535,361.38,Equity
1277,15,2024-02-28,SELL,1174,272.91,Currency
1278,6,2024-02-28,SELL,3022,251.58,Equity
1279,15,2024-02-28,SELL,1219,274.33,Currency
1280,5,2024-02-28,SELL,3053,355.07,Equity
1281,6,2024-02-28,SELL,4485,251.56,Equity
1282,14,2024-02-28,BUY,4878,93.13,Commodity
1283,10,2024-02-28,SELL,1710,52.99,Equity
1284,10,2024-02-28,SELL,660,53.28,Equity
1285,9,2024-02-28,SELL,3654,230.59,Equity
1286,9,2024-02-28,BUY,4346,231.14,Equity
1287,1,2024-02-28,SELL,3960,349.53,Equity
1288,14,2024-02-28,BUY,4957,93.24,Commodity
1289,4,2024-02-28,BUY,593,100.37,Equity
1290,9,2024-02-28,SELL,2970,230.71,Equity
1291,10,2024-02-28,SELL,3321,53.21,Equity
1292,11,2024-02-28,BUY,3703,138.02,ETF
1293,6,2024-02-28,SELL,1299,251.53,Equity
1294,11,2024-02-28,SELL,3841,137.4,ETF
1295,4,2024-02-28,BUY,3675,100.09,Equity
1296,9,2024-02-28,SELL,2931,230.56,Equity
1297,14,2024-02-28,SELL,447,93.43,Commodity
1298,9,2024-02-28,BUY,1092,229.89,Equity
1299,6,2024-02-28,BUY,383,250.9,Equity
1300,13,2024-02-28,BUY,3800,52.44,Commodity
1301,4,2024-02-28,BUY,3277,100.53,Equity
1302,5,2024-02-29,SELL,4064,356.07,Equity
1303,3,2024-02-29,BUY,1230,106.03,Equity
1304,13,2024-02-29,SELL,2212,51.8,Commodity
1305,8,2024-02-29,BUY,839,60.94,Equity
1306,2,2024-02-29,BUY,999,62.14,Equity
1307,1,2024-02-29,BUY,3266,337.93,Equity
1308,3,2024-02-29,BUY,3244,106.24,Equity
1309,11,2024-02-29,SELL,1036,135.46,ETF
1310,2,2024-02-29,SELL,3410,62.36,Equity
1311,5,2024-02-29,SELL,552,357.78,Equity
1312,8,2024-02-29,BUY,2849,60.79,Equity
1313,6,2024-02-29,SELL,3013,251.62,Equity
1314,12,2024-02-29,BUY,4464,227.81,Bond
1315,11,2024-02-29,BUY,103,135.26,ETF
1316,2,2024-02-29,SELL,665,62.35,Equity
1317,9,2024-02-29,BUY,1472,231.87,Equity
1318,3,2024-02-29,BUY,496,106.38,Equity
1319,8,2024-02-29,SELL,579,61.02,Equity
1320,7,2024-02-29,SELL,2203,392.46,Equity
1321,1,2024-02-29,SELL,208,338.56,Equity
1322,3,2024-02-29,BUY,799,106.09,Equity
1323,3,2024-02-29,BUY,1080,106.38,Equity
1324,5,2024-02-29,SELL,2075,357.77,Equity
1325,8,2024-02-29,BUY,322,60.87,Equity
1326,13,2024-02-29,SELL,512,51.93,Commodity
1327,11,2024-02-29,BUY,4035,135.47,ETF
1328,9,2024-02-29,BUY,603,232.1,Equity
1329,9,2024-02-29,BUY,332,231.83,Equity
1330,3,2024-02-29,BUY,4136,106.26,Equity
1331,8,2024-02-29,BUY,867,60.97,Equity
1332,8,2024-02-29,BUY,2834,61.01,Equity
1333,5,2024-02-29,SELL,3520,357.24,Equity
1334,9,2024-02-29,SELL,3733,232.8,Equity
1335,8,2024-02-29,BUY,1855,61.02,Equity
1336,4,2024-02-29,SELL,3787,98.79,Equity
1337,6,2024-02-29,SELL,4017,252.82,Equity
1338,2,2024-02-29,BUY,4786,62.4,Equity
1339,10,2024-03-01,BUY,3967,52.23,Equity
1340,9,2024-03-01,SELL,2586,233.37,Equity
1341,13,2024-03-01,BUY,4417,51.99,Commodity
1342,6,2024-03-01,BUY,1595,254.28,Equity
1343,4,2024-03-01,BUY,2170,98.25,Equity
1344,9,2024-03-01,BUY,223,234.24,Equity
1345,14,2024-03-01,BUY,27,96.18,Commodity
1346,7,2024-03-01,SELL,2873,386.35,Equity
1347,8,2024-03-01,SELL,1667,60.75,Equity
1348,13,2024-03-01,SELL,2390,52.24,Commodity
1349,2,2024-03-01,SELL,1737,61.98,Equity
1350,6,2024-03-01,BUY,862,254.6,Equity
1351,14,2024-03-01,BUY,1667,96.2,Commodity
1352,14,2024-03-01,SELL,4162,96.27,Commodity
1353,8,2024-03-01,BUY,3190,60.81,Equity
1354,11,2024-03-01,BUY,249,136.87,ETF
1355,15,2024-03-01,BUY,2125,275.28,Currency
1356,14,2024-03-01,BUY,4394,96.69,Commodity
1357,9,2024-03-01,SELL,657,233.29,Equity
1358,13,2024-03-01,SELL,4123,52.0,Commodity
1359,5,2024-03-01,BUY,502,355.91,Equity
1360,6,2024-03-01,SELL,3972,254.07,Equity
1361,2,2024-03-01,BUY,3657,61.82,Equity
1362,7,2024-03-01,BUY,16,386.88,Equity
1363,15,2024-03-01,BUY,3728,276.01,Currency
1364,15,2024-03-01,SELL,1918,275.87,Currency
1365,3,2024-03-01,BUY,2744,105.95,Equity
1366,7,2024-03-01,SELL,1664,387.49,Equity
1367,8,2024-03-01,BUY,605,60.46,Equity
1368,13,2024-03-01,BUY,3245,52.16,Commodity
1369,9,2024-03-01,SELL,2255,233.73,Equity
1370,12,2024-03-01,SELL,836,226.93,Bond
1371,15,2024-03-01,BUY,2876,275.81,Currency
1372,14,2024-03-01,SELL,3513,96.49,Commodity
1373,6,2024-03-01,BUY,3832,254.32,Equity
1374,3,2024-03-01,SELL,1422,106.05,Equity
1375,8,2024-03-01,SELL,4420,60.67,Equity
1376,10,2024-03-01,SELL,3961,52.32,Equity
1377,4,2024-03-01,SELL,734,98.11,Equity
1378,1,2024-03-04,BUY,1329,342.4,Equity
1379,11,2024-03-04,BUY,3945,136.25,ETF
1380,1,2024-03-04,BUY,2181,341.79,Equity
1381,1,2024-03-04,SELL,516,341.8,Equity
1382,13,2024-03-04,BUY,2886,52.87,Commodity
1383,13,2024-03-04,BUY,3122,52.89,Commodity
1384,11,2024-03-04,BUY,1163,135.82,ETF
1385,11,2024-03-04,SELL,4004,136.39,ETF
1386,3,2024-03-04,SELL,4851,107.52,Equity
1387,12,2024-03-04,BUY,2970,226.67,Bond
1388,11,2024-03-04,SELL,1893,135.83,ETF
1389,13,2024-03-04,SELL,760,52.79,Commodity
1390,15,2024-03-04,BUY,3568,276.37,Currency
1391,12,2024-03-04,BUY,2638,226.78,Bond
1392,12,2024-03-04,SELL,3267,225.87,Bond
1393,14,2024-03-04,BUY,228,97.9,Commodity
1394,10,2024-03-04,BUY,2888,50.19,Equity
1395,11,2024-03-04,BUY,2164,136.4,ETF
1396,5,2024-03-04,BUY,3347,356.57,Equity
1397,7,2024-03-04,BUY,4288,397.3,Equity
1398,10,2024-03-04,BUY,2339,50.06,Equity
1399,5,2024-03-04,SELL,780,357.55,Equity
1400,8,2024-03-04,SELL,1191,59.39,Equity
1401,9,2024-03-04,SELL,2387,233.03,Equity
1402,10,2024-03-04,SELL,2353,50.06,Equity
1403,3,2024-03-04,BUY,1157,107.5,Equity
1404,4,2024-03-04,SELL,4290,98.73,Equity
1405,10,2024-03-04,BUY,4791,50.16,Equity
1406,2,2024-03-04,SELL,1392,61.1,Equity
1407,10,2024-03-04,BUY,4568,50.0,Equity
1408,5,2024-03-04,BUY,3103,356.34,Equity
1409,8,2024-03-04,BUY,1838,59.39,Equity
1410,6,2024-03-05,BUY,1080,264.11,Equity
1411,14,2024-03-05,SELL,3232,96.06,Commodity
1412,4,2024-03-05,SELL,67,101.27,Equity
1413,2,2024-03-05,SELL,2076,60.61,Equity
1414,8,2024-03-05,SELL,2804,58.55,Equity
1415,14,2024-03-05,BUY,2495,95.72,Commodity
1416,10,2024-03-05,SELL,4237,48.69,Equity
1417,13,2024-03-05,BUY,3386,53.59,Commodity
1418,2,2024-03-05,SELL,3046,60.54,Equity
1419,2,2024-03-05,BUY,3053,60.77,Equity
1420,3,2024-03-05,SELL,2694,106.57,Equity
1421,8,2024-03-05,BUY,2689,58.3,Equity
1422,1,2024-03-05,SELL,3611,338.08,Equity
1423,6,2024-03-05,BUY,3980,263.71,Equity
1424,5,2024-03-05,SELL,4250,355.4,Equity
1425,4,2024-03-05,BUY,984,101.22,Equity
1426,7,2024-03-05,BUY,4068,396.96,Equity
1427,4,2024-03-05,BUY,2878,101.48,Equity
1428,9,2024-03-05,BUY,1054,237.74,Equity
1429,6,2024-03-05,BUY,2360,264.36,Equity
1430,13,2024-03-05,BUY,3179,53.68,Commodity
1431,11,2024-03-05,BUY,2996,135.78,ETF
1432,5,2024-03-05,BUY,4001,355.67,Equity
1433,14,2024-03-05,SELL,2561,95.73,Commodity
1434,13,2024-03-05,SELL,818,53.43,Commodity
1435,11,2024-03-06,BUY,277,135.56,ETF
1436,5,2024-03-06,SELL,1831,348.93,Equity
1437,11,2024-03-06,BUY,1397,135.7,ETF
1438,9,2024-03-06,BUY,2577,233.12,Equity
1439,5,2024-03-06,BUY,821,348.03,Equity
1440,8,2024-03-06,BUY,1119,59.65,Equity
1441,8,2024-03-06,BUY,2645,59.47,Equity
1442,9,2024-03-06,SELL,1604,233.55,Equity
1443,10,2024-03-06,BUY,4848,48.7,Equity
1444,8,2024-03-06,SELL,2233,59.51,Equity
1445,15,2024-03-06,SELL,124,276.72,Currency
1446,1,2024-03-06,BUY,245,339.68,Equity
1447,15,2024-03-06,BUY,1374,276.15,Currency
1448,1,2024-03-06,SELL,2151,339.75,Equity
1449,10,2024-03-06,SELL,2678,48.84,Equity
1450,5,2024-03-06,BUY,1276,349.2,Equity
1451,4,2024-03-06,SELL,3457,104.39,Equity
1452,3,2024-03-06,SELL,2623,107.88,Equity
1453,3,2024-03-06,BUY,1391,107.67,Equity
1454,15,2024-03-06,SELL,2633,275.91,Currency
1455,7,2024-03-06,BUY,119,406.41,Equity
1456,6,2024-03-06,BUY,994,257.47,Equity
1457,13,2024-03-06,BUY,66,53.33,Commodity
1458,1,2024-03-06,BUY,2731,339.95,Equity
1459,8,2024-03-06,BUY,4484,59.68,Equity
1460,14,2024-03-06,SELL,1322,95.82,Commodity
1461,11,2024-03-06,BUY,428,135.76,ETF
1462,4,2024-03-06,BUY,3731,104.28,Equity
1463,14,2024-03-06,BUY,3484,95.7,Commodity
1464,3,2024-03-06,BUY,1689,108.08,Equity
1465,10,2024-03-06,SELL,3110,48.95,Equity
1466,7,2024-03-06,BUY,934,405.95,Equity
1467,2,2024-03-06,SELL,565,60.87,Equity
1468,9,2024-03-06,BUY,3658,232.39,Equity
1469,13,2024-03-06,BUY,3731,53.34,Commodity
1470,10,2024-03-06,BUY,4878,48.76,Equity
1471,14,2024-03-06,BUY,4586,95.61,Commodity
1472,6,2024-03-06,BUY,2519,257.04,Equity
1473,4,2024-03-07,SELL,2216,104.7,Equity
1474,6,2024-03-07,BUY,444,247.12,Equity
1475,13,2024-03-07,BUY,1974,53.06,Commodity
1476,14,2024-03-07,SELL,3741,93.54,Commodity
1477,3,2024-03-07,BUY,2160,108.94,Equity
1478,4,2024-03-07,BUY,3570,104.37,Equity
1479,10,2024-03-07,BUY,2878,49.59,Equity
1480,15,2024-03-07,SELL,3005,275.47,Currency
1481,12,2024-03-07,BUY,4818,223.59,Bond
1482,5,2024-03-07,BUY,2448,344.49,Equity
1483,8,2024-03-07,SELL,1294,59.22,Equity
1484,3,2024-03-07,SELL,4890,109.19,Equity
1485,9,2024-03-07,BUY,2261,235.02,Equity
1486,5,2024-03-07,BUY,591,345.52,Equity
1487,10,2024-03-07,BUY,3886,49.68,Equity
1488,9,2024-03-07,SELL,2772,235.66,Equity
1489,5,2024-03-07,SELL,2225,345.57,Equity
1490,1,2024-03-07,BUY,4731,346.03,Equity
1491,7,2024-03-07,BUY,4537,412.08,Equity
1492,9,2024-03-07,SELL,2849,235.59,Equity
1493,14,2024-03-07,BUY,4050,93.44,Commodity
1494,1,2024-03-07,BUY,4576,345.56,Equity
1495,1,2024-03-07,SELL,3752,345.9,Equity
1496,2,2024-03-07,SELL,2346,60.94,Equity
1497,13,2024-03-07,SELL,3666,53.04,Commodity
1498,3,2024-03-07,BUY,2714,108.91,Equity
1499,14,2024-03-07,SELL,3464,93.35,Commodity
1500,12,2024-03-07,SELL,3486,224.14,Bond
1501,12,2024-03-07,BUY,21,223.18,Bond
1502,12,2024-03-07,BUY,1056,224.09,Bond
1503,7,2024-03-07,BUY,2248,411.57,Equity
1504,5,2024-03-07,SELL,3970,345.76,Equity
1505,3,2024-03-08,SELL,961,109.35,Equity
1506,1,2024-03-08,SELL,3683,350.06,Equity
1507,5,2024-03-08,SELL,3491,343.21,Equity
1508,6,2024-03-08,SELL,3979,254.27,Equity
1509,14,2024-03-08,SELL,4373,92.58,Commodity
1510,5,2024-03-08,SELL,3174,343.61,Equity
1511,15,2024-03-08,BUY,4363,274.23,Currency
1512,8,2024-03-08,BUY,4405,58.81,Equity
1513,10,2024-03-08,BUY,475,49.56,Equity
1514,12,2024-03-08,SELL,2056,224.68,Bond
1515,8,2024-03-08,SELL,669,58.77,Equity
1516,14,2024-03-08,SELL,1112,92.34,Commodity
1517,3,2024-03-08,BUY,1605,108.98,Equity
1518,13,2024-03-08,SELL,2830,52.28,Commodity
1519,4,2024-03-08,SELL,4558,105.79,Equity
1520,13,2024-03-08,BUY,4116,52.4,Commodity
1521,7,2024-03-08,SELL,3690,400.11,Equity
1522,6,2024-03-08,SELL,1146,253.4,Equity
1523,7,2024-03-08,SELL,3157,401.36,Equity
1524,6,2024-03-08,BUY,3501,254.06,Equity
1525,9,2024-03-11,SELL,4311,237.39,Equity
1526,7,2024-03-11,SELL,4189,393.8,Equity
1527,4,2024-03-11,BUY,430,107.96,Equity
1528,6,2024-03-11,SELL,2149,257.34,Equity
1529,5,2024-03-11,SELL,2052,355.44,Equity
1530,8,2024-03-11,SELL,1126,58.87,Equity
1531,11,2024-03-11,SELL,2367,131.54,ETF
1532,5,2024-03-11,BUY,2560,355.73,Equity
1533,6,2024-03-11,SELL,1746,257.9,Equity
1534,8,2024-03-11,BUY,3511,58.88,Equity
1535,6,2024-03-11,BUY,547,257.52,Equity
1536,10,2024-03-11,SELL,998,48.77,Equity
1537,11,2024-03-11,SELL,2991,131.7,ETF
1538,6,2024-03-11,SELL,4629,257.15,Equity
1539,3,2024-03-11,BUY,1574,112.19,Equity
1540,15,2024-03-11,BUY,2375,274.05,Currency
1541,11,2024-03-11,SELL,3794,131.75,ETF
1542,2,2024-03-11,BUY,894,60.43,Equity
1543,7,2024-03-11,SELL,3784,393.37,Equity
1544,14,2024-03-11,BUY,3114,90.21,Commodity
1545,5,2024-03-11,BUY,4868,356.04,Equity
1546,10,2024-03-11,BUY,3602,48.74,Equity
1547,5,2024-03-11,BUY,3414,356.16,Equity
1548,5,2024-03-11,SELL,2081,357.07,Equity
1549,4,2024-03-11,SELL,3941,108.18,Equity
1550,9,2024-03-11,BUY,4152,237.74,Equity
1551,7,2024-03-11,BUY,4322,394.25,Equity
1552,13,2024-03-11,SELL,3148,52.55,Commodity
1553,9,2024-03-12,BUY,4430,241.28,Equity
1554,2,2024-03-12,SELL,2615,62.25,Equity
1555,2,2024-03-12,SELL,4633,62.47,Equity
1556,11,2024-03-12,BUY,2641,132.93,ETF
1557,2,2024-03-12,BUY,3449,62.2,Equity
1558,6,2024-03-12,SELL,2460,256.15,Equity
1559,15,2024-03-12,SELL,2762,275.01,Currency
1560,9,2024-03-12,SELL,3478,241.69,Equity
1561,6,2024-03-12,BUY,1407,256.69,Equity
1562,2,2024-03-12,BUY,294,62.38,Equity
1563,4,2024-03-12,SELL,1727,106.83,Equity
1564,9,2024-03-12,BUY,2865,241.7,Equity
1565,5,2024-03-12,BUY,1411,357.26,Equity
1566,13,2024-03-12,SELL,2695,51.49,Commodity
1567,3,2024-03-12,BUY,1455,109.13,Equity
1568,12,2024-03-12,BUY,1493,223.84,Bond
1569,6,2024-03-12,SELL,645,257.46,Equity
1570,13,2024-03-12,SELL,1477,51.56,Commodity
1571,8,2024-03-12,SELL,1711,60.08,Equity
1572,15,2024-03-12,SELL,4900,274.19,Currency
1573,14,2024-03-12,SELL,1657,93.23,Commodity
1574,12,2024-03-12,BUY,1270,223.72,Bond
1575,8,2024-03-12,SELL,282,60.01,Equity
1576,12,2024-03-12,BUY,374,224.74,Bond
1577,1,2024-03-12,SELL,3187,336.51,Equity
1578,5,2024-03-12,SELL,1712,356.12,Equity
1579,11,2024-03-12,SELL,26,132.92,ETF
1580,15,2024-03-12,SELL,1714,274.39,Currency
1581,6,2024-03-12,SELL,2285,256.16,Equity
1582,7,2024-03-12,BUY,4863,400.87,Equity
1583,1,2024-03-13,BUY,2719,324.88,Equity
1584,6,2024-03-13,BUY,2213,255.64,Equity
1585,12,2024-03-13,BUY,2885,225.9,Bond
1586,2,2024-03-13,SELL,1080,61.28,Equity
1587,11,2024-03-13,SELL,4166,129.79,ETF
1588,5,2024-03-13,SELL,4400,367.04,Equity
1589,7,2024-03-13,BUY,1170,402.54,Equity
1590,4,2024-03-13,SELL,2363,109.36,Equity
1591,3,2024-03-13,BUY,2111,111.58,Equity
1592,6,2024-03-13,SELL,1952,254.67,Equity
1593,7,2024-03-13,BUY,959,402.95,Equity
1594,10,2024-03-13,BUY,44,50.2,Equity
1595,11,2024-03-13,BUY,3887,129.78,ETF
1596,11,2024-03-13,BUY,1618,129.71,ETF
1597,9,2024-03-13,SELL,302,246.48,Equity
1598,7,2024-03-13,BUY,1803,401.36,Equity
1599,6,2024-03-13,SELL,1974,255.38,Equity
1600,10,2024-03-13,BUY,4317,50.35,Equity
1601,9,2024-03-13,SELL,1729,246.28,Equity
1602,13,2024-03-13,SELL,2443,51.73,Commodity
1603,7,2024-03-13,BUY,368,402.66,Equity
1604,12,2024-03-13,SELL,4010,225.71,Bond
1605,4,2024-03-13,BUY,4307,108.93,Equity
1606,10,2024-03-13,BUY,3336,50.31,Equity
1607,1,2024-03-13,SELL,92,325.18,Equity
1608,8,2024-03-13,SELL,224,59.73,Equity
1609,13,2024-03-13,SELL,137,51.67,Commodity
1610,11,2024-03-13,SELL,2852,130.11,ETF
1611,9,2024-03-13,BUY,3268,245.85,Equity
1612,15,2024-03-13,SELL,4849,275.02,Currency
1613,13,2024-03-13,BUY,1351,51.63,Commodity
1614,5,2024-03-13,BUY,355,366.79,Equity
1615,1,2024-03-13,BUY,3281,325.05,Equity
1616,2,2024-03-13,BUY,314,61.35,Equity
1617,14,2024-03-13,SELL,835,90.33,Commodity
1618,7,2024-03-14,BUY,2794,396.08,Equity
1619,13,2024-03-14,BUY,2477,51.79,Commodity
1620,3,2024-03-14,BUY,1271,109.78,Equity
1621,2,2024-03-14,BUY,1193,62.38,Equity
1622,9,2024-03-14,SELL,998,234.22,Equity
1623,12,2024-03-14,BUY,2365,226.68,Bond
1624,5,2024-03-14,BUY,1203,359.51,Equity
1625,10,2024-03-14,BUY,1409,48.67,Equity
1626,1,2024-03-14,BUY,1905,331.84,Equity
1627,13,2024-03-14,BUY,133,51.49,Commodity
1628,4,2024-03-14,BUY,3676,107.87,Equity
1629,10,2024-03-14,BUY,4471,48.78,Equity
1630,3,2024-03-14,SELL,1941,109.64,Equity
1631,11,2024-03-14,SELL,4656,128.17,ETF
1632,15,2024-03-14,BUY,2759,273.01,Currency
1633,3,2024-03-14,SELL,3128,109.5,Equity
1634,8,2024-03-14,SELL,1515,59.63,Equity
1635,15,2024-03-14,SELL,3351,273.84,Currency
1636,13,2024-03-14,SELL,2351,51.5,Commodity
1637,13,2024-03-14,SELL,3764,51.66,Commodity
1638,6,2024-03-14,BUY,3089,257.77,Equity
1639,5,2024-03-14,BUY,4530,359.36,Equity
1640,11,2024-03-14,SELL,335,128.56,ETF
1641,7,2024-03-14,BUY,1955,395.57,Equity
1642,3,2024-03-14,SELL,1547,110.02,Equity
1643,12,2024-03-14,SELL,3475,226.06,Bond
1644,12,2024-03-14,BUY,3462,225.52,Bond
1645,7,2024-03-15,BUY,4824,394.85,Equity
1646,6,2024-03-15,SELL,3700,259.08,Equity
1647,4,2024-03-15,BUY,2473,108.61,Equity
1648,9,2024-03-15,BUY,534,236.75,Equity
1649,3,2024-03-15,BUY,1367,109.72,Equity
1650,3,2024-03-15,BUY,1622,109.94,Equity
1651,13,2024-03-15,BUY,1622,51.69,Commodity
1652,15,2024-03-15,SELL,1456,270.99,Currency
1653,4,2024-03-15,SELL,4936,109.13,Equity
1654,7,2024-03-15,BUY,3985,396.12,Equity
1655,13,2024-03-15,SELL,357,51.81,Commodity
1656,11,2024-03-15,BUY,2286,127.68,ETF
1657,3,2024-03-15,SELL,2782,110.21,Equity
1658,3,2024-03-15,BUY,2071,110.14,Equity
1659,7,2024-03-15,SELL,225,395.74,Equity
1660,14,2024-03-15,BUY,4722,90.12,Commodity
1661,15,2024-03-15,SELL,293,270.27,Currency
1662,15,2024-03-15,BUY,1559,270.14,Currency
1663,8,2024-03-15,SELL,935,58.7,Equity
1664,4,2024-03-15,SELL,4538,109.02,Equity
1665,12,2024-03-15,BUY,1707,225.54,Bond
1666,8,2024-03-15,SELL,662,58.83,Equity
1667,13,2024-03-15,BUY,2798,51.61,Commodity
1668,1,2024-03-15,SELL,2797,336.38,Equity
1669,6,2024-03-15,SELL,494,258.52,Equity
1670,3,2024-03-15,SELL,3917,109.69,Equity
1671,12,2024-03-18,BUY,124,224.11,Bond
1672,1,2024-03-18,SELL,583,337.97,Equity
1673,10,2024-03-18,SELL,4130,49.52,Equity
1674,7,2024-03-18,SELL,2345,387.16,Equity
1675,11,2024-03-18,SELL,1387,127.23,ETF
1676,2,2024-03-18,SELL,4496,62.66,Equity
1677,6,2024-03-18,SELL,2984,248.21,Equity
1678,11,2024-03-18,SELL,4690,126.76,ETF
1679,14,2024-03-18,BUY,3762,91.47,Commodity
1680,14,2024-03-18,BUY,1424,91.19,Commodity
1681,3,2024-03-18,SELL,2174,111.21,Equity
1682,2,2024-03-18,BUY,518,62.9,Equity
1683,14,2024-03-18,SELL,2918,91.41,Commodity
1684,3,2024-03-18,SELL,597,110.71,Equity
1685,11,2024-03-18,SELL,3661,126.98,ETF
1686,11,2024-03-18,BUY,4676,127.29,ETF
1687,1,2024-03-18,SELL,4666,337.65,Equity
1688,8,2024-03-18,BUY,2044,58.24,Equity
1689,14,2024-03-18,SELL,1406,91.47,Commodity
1690,14,2024-03-18,SELL,1636,91.54,Commodity
1691,3,2024-03-18,BUY,3533,110.83,Equity
1692,14,2024-03-18,BUY,1158,91.54,Commodity
1693,11,2024-03-18,BUY,2426,127.41,ETF
1694,5,2024-03-18,BUY,1711,363.12,Equity
1695,6,2024-03-18,BUY,2193,248.43,Equity
1696,1,2024-03-19,BUY,2755,336.07,Equity
1697,15,2024-03-19,SELL,4380,267.74,Currency
1698,15,2024-03-19,BUY,3001,267.73,Currency
1699,2,2024-03-19,BUY,1349,63.75,Equity
1700,3,2024-03-19,SELL,2268,113.17,Equity
1701,5,2024-03-19,SELL,4507,368.79,Equity
1702,7,2024-03-19,SELL,3133,389.46,Equity
1703,3,2024-03-19,SELL,1916,112.8,Equity
1704,11,2024-03-19,BUY,3779,126.69,ETF
1705,12,2024-03-19,BUY,576,223.21,Bond
1706,2,2024-03-19,BUY,2421,63.75,Equity
1707,5,2024-03-19,BUY,3056,368.63,Equity
1708,11,2024-03-19,SELL,1065,126.37,ETF
1709,12,2024-03-19,SELL,2528,223.19,Bond
1710,11,2024-03-19,BUY,219,126.5,ETF
1711,10,2024-03-19,BUY,457,49.09,Equity
1712,13,2024-03-19,BUY,3608,50.48,Commodity
1713,4,2024-03-19,BUY,2413,110.72,Equity
1714,3,2024-03-19,BUY,2330,113.16,Equity
1715,4,2024-03-19,BUY,3403,110.3,Equity
1716,15,2024-03-19,SELL,711,267.55,Currency
1717,1,2024-03-19,SELL,338,336.06,Equity
1718,5,2024-03-19,BUY,624,367.83,Equity
1719,6,2024-03-20,BUY,1787,247.54,Equity
1720,12,2024-03-20,SELL,4512,222.22,Bond
1721,7,2024-03-20,SELL,136,384.98,Equity
1722,8,2024-03-20,SELL,958,59.15,Equity
1723,5,2024-03-20,BUY,2840,373.38,Equity
1724,6,2024-03-20,SELL,182,248.25,Equity
1725,2,2024-03-20,SELL,1087,60.82,Equity
1726,8,2024-03-20,BUY,1288,59.08,Equity
1727,13,2024-03-20,BUY,4432,50.97,Commodity
1728,2,2024-03-20,SELL,1010,60.52,Equity
1729,15,2024-03-20,SELL,1436,269.97,Currency
1730,8,2024-03-20,BUY,2107,59.13,Equity
1731,6,2024-03-20,BUY,2166,247.57,Equity
1732,7,2024-03-20,BUY,3465,385.43,Equity
1733,1,2024-03-20,SELL,4097,334.42,Equity
1734,6,2024-03-20,SELL,1774,247.59,Equity
1735,12,2024-03-20,BUY,4079,222.06,Bond
1736,15,2024-03-20,BUY,1541,268.81,Currency
1737,8,2024-03-20,BUY,2647,59.31,Equity
1738,9,2024-03-20,SELL,2638,229.88,Equity
1739,12,2024-03-20,BUY,2472,223.03,Bond
1740,9,2024-03-20,SELL,292,229.78,Equity
1741,7,2024-03-20,BUY,2611,384.97,Equity
1742,4,2024-03-20,BUY,3348,113.17,Equity
1743,11,2024-03-20,BUY,4780,126.56,ETF
1744,10,2024-03-20,BUY,619,49.48,Equity
1745,10,2024-03-20,BUY,2212,49.46,Equity
1746,1,2024-03-20,BUY,1359,335.72,Equity
1747,14,2024-03-20,SELL,916,95.21,Commodity
1748,10,2024-03-20,BUY,1523,49.38,Equity
1749,8,2024-03-20,SELL,639,59.17,Equity
1750,14,2024-03-21,SELL,1238,95.15,Commodity
1751,5,2024-03-21,BUY,2450,373.37,Equity
1752,14,2024-03-21,BUY,1227,94.93,Commodity
1753,5,2024-03-21,BUY,3935,372.33,Equity
1754,15,2024-03-21,SELL,4886,269.25,Currency
1755,14,2024-03-21,SELL,2291,95.01,Commodity
1756,15,2024-03-21,BUY,317,268.41,Currency
1757,13,2024-03-21,BUY,4642,49.36,Commodity
1758,3,2024-03-21,SELL,1225,111.22,Equity
1759,4,2024-03-21,BUY,3500,113.1,Equity
1760,8,2024-03-21,BUY,3167,59.18,Equity
1761,9,2024-03-21,BUY,104,232.0,Equity
1762,9,2024-03-21,BUY,2069,232.65,Equity
1763,9,2024-03-21,BUY,2946,231.43,Equity
1764,12,2024-03-21,BUY,1574,222.16,Bond
1765,2,2024-03-21,SELL,3732,60.05,Equity
1766,1,2024-03-21,BUY,2049,336.08,Equity
1767,7,2024-03-21,BUY,3183,388.77,Equity
1768,1,2024-03-21,BUY,3665,336.15,Equity
1769,15,2024-03-21,BUY,4840,269.18,Currency
1770,6,2024-03-21,BUY,1160,244.73,Equity
1771,14,2024-03-21,SELL,484,95.2,Commodity
1772,9,2024-03-21,SELL,4814,231.9,Equity
1773,2,2024-03-21,BUY,173,60.04,Equity
1774,1,2024-03-21,BUY,230,335.98,Equity
1775,3,2024-03-21,SELL,3213,111.28,Equity
1776,4,2024-03-21,SELL,179,113.29,Equity
1777,7,2024-03-21,BUY,1703,387.78,Equity
1778,10,2024-03-21,SELL,370,49.91,Equity
1779,12,2024-03-21,SELL,4050,221.74,Bond
1780,13,2024-03-21,SELL,2911,49.18,Commodity
1781,11,2024-03-21,BUY,312,125.39,ETF
1782,15,2024-03-21,BUY,4994,267.96,Currency
1783,4,2024-03-21,BUY,3418,113.19,Equity
1784,3,2024-03-21,SELL,402,111.14,Equity
1785,10,2024-03-21,BUY,2889,50.08,Equity
1786,6,2024-03-21,SELL,2426,244.62,Equity
1787,2,2024-03-21,SELL,563,60.14,Equity
1788,4,2024-03-22,SELL,549,111.19,Equity
1789,6,2024-03-22,BUY,1485,247.47,Equity
1790,13,2024-03-22,BUY,3616,47.11,Commodity
1791,10,2024-03-22,BUY,4144,49.05,Equity
1792,15,2024-03-22,SELL,4405,268.79,Currency
1793,8,2024-03-22,SELL,127,58.56,Equity
1794,14,2024-03-22,BUY,3695,92.44,Commodity
1795,10,2024-03-22,BUY,984,49.25,Equity
1796,7,2024-03-22,SELL,2736,397.29,Equity
1797,12,2024-03-22,BUY,2296,220.29,Bond
1798,8,2024-03-22,SELL,1640,58.73,Equity
1799,2,2024-03-22,SELL,3661,61.95,Equity
1800,11,2024-03-22,BUY,1462,126.23,ETF
1801,1,2024-03-22,BUY,4588,330.73,Equity
1802,15,2024-03-22,BUY,4787,268.55,Currency
1803,7,2024-03-22,SELL,2394,397.73,Equity
1804,8,2024-03-22,SELL,3251,58.64,Equity
1805,6,2024-03-22,BUY,2672,247.99,Equity
1806,15,2024-03-22,SELL,2044,268.87,Currency
1807,12,2024-03-22,SELL,2340,220.31,Bond
1808,15,2024-03-22,BUY,4077,268.45,Currency
1809,2,2024-03-22,BUY,474,61.98,Equity
1810,1,2024-03-22,BUY,1709,330.93,Equity
1811,2,2024-03-22,BUY,957,61.82,Equity
1812,11,2024-03-22,BUY,55,126.14,ETF
1813,14,2024-03-22,BUY,2116,92.7,Commodity
1814,14,2024-03-22,SELL,88,92.52,Commodity
1815,10,2024-03-22,BUY,4735,49.16,Equity
1816,12,2024-03-25,SELL,942,221.55,Bond
1817,7,2024-03-25,BUY,4618,400.45,Equity
1818,15,2024-03-25,SELL,2145,271.08,Currency
1819,15,2024-03-25,BUY,2309,270.94,Currency
1820,10,2024-03-25,SELL,3275,50.19,Equity
1821,7,2024-03-25,BUY,1035,402.07,Equity
1822,8,2024-03-25,SELL,1093,60.12,Equity
1823,1,2024-03-25,SELL,2210,343.51,Equity
1824,13,2024-03-25,BUY,1397,44.55,Commodity
1825,1,2024-03-25,BUY,4296,343.24,Equity
1826,14,2024-03-25,SELL,2923,93.49,Commodity
1827,10,2024-03-25,BUY,755,50.18,Equity
1828,10,2024-03-25,SELL,3148,50.13,Equity
1829,13,2024-03-25,SELL,2059,44.59,Commodity
1830,10,2024-03-25,BUY,1582,50.17,Equity
1831,8,2024-03-25,SELL,2895,60.03,Equity
1832,10,2024-03-25,BUY,4370,49.98,Equity
1833,4,2024-03-25,SELL,4568,111.41,Equity
1834,2,2024-03-25,SELL,2497,62.43,Equity
1835,12,2024-03-25,BUY,3624,221.58,Bond
1836,7,2024-03-25,BUY,517,401.64,Equity
1837,8,2024-03-25,SELL,1834,60.24,Equity
1838,8,2024-03-25,SELL,3637,60.1,Equity
1839,4,2024-03-25,BUY,4340,111.59,Equity
1840,11,2024-03-25,SELL,1482,124.46,ETF
1841,1,2024-03-25,BUY,1308,342.49,Equity
1842,10,2024-03-25,BUY,4001,50.13,Equity
1843,13,2024-03-25,SELL,1296,44.58,Commodity
1844,5,2024-03-25,SELL,652,376.2,Equity
1845,13,2024-03-25,BUY,922,44.56,Commodity
1846,7,2024-03-25,SELL,3313,402.18,Equity
1847,14,2024-03-25,SELL,372,93.14,Commodity
1848,7,2024-03-25,SELL,2609,401.62,Equity
1849,10,2024-03-25,SELL,4122,50.17,Equity
1850,12,2024-03-25,SELL,1070,221.35,Bond
1851,6,2024-03-26,BUY,4733,240.36,Equity
1852,14,2024-03-26,SELL,2062,91.39,Commodity
1853,15,2024-03-26,BUY,2472,272.08,Currency
1854,11,2024-03-26,SELL,155,121.02,ETF
1855,15,2024-03-26,SELL,1596,271.76,Currency
1856,15,2024-03-26,BUY,2088,271.52,Currency
1857,7,2024-03-26,BUY,4295,399.98,Equity
1858,5,2024-03-26,SELL,4983,388.45,Equity
1859,1,2024-03-26,BUY,4966,336.29,Equity
1860,13,2024-03-26,SELL,1854,44.02,Commodity
1861,9,2024-03-26,BUY,638,225.58,Equity
1862,15,2024-03-26,BUY,191,271.69,Currency
1863,8,2024-03-26,BUY,357,59.52,Equity
1864,12,2024-03-26,SELL,4240,222.28,Bond
1865,1,2024-03-26,BUY,2950,334.98,Equity
1866,12,2024-03-26,BUY,1965,222.95,Bond
1867,5,2024-03-26,SELL,587,387.63,Equity
1868,9,2024-03-26,BUY,4948,226.46,Equity
1869,12,2024-03-26,SELL,2853,222.08,Bond
1870,2,2024-03-26,BUY,1642,63.74,Equity
1871,9,2024-03-26,BUY,2502,225.99,Equity
1872,13,2024-03-26,SELL,1195,44.2,Commodity
1873,1,2024-03-26,SELL,2537,335.3,Equity
1874,14,2024-03-26,BUY,385,91.46,Commodity
1875,10,2024-03-26,SELL,497,49.07,Equity
1876,13,2024-03-26,BUY,3641,44.1,Commodity
1877,8,2024-03-26,SELL,2737,59.35,Equity
1878,1,2024-03-26,SELL,1567,336.81,Equity
1879,6,2024-03-26,SELL,3153,241.08,Equity
1880,11,2024-03-26,BUY,3225,121.14,ETF
1881,4,2024-03-26,BUY,3197,107.98,Equity
1882,3,2024-03-26,SELL,3874,115.2,Equity
1883,6,2024-03-26,BUY,3569,241.11,Equity
1884,10,2024-03-27,SELL,3587,50.11,Equity
1885,2,2024-03-27,SELL,4174,63.99,Equity
1886,13,2024-03-27,BUY,2176,44.65,Commodity
1887,7,2024-03-27,SELL,4480,396.52,Equity
1888,8,2024-03-27,BUY,3693,60.16,Equity
1889,12,2024-03-27,SELL,3893,219.51,Bond
1890,13,2024-03-27,SELL,569,44.55,Commodity
1891,15,2024-03-27,SELL,251,272.18,Currency
1892,11,2024-03-27,SELL,714,120.69,ETF
1893,5,2024-03-27,BUY,503,378.58,Equity
1894,12,2024-03-27,BUY,2692,219.78,Bond
1895,9,2024-03-27,BUY,2713,226.32,Equity
1896,11,2024-03-27,SELL,1045,120.58,ETF
1897,4,2024-03-27,SELL,3922,105.47,Equity
1898,6,2024-03-27,SELL,11,244.62,Equity
1899,5,2024-03-27,SELL,1004,379.09,Equity
1900,2,2024-03-27,BUY,3710,63.75,Equity
1901,15,2024-03-27,BUY,1056,272.92,Currency
1902,13,2024-03-27,BUY,3435,44.7,Commodity
1903,13,2024-03-27,SELL,2810,44.52,Commodity
1904,4,2024-03-27,SELL,3931,105.39,Equity
1905,3,2024-03-27,SELL,3039,110.26,Equity
1906,6,2024-03-27,SELL,123,244.77,Equity
1907,5,2024-03-27,BUY,4966,379.46,Equity
1908,6,2024-03-28,SELL,1950,246.07,Equity
1909,5,2024-03-28,BUY,1494,367.85,Equity
1910,14,2024-03-28,SELL,3598,89.35,Commodity
1911,5,2024-03-28,SELL,4064,368.25,Equity
1912,6,2024-03-28,BUY,101,245.58,Equity
1913,9,2024-03-28,SELL,3164,230.97,Equity
1914,14,2024-03-28,BUY,3665,89.36,Commodity
1915,14,2024-03-28,BUY,4199,89.62,Commodity
1916,15,2024-03-28,BUY,4265,274.48,Currency
1917,14,2024-03-28,SELL,4251,89.46,Commodity
1918,11,2024-03-28,SELL,1850,122.77,ETF
1919,14,2024-03-28,SELL,1976,89.63,Commodity
1920,5,2024-03-28,SELL,1457,368.11,Equity
1921,1,2024-03-28,BUY,2136,334.34,Equity
1922,9,2024-03-28,BUY,2480,230.87,Equity
1923,9,2024-03-28,SELL,4580,230.78,Equity
1924,1,2024-03-28,SELL,3291,333.1,Equity
1925,15,2024-03-28,SELL,1436,274.54,Currency
1926,5,2024-03-28,SELL,3822,366.57,Equity
1927,6,2024-03-28,SELL,4514,246.16,Equity
1928,8,2024-03-28,BUY,2806,61.98,Equity
1929,2,2024-03-28,SELL,1294,64.26,Equity
1930,8,2024-03-28,BUY,3107,62.0,Equity
1931,14,2024-03-28,BUY,1931,89.73,Commodity
1932,12,2024-03-28,SELL,1627,218.71,Bond
1933,1,2024-03-28,BUY,627,333.84,Equity
1934,14,2024-03-28,BUY,3268,89.56,Commodity
1935,14,2024-03-28,BUY,3485,89.42,Commodity
1936,12,2024-03-28,SELL,4479,219.31,Bond
1937,10,2024-03-28,SELL,3938,52.2,Equity
1938,7,2024-03-28,BUY,632,407.27,Equity
1939,3,2024-03-28,SELL,3814,107.92,Equity
1940,11,2024-03-28,BUY,1041,122.94,ETF
1941,7,2024-03-28,SELL,3614,406.14,Equity
1942,11,2024-03-28,SELL,849,123.04,ETF
1943,8,2024-03-28,BUY,2202,61.85,Equity
1944,10,2024-03-28,SELL,3780,52.11,Equity
1945,6,2024-03-28,SELL,4407,246.03,Equity
1946,3,2024-03-28,BUY,2594,108.2,Equity
1947,9,2024-03-29,BUY,222,236.58,Equity
1948,4,2024-03-29,SELL,584,105.94,Equity
1949,8,2024-03-29,BUY,2067,62.24,Equity
1950,3,2024-03-29,SELL,3928,107.92,Equity
1951,14,2024-03-29,BUY,546,88.67,Commodity
1952,6,2024-03-29,BUY,1490,257.57,Equity
1953,9,2024-03-29,BUY,4644,235.94,Equity
1954,8,2024-03-29,BUY,4955,62.47,Equity
1955,8,2024-03-29,BUY,3571,62.28,Equity
1956,11,2024-03-29,SELL,4972,123.34,ETF
1957,14,2024-03-29,BUY,1726,88.54,Commodity
1958,14,2024-03-29,SELL,2449,88.65,Commodity
1959,9,2024-03-29,BUY,1592,236.04,Equity
1960,5,2024-03-29,BUY,2867,371.11,Equity
1961,1,2024-03-29,BUY,2965,345.32,Equity
1962,12,2024-03-29,BUY,735,218.15,Bond
1963,3,2024-03-29,SELL,2466,107.84,Equity
1964,8,2024-03-29,SELL,4890,62.14,Equity
1965,10,2024-03-29,SELL,4686,51.43,Equity
1966,13,2024-03-29,SELL,3870,43.91,Commodity
1967,2,2024-03-29,SELL,25,64.3,Equity
1968,9,2024-03-29,BUY,3038,236.25,Equity
1969,3,2024-03-29,BUY,558,107.97,Equity
1970,13,2024-03-29,BUY,2711,43.98,Commodity
1971,7,2024-03-29,BUY,3254,408.33,Equity
1972,10,2024-03-29,BUY,3589,51.35,Equity
1973,4,2024-03-29,SELL,2470,106.43,Equity
1974,5,2024-03-29,SELL,4757,371.53,Equity
1975,2,2024-03-29,BUY,3317,64.52,Equity
1976,4,2024-03-29,BUY,3389,106.35,Equity
1977,13,2024-03-29,BUY,4634,43.93,Commodity
1978,1,2024-03-29,SELL,198,345.38,Equity
1979,14,2024-03-29,SELL,1212,88.81,Commodity
1980,14,2024-03-29,BUY,635,88.53,Commodity
1981,14,2024-03-29,BUY,2191,88.72,Commodity
1982,4,2024-03-29,SELL,420,106.08,Equity
1983,11,2024-03-29,SELL,4445,123.86,ETF
1984,1,2024-03-29,BUY,4127,345.81,Equity
1985,14,2024-03-29,BUY,783,88.56,Commodity
1986,4,2024-04-01,BUY,4860,100.96,Equity
1987,4,2024-04-01,BUY,868,100.81,Equity
1988,1,2024-04-01,SELL,2872,348.83,Equity
1989,8,2024-04-01,SELL,654,63.43,Equity
1990,13,2024-04-01,BUY,3190,43.54,Commodity
1991,4,2024-04-01,BUY,2552,101.03,Equity
1992,14,2024-04-01,BUY,60,90.19,Commodity
1993,6,2024-04-01,SELL,3450,258.74,Equity
1994,2,2024-04-01,BUY,980,66.77,Equity
1995,15,2024-04-01,SELL,1740,275.54,Currency
1996,7,2024-04-01,BUY,2940,398.37,Equity
1997,4,2024-04-01,BUY,848,101.03,Equity
1998,2,2024-04-01,BUY,2828,66.55,Equity
1999,6,2024-04-01,BUY,4744,258.06,Equity
2000,11,2024-04-01,SELL,4886,122.99,ETF
2001,2,2024-04-01,SELL,396,66.68,Equity
2002,2,2024-04-01,BUY,3117,66.56,Equity
2003,8,2024-04-01,SELL,2606,63.62,Equity
2004,10,2024-04-01,BUY,158,52.29,Equity
2005,14,2024-04-01,SELL,4711,89.88,Commodity
2006,4,2024-04-02,SELL,215,100.46,Equity
2007,1,2024-04-02,BUY,3455,360.05,Equity
2008,1,2024-04-02,BUY,682,359.01,Equity
2009,14,2024-04-02,BUY,3420,89.47,Commodity
2010,7,2024-04-02,SELL,1732,406.11,Equity
2011,6,2024-04-02,BUY,2195,261.12,Equity
2012,8,2024-04-02,BUY,1043,64.65,Equity
2013,14,2024-04-02,SELL,283,89.97,Commodity
2014,6,2024-04-02,BUY,2752,260.03,Equity
2015,11,2024-04-02,BUY,2949,120.71,ETF
2016,13,2024-04-02,SELL,3549,44.0,Commodity
2017,15,2024-04-02,SELL,4602,275.01,Currency
2018,14,2024-04-02,BUY,2471,90.0,Commodity
2019,8,2024-04-02,BUY,2178,64.79,Equity
2020,9,2024-04-02,SELL,2653,229.26,Equity
2021,2,2024-04-02,SELL,4680,67.73,Equity
2022,3,2024-04-02,SELL,268,105.12,Equity
2023,15,2024-04-02,SELL,2379,274.27,Currency
2024,15,2024-04-02,BUY,3037,274.43,Currency
2025,2,2024-04-02,BUY,1930,67.65,Equity
2026,13,2024-04-02,BUY,3257,44.02,Commodity
2027,7,2024-04-02,SELL,3619,406.31,Equity
2028,10,2024-04-02,SELL,1281,51.69,Equity
2029,9,2024-04-02,SELL,4141,229.94,Equity
2030,7,2024-04-02,BUY,2149,406.32,Equity
2031,4,2024-04-02,SELL,1192,100.27,Equity
2032,1,2024-04-02,BUY,2685,359.94,Equity
2033,13,2024-04-02,SELL,3975,43.94,Commodity
2034,4,2024-04-02,BUY,1580,100.21,Equity
2035,4,2024-04-02,SELL,3872,100.04,Equity
2036,2,2024-04-02,BUY,433,67.59,Equity
2037,9,2024-04-02,SELL,4653,229.66,Equity
2038,5,2024-04-02,SELL,1691,373.83,Equity
2039,8,2024-04-02,SELL,4273,64.8,Equity
2040,9,2024-04-02,BUY,1557,229.12,Equity
2041,1,2024-04-02,SELL,973,360.26,Equity
2042,1,2024-04-02,SELL,479,359.88,Equity
2043,9,2024-04-02,BUY,1998,229.75,Equity
2044,12,2024-04-02,SELL,624,217.93,Bond
2045,1,2024-04-02,BUY,314,360.36,Equity
2046,14,2024-04-03,SELL,2503,90.84,Commodity
2047,2,2024-04-03,BUY,1585,65.68,Equity
2048,9,2024-04-03,BUY,78,226.31,Equity
2049,10,2024-04-03,SELL,2675,52.49,Equity
2050,6,2024-04-03,BUY,4697,257.62,Equity
2051,6,2024-04-03,SELL,3543,257.15,Equity
2052,5,2024-04-03,BUY,1282,372.14,Equity
2053,12,2024-04-03,SELL,511,216.77,Bond
2054,14,2024-04-03,BUY,1572,90.81,Commodity
2055,2,2024-04-03,SELL,1203,65.64,Equity
2056,2,2024-04-03,SELL,3543,65.46,Equity
2057,2,2024-04-03,SELL,4229,65.79,Equity
2058,3,2024-04-03,SELL,319,106.92,Equity
2059,12,2024-04-03,SELL,1120,217.9,Bond
2060,7,2024-04-03,BUY,1089,408.49,Equity
2061,14,2024-04-03,SELL,4626,90.61,Commodity
2062,2,2024-04-03,BUY,25,65.44,Equity
2063,3,2024-04-03,BUY,1806,107.17,Equity
2064,1,2024-04-03,BUY,3448,364.46,Equity
2065,14,2024-04-03,SELL,2772,90.98,Commodity
2066,11,2024-04-03,SELL,3816,119.46,ETF
2067,3,2024-04-03,BUY,4502,107.01,Equity
2068,13,2024-04-03,BUY,3190,43.18,Commodity
2069,2,2024-04-03,SELL,1983,65.53,Equity
2070,7,2024-04-03,BUY,1445,410.16,Equity
2071,1,2024-04-03,SELL,2171,364.92,Equity
2072,11,2024-04-03,BUY,2580,119.51,ETF
2073,9,2024-04-03,BUY,2817,226.11,Equity
2074,6,2024-04-03,BUY,2224,257.28,Equity
2075,11,2024-04-03,BUY,3581,119.2,ETF
2076,7,2024-04-03,BUY,2724,410.53,Equity
2077,8,2024-04-03,BUY,712,65.3,Equity
2078,9,2024-04-03,SELL,1525,225.76,Equity
2079,15,2024-04-03,BUY,422,276.1,Currency
2080,6,2024-04-03,BUY,2875,258.17,Equity
2081,15,2024-04-03,BUY,3066,275.28,Currency
2082,9,2024-04-04,SELL,4867,224.93,Equity
2083,13,2024-04-04,SELL,1381,42.45,Commodity
2084,5,2024-04-04,BUY,2610,377.0,Equity
2085,2,2024-04-04,SELL,1634,64.47,Equity
2086,5,2024-04-04,BUY,2176,378.44,Equity
2087,8,2024-04-04,BUY,4650,66.56,Equity
2088,11,2024-04-04,BUY,194,120.79,ETF
2089,10,2024-04-04,BUY,3769,52.88,Equity
2090,7,2024-04-04,SELL,881,405.24,Equity
2091,4,2024-04-04,SELL,1202,98.07,Equity
2092,11,2024-04-04,SELL,4029,120.52,ETF
2093,2,2024-04-04,BUY,884,64.53,Equity
2094,13,2024-04-04,SELL,1133,42.48,Commodity
2095,4,2024-04-04,BUY,1801,98.09,Equity
2096,3,2024-04-04,SELL,545,107.81,Equity
2097,1,2024-04-04,BUY,936,362.91,Equity
2098,5,2024-04-04,SELL,2486,378.56,Equity
2099,3,2024-04-04,BUY,2320,107.83,Equity
2100,11,2024-04-04,SELL,4123,120.64,ETF
2101,11,2024-04-04,BUY,3051,120.39,ETF
2102,15,2024-04-04,BUY,1100,276.07,Currency
2103,8,2024-04-04,BUY,1049,66.52,Equity
2104,10,2024-04-05,SELL,3282,52.9,Equity
2105,11,2024-04-05,SELL,4791,117.41,ETF
2106,9,2024-04-05,SELL,1515,225.57,Equity
2107,11,2024-04-05,SELL,2514,116.94,ETF
2108,4,2024-04-05,SELL,136,99.59,Equity
2109,12,2024-04-05,SELL,2385,218.59,Bond
2110,7,2024-04-05,SELL,1385,405.84,Equity
2111,12,2024-04-05,SELL,1566,218.07,Bond
2112,7,2024-04-05,BUY,338,405.21,Equity
2113,15,2024-04-05,BUY,2325,274.55,Currency
2114,1,2024-04-05,SELL,1517,367.81,Equity
2115,2,2024-04-05,BUY,1189,66.33,Equity
2116,13,2024-04-05,SELL,77,41.11,Commodity
2117,3,2024-04-05,BUY,3035,107.35,Equity
2118,12,2024-04-05,BUY,1938,218.64,Bond
2119,15,2024-04-05,BUY,1732,274.98,Currency
2120,2,2024-04-05,SELL,1912,66.07,Equity
2121,7,2024-04-05,BUY,3543,406.53,Equity
2122,12,2024-04-05,SELL,2528,218.67,Bond
2123,15,2024-04-05,SELL,4779,274.53,Currency
2124,8,2024-04-05,BUY,927,65.64,Equity
2125,9,2024-04-05,SELL,566,226.17,Equity
2126,2,2024-04-05,SELL,4057,66.2,Equity
2127,8,2024-04-05,BUY,1975,65.63,Equity
2128,15,2024-04-05,BUY,4062,273.92,Currency
2129,11,2024-04-05,SELL,4235,117.17,ETF
2130,3,2024-04-05,SELL,2479,106.83,Equity
2131,7,2024-04-05,BUY,2486,404.96,Equity
2132,9,2024-04-05,SELL,3092,226.1,Equity
2133,8,2024-04-08,BUY,2313,65.16,Equity
2134,9,2024-04-08,SELL,2847,217.99,Equity
2135,9,2024-04-08,BUY,2934,217.7,Equity
2136,8,2024-04-08,BUY,562,65.32,Equity
2137,14,2024-04-08,SELL,4340,85.16,Commodity
2138,5,2024-04-08,SELL,412,394.86,Equity
2139,12,2024-04-08,SELL,2143,217.88,Bond
2140,10,2024-04-08,SELL,1402,51.19,Equity
2141,15,2024-04-08,BUY,3627,275.89,Currency
2142,4,2024-04-08,SELL,3202,99.83,Equity
2143,1,2024-04-08,SELL,2545,367.59,Equity
2144,7,2024-04-08,SELL,966,422.44,Equity
2145,9,2024-04-08,BUY,3345,216.95,Equity
2146,3,2024-04-08,SELL,3618,106.56,Equity
2147,5,2024-04-08,SELL,3808,395.4,Equity
2148,7,2024-04-08,SELL,4252,424.02,Equity
2149,6,2024-04-08,BUY,3801,254.6,Equity
2150,12,2024-04-08,BUY,848,217.7,Bond
2151,14,2024-04-08,BUY,2612,85.24,Commodity
2152,6,2024-04-08,SELL,1000,254.49,Equity
2153,13,2024-04-08,SELL,2281,42.45,Commodity
2154,14,2024-04-08,SELL,2824,85.36,Commodity
2155,10,2024-04-08,SELL,254,51.33,Equity
2156,10,2024-04-08,BUY,3910,51.38,Equity
2157,11,2024-04-08,BUY,2539,116.69,ETF
2158,6,2024-04-08,SELL,1734,253.28,Equity
2159,2,2024-04-09,SELL,1614,67.45,Equity
2160,15,2024-04-09,SELL,864,276.42,Currency
2161,3,2024-04-09,SELL,4824,107.2,Equity
2162,11,2024-04-09,BUY,4717,113.96,ETF
2163,6,2024-04-09,SELL,3678,256.62,Equity
2164,5,2024-04-09,BUY,3014,399.96,Equity
2165,13,2024-04-09,BUY,2684,42.22,Commodity
2166,2,2024-04-09,SELL,3853,67.52,Equity
2167,9,2024-04-09,SELL,3541,211.66,Equity
2168,15,2024-04-09,SELL,2533,277.69,Currency
2169,13,2024-04-09,SELL,1779,42.11,Commodity
2170,3,2024-04-09,BUY,1270,107.1,Equity
2171,3,2024-04-09,BUY,2264,107.13,Equity
2172,7,2024-04-09,SELL,4686,431.37,Equity
2173,8,2024-04-09,BUY,3090,66.86,Equity
2174,12,2024-04-09,BUY,885,217.19,Bond
2175,9,2024-04-09,SELL,3445,211.31,Equity
2176,7,2024-04-09,SELL,1909,431.45,Equity
2177,6,2024-04-09,BUY,460,256.44,Equity
2178,3,2024-04-09,BUY,4703,107.31,Equity
2179,4,2024-04-10,BUY,495,103.72,Equity
2180,1,2024-04-10,SELL,2855,376.71,Equity
2181,15,2024-04-10,SELL,939,276.42,Currency
2182,13,2024-04-10,SELL,4441,41.42,Commodity
2183,5,2024-04-10,SELL,1047,403.69,Equity
2184,5,2024-04-10,SELL,601,403.42,Equity
2185,12,2024-04-10,BUY,282,217.24,Bond
2186,11,2024-04-10,BUY,281,116.09,ETF
2187,7,2024-04-10,SELL,3318,426.47,Equity
2188,5,2024-04-10,BUY,3384,403.52,Equity
2189,3,2024-04-10,BUY,2980,107.71,Equity
2190,14,2024-04-10,SELL,2590,83.55,Commodity
2191,7,2024-04-10,SELL,4845,426.59,Equity
2192,15,2024-04-10,SELL,234,275.86,Currency
2193,7,2024-04-10,SELL,1929,424.77,Equity
2194,5,2024-04-10,BUY,2225,405.35,Equity
2195,3,2024-04-10,BUY,4067,108.17,Equity
2196,15,2024-04-10,SELL,1787,275.43,Currency
2197,11,2024-04-10,BUY,3740,116.03,ETF
2198,3,2024-04-10,BUY,4608,107.94,Equity
2199,10,2024-04-10,SELL,4160,51.76,Equity
2200,12,2024-04-10,SELL,3996,217.42,Bond
2201,3,2024-04-10,SELL,280,107.69,Equity
2202,13,2024-04-10,SELL,3869,41.46,Commodity
2203,9,2024-04-10,SELL,1758,208.76,Equity
2204,13,2024-04-10,BUY,977,41.32,Commodity
2205,13,2024-04-10,BUY,281,41.46,Commodity
2206,3,2024-04-10,BUY,1712,107.98,Equity
2207,6,2024-04-10,BUY,1221,251.13,Equity
2208,8,2024-04-10,SELL,372,65.94,Equity
2209,13,2024-04-10,BUY,3266,41.46,Commodity
2210,11,2024-04-10,BUY,2172,115.91,ETF
2211,11,2024-04-10,SELL,4506,115.89,ETF
2212,1,2024-04-10,SELL,908,378.72,Equity
2213,12,2024-04-10,BUY,3435,216.35,Bond
2214,12,2024-04-10,SELL,2671,217.03,Bond
2215,3,2024-04-10,SELL,4806,107.8,Equity
2216,11,2024-04-10,SELL,466,115.8,ETF
2217,15,2024-04-10,SELL,3130,275.43,Currency
2218,10,2024-04-11,BUY,2564,51.69,Equity
2219,7,2024-04-11,BUY,423,429.41,Equity
2220,10,2024-04-11,SELL,3014,51.63,Equity
2221,2,2024-04-11,BUY,2182,67.68,Equity
2222,8,2024-04-11,BUY,1377,66.13,Equity
2223,7,2024-04-11,SELL,279,429.88,Equity
2224,4,2024-04-11,SELL,3397,103.51,Equity
2225,14,2024-04-11,BUY,1956,84.64,Commodity
2226,14,2024-04-11,BUY,2256,84.36,Commodity
2227,5,2024-04-11,SELL,3264,406.51,Equity
2228,9,2024-04-11,SELL,717,209.5,Equity
2229,10,2024-04-11,BUY,3324,51.64,Equity
2230,7,2024-04-11,BUY,1451,431.25,Equity
2231,11,2024-04-11,SELL,3984,116.58,ETF
2232,13,2024-04-11,BUY,640,40.99,Commodity
2233,9,2024-04-11,SELL,944,209.62,Equity
2234,10,2024-04-11,BUY,3730,51.6,Equity
2235,10,2024-04-11,BUY,3331,51.73,Equity
2236,3,2024-04-11,BUY,1081,108.99,Equity
2237,10,2024-04-11,BUY,2862,51.62,Equity
2238,5,2024-04-11,BUY,4531,407.57,Equity
2239,13,2024-04-11,SELL,3207,40.81,Commodity
2240,7,2024-04-11,SELL,3979,429.45,Equity
2241,11,2024-04-11,SELL,2992,116.75,ETF
2242,15,2024-04-11,BUY,3581,276.05,Currency
2243,8,2024-04-11,BUY,1934,66.28,Equity
2244,5,2024-04-11,BUY,4218,406.98,Equity
2245,14,2024-04-11,BUY,3875,84.42,Commodity
2246,7,2024-04-11,BUY,2890,431.18,Equity
2247,10,2024-04-11,BUY,3197,51.67,Equity
2248,7,2024-04-11,SELL,4250,429.09,Equity
2249,1,2024-04-11,SELL,4833,374.42,Equity
2250,4,2024-04-12,BUY,216,106.26,Equity
2251,13,2024-04-12,BUY,3979,41.28,Commodity
2252,1,2024-04-12,BUY,3361,369.97,Equity
2253,1,2024-04-12,SELL,3863,370.45,Equity
2254,10,2024-04-12,BUY,4600,51.36,Equity
2255,15,2024-04-12,BUY,3717,274.01,Currency
2256,5,2024-04-12,BUY,923,411.08,Equity
2257,8,2024-04-12,SELL,3692,65.35,Equity
2258,8,2024-04-12,BUY,4751,65.09,Equity
2259,3,2024-04-12,SELL,4133,111.92,Equity
2260,14,2024-04-12,SELL,2140,82.55,Commodity
2261,14,2024-04-12,SELL,1041,82.77,Commodity
2262,12,2024-04-12,BUY,3247,216.04,Bond
2263,14,2024-04-12,BUY,1167,82.85,Commodity
2264,1,2024-04-12,SELL,1434,370.28,Equity
2265,9,2024-04-12,BUY,2841,207.23,Equity
2266,2,2024-04-12,SELL,626,67.11,Equity
2267,1,2024-04-12,BUY,4923,369.7,Equity
2268,12,2024-04-12,BUY,2162,215.12,Bond
2269,4,2024-04-12,BUY,3237,106.69,Equity
2270,8,2024-04-12,BUY,2211,65.33,Equity
2271,6,2024-04-12,BUY,1531,238.54,Equity
2272,10,2024-04-12,SELL,1124,51.47,Equity
2273,4,2024-04-12,BUY,3977,106.35,Equity
2274,15,2024-04-12,BUY,844,274.0,Currency
2275,6,2024-04-12,BUY,1206,238.3,Equity
2276,13,2024-04-12,BUY,3224,41.19,Commodity
2277,10,2024-04-12,BUY,1532,51.52,Equity
2278,15,2024-04-12,SELL,2087,273.28,Currency
2279,2,2024-04-12,SELL,2780,67.17,Equity
2280,7,2024-04-15,BUY,4488,419.14,Equity
2281,13,2024-04-15,SELL,4866,42.39,Commodity
2282,15,2024-04-15,BUY,1851,272.51,Currency
2283,7,2024-04-15,SELL,48,420.52,Equity
2284,6,2024-04-15,SELL,2661,242.15,Equity
2285,11,2024-04-15,SELL,3246,117.98,ETF
2286,15,2024-04-15,SELL,548,273.78,Currency
2287,2,2024-04-15,BUY,1748,65.16,Equity
2288,3,2024-04-15,BUY,3724,111.65,Equity
2289,12,2024-04-15,BUY,4785,215.65,Bond
2290,9,2024-04-15,SELL,3283,207.15,Equity
2291,6,2024-04-15,BUY,3375,242.28,Equity
2292,7,2024-04-15,SELL,528,420.57,Equity
2293,8,2024-04-15,SELL,2964,63.45,Equity
2294,10,2024-04-15,BUY,4900,51.33,Equity
2295,14,2024-04-15,SELL,4804,83.59,Commodity
2296,1,2024-04-15,BUY,1139,373.87,Equity
2297,5,2024-04-15,SELL,4696,413.33,Equity
2298,13,2024-04-15,SELL,863,42.41,Commodity
2299,4,2024-04-15,SELL,47,108.13,Equity
2300,4,2024-04-15,SELL,1280,107.85,Equity
2301,2,2024-04-15,SELL,1282,64.97,Equity
2302,8,2024-04-16,SELL,3855,63.36,Equity
2303,12,2024-04-16,SELL,1221,214.17,Bond
2304,2,2024-04-16,BUY,2480,64.48,Equity
2305,11,2024-04-16,BUY,4846,118.28,ETF
2306,4,2024-04-16,BUY,4731,104.54,Equity
2307,4,2024-04-16,SELL,3645,104.65,Equity
2308,8,2024-04-16,SELL,836,63.08,Equity
2309,3,2024-04-16,SELL,4437,109.24,Equity
2310,9,2024-04-16,SELL,130,208.93,Equity
2311,4,2024-04-16,BUY,1388,104.82,Equity
2312,1,2024-04-16,SELL,2582,379.01,Equity
2313,6,2024-04-16,BUY,1792,242.65,Equity
2314,7,2024-04-16,BUY,2424,413.51,Equity
2315,2,2024-04-16,SELL,647,64.66,Equity
2316,11,2024-04-16,BUY,3128,117.85,ETF
2317,13,2024-04-16,BUY,2862,41.95,Commodity
2318,11,2024-04-16,BUY,2946,118.3,ETF
2319,14,2024-04-16,BUY,2001,83.11,Commodity
2320,11,2024-04-16,BUY,2661,117.9,ETF
2321,8,2024-04-16,SELL,4470,63.29,Equity
2322,3,2024-04-16,BUY,277,109.34,Equity
2323,9,2024-04-16,BUY,4676,209.48,Equity
2324,10,2024-04-16,SELL,2803,50.77,Equity
2325,3,2024-04-17,SELL,2849,107.2,Equity
2326,11,2024-04-17,SELL,4703,115.1,ETF
2327,2,2024-04-17,BUY,3509,65.53,Equity
2328,6,2024-04-17,SELL,4899,238.86,Equity
2329,2,2024-04-17,SELL,2649,65.33,Equity
2330,7,2024-04-17,SELL,827,393.24,Equity
2331,15,2024-04-17,SELL,919,274.29,Currency
2332,7,2024-04-17,SELL,2392,394.77,Equity
2333,2,2024-04-17,SELL,833,65.4,Equity
2334,1,2024-04-17,SELL,2243,371.05,Equity
2335,8,2024-04-17,BUY,3975,66.51,Equity
2336,13,2024-04-17,BUY,3143,42.24,Commodity
2337,3,2024-04-17,SELL,2137,107.22,Equity
2338,7,2024-04-17,SELL,1970,394.67,Equity
2339,3,2024-04-17,BUY,3724,107.42,Equity
2340,14,2024-04-17,SELL,13,81.99,Commodity
2341,7,2024-04-17,SELL,1160,395.1,Equity
2342,7,2024-04-17,SELL,1163,394.79,Equity
2343,5,2024-04-17,BUY,4553,407.69,Equity
2344,10,2024-04-17,BUY,543,52.11,Equity
2345,2,2024-04-17,SELL,3645,65.45,Equity
2346,8,2024-04-18,SELL,4582,64.99,Equity
2347,5,2024-04-18,SELL,2127,393.27,Equity
2348,13,2024-04-18,BUY,4986,41.99,Commodity
2349,11,2024-04-18,SELL,2832,113.35,ETF
2350,2,2024-04-18,SELL,2753,65.32,Equity
2351,1,2024-04-18,SELL,3213,376.24,Equity
2352,7,2024-04-18,BUY,2426,392.42,Equity
2353,9,2024-04-18,SELL,410,207.57,Equity
2354,14,2024-04-18,SELL,1039,80.33,Commodity
2355,8,2024-04-18,SELL,2314,64.97,Equity
2356,7,2024-04-18,BUY,4776,391.46,Equity
2357,5,2024-04-18,BUY,2924,395.45,Equity
2358,13,2024-04-18,BUY,2898,41.88,Commodity
2359,7,2024-04-18,BUY,1796,391.96,Equity
2360,11,2024-04-18,SELL,1324,113.52,ETF
2361,9,2024-04-18,BUY,1565,207.43,Equity
2362,4,2024-04-18,BUY,3512,106.82,Equity
2363,4,2024-04-18,SELL,1670,107.11,Equity
2364,9,2024-04-18,SELL,4752,207.42,Equity
2365,10,2024-04-18,SELL,3828,51.21,Equity
2366,9,2024-04-18,SELL,4202,208.45,Equity
2367,12,2024-04-18,BUY,1171,213.95,Bond
2368,11,2024-04-18,SELL,1866,113.51,ETF
2369,7,2024-04-18,BUY,3458,391.72,Equity
2370,9,2024-04-18,SELL,804,207.38,Equity
2371,13,2024-04-18,BUY,3591,41.88,Commodity
2372,4,2024-04-18,SELL,4900,106.99,Equity
2373,6,2024-04-18,BUY,4970,235.2,Equity
2374,6,2024-04-18,BUY,3491,235.76,Equity
2375,9,2024-04-18,SELL,4126,208.26,Equity
2376,3,2024-04-18,SELL,4418,102.74,Equity
2377,13,2024-04-18,BUY,4980,41.93,Commodity
2378,8,2024-04-18,BUY,4274,64.97,Equity
2379,12,2024-04-18,SELL,1004,214.09,Bond
2380,4,2024-04-18,SELL,1806,106.56,Equity
2381,15,2024-04-18,BUY,2167,273.57,Currency
2382,2,2024-04-18,SELL,2077,65.32,Equity
2383,14,2024-04-18,BUY,4759,80.11,Commodity
2384,14,2024-04-18,SELL,1214,80.07,Commodity
2385,3,2024-04-18,SELL,4061,102.64,Equity
2386,1,2024-04-19,SELL,1311,383.13,Equity
2387,12,2024-04-19,SELL,3821,214.81,Bond
2388,13,2024-04-19,BUY,1657,42.1,Commodity
2389,15,2024-04-19,SELL,3540,272.05,Currency
2390,14,2024-04-19,BUY,419,78.25,Commodity
2391,13,2024-04-19,SELL,4682,42.21,Commodity
2392,8,2024-04-19,SELL,640,67.61,Equity
2393,1,2024-04-19,BUY,3247,383.04,Equity
2394,6,2024-04-19,BUY,2327,235.97,Equity
2395,3,2024-04-19,BUY,2307,102.34,Equity
2396,7,2024-04-19,BUY,2980,395.99,Equity
2397,5,2024-04-19,BUY,522,405.69,Equity
2398,9,2024-04-19,BUY,4626,211.25,Equity
2399,1,2024-04-19,BUY,2612,381.62,Equity
2400,12,2024-04-19,BUY,242,213.54,Bond
2401,10,2024-04-19,SELL,376,50.34,Equity
2402,12,2024-04-19,BUY,2499,214.1,Bond
2403,15,2024-04-19,SELL,1455,272.44,Currency
2404,1,2024-04-19,SELL,3042,382.16,Equity
2405,4,2024-04-19,SELL,4138,108.88,Equity
2406,10,2024-04-19,BUY,2078,50.5,Equity
2407,15,2024-04-19,SELL,2835,272.22,Currency
2408,13,2024-04-19,SELL,2576,42.1,Commodity
2409,9,2024-04-19,SELL,2332,211.23,Equity
2410,7,2024-04-19,BUY,1612,394.76,Equity
2411,4,2024-04-19,SELL,3404,108.98,Equity
2412,10,2024-04-19,BUY,1707,50.53,Equity
2413,9,2024-04-19,BUY,444,211.77,Equity
2414,5,2024-04-19,BUY,1717,404.57,Equity
2415,13,2024-04-22,BUY,3332,42.68,Commodity
2416,13,2024-04-22,SELL,2164,42.72,Commodity
2417,1,2024-04-22,BUY,3009,387.19,Equity
2418,10,2024-04-22,BUY,2391,50.03,Equity
2419,2,2024-04-22,SELL,3975,62.18,Equity
2420,11,2024-04-22,BUY,1680,114.94,ETF
2421,11,2024-04-22,BUY,357,115.41,ETF
2422,12,2024-04-22,SELL,919,215.03,Bond
2423,14,2024-04-22,BUY,828,78.32,Commodity
2424,9,2024-04-22,BUY,763,213.06,Equity
2425,11,2024-04-22,BUY,3563,115.2,ETF
2426,10,2024-04-22,BUY,1810,49.77,Equity
2427,15,2024-04-22,SELL,3789,275.84,Currency
2428,11,2024-04-22,BUY,705,115.2,ETF
2429,14,2024-04-22,BUY,4466,78.4,Commodity
2430,15,2024-04-22,BUY,1273,275.73,Currency
2431,4,2024-04-22,BUY,3279,109.58,Equity
2432,11,2024-04-22,SELL,61,115.28,ETF
2433,3,2024-04-22,SELL,3694,103.38,Equity
2434,6,2024-04-22,BUY,2940,233.31,Equity
2435,5,2024-04-22,BUY,579,412.32,Equity
2436,11,2024-04-22,BUY,2866,114.95,ETF
2437,13,2024-04-22,SELL,1524,42.65,Commodity
2438,4,2024-04-22,SELL,1341,109.12,Equity
2439,1,2024-04-22,BUY,1906,386.88,Equity
2440,5,2024-04-22,BUY,481,411.38,Equity
2441,8,2024-04-22,SELL,626,67.6,Equity
2442,1,2024-04-22,BUY,4937,387.2,Equity
2443,11,2024-04-22,BUY,3001,115.27,ETF
2444,3,2024-04-22,SELL,1988,103.38,Equity
2445,4,2024-04-22,BUY,211,109.17,Equity
2446,12,2024-04-22,SELL,1865,214.61,Bond
2447,15,2024-04-22,BUY,3652,274.84,Currency
2448,14,2024-04-23,BUY,2430,78.98,Commodity
2449,1,2024-04-23,BUY,2467,387.4,Equity
2450,7,2024-04-23,BUY,1938,414.68,Equity
2451,6,2024-04-23,SELL,2723,233.97,Equity
2452,1,2024-04-23,BUY,23,387.64,Equity
2453,2,2024-04-23,SELL,2550,61.05,Equity
2454,5,2024-04-23,SELL,4034,405.81,Equity
2455,1,2024-04-23,SELL,2230,386.19,Equity
2456,2,2024-04-23,SELL,124,61.29,Equity
2457,11,2024-04-23,BUY,1403,114.7,ETF
2458,11,2024-04-23,SELL,3747,114.85,ETF
2459,10,2024-04-23,BUY,1107,50.62,Equity
2460,5,2024-04-23,BUY,4713,404.54,Equity
2461,4,2024-04-23,BUY,61,107.65,Equity
2462,2,2024-04-23,BUY,1890,61.17,Equity
2463,3,2024-04-23,BUY,458,102.13,Equity
2464,15,2024-04-23,SELL,1421,275.91,Currency
2465,14,2024-04-23,SELL,2686,79.19,Commodity
2466,15,2024-04-23,BUY,1285,275.64,Currency
2467,8,2024-04-23,BUY,466,66.94,Equity
2468,10,2024-04-23,SELL,1743,50.58,Equity
2469,1,2024-04-23,BUY,1307,386.87,Equity
2470,8,2024-04-23,SELL,3527,66.91,Equity
2471,9,2024-04-23,BUY,977,214.22,Equity
2472,8,2024-04-23,SELL,3433,66.8,Equity
2473,14,2024-04-23,BUY,1763,78.87,Commodity
2474,10,2024-04-23,SELL,4611,50.57,Equity
2475,10,2024-04-23,SELL,3269,50.8,Equity
2476,7,2024-04-23,BUY,533,413.73,Equity
2477,3,2024-04-23,SELL,4910,101.54,Equity
2478,5,2024-04-24,SELL,625,421.65,Equity
2479,8,2024-04-24,SELL,1714,66.97,Equity
2480,7,2024-04-24,BUY,3711,416.91,Equity
2481,15,2024-04-24,BUY,2867,276.64,Currency
2482,15,2024-04-24,SELL,4171,275.64,Currency
2483,7,2024-04-24,SELL,4087,416.1,Equity
2484,10,2024-04-24,SELL,2658,50.98,Equity
2485,8,2024-04-24,BUY,2644,66.72,Equity
2486,7,2024-04-24,SELL,438,416.0,Equity
2487,10,2024-04-24,SELL,2304,51.04,Equity
2488,2,2024-04-24,BUY,3074,61.18,Equity
2489,1,2024-04-24,SELL,1135,396.11,Equity
2490,14,2024-04-24,SELL,3391,78.45,Commodity
2491,1,2024-04-24,SELL,1367,395.04,Equity
2492,7,2024-04-24,SELL,2935,415.13,Equity
2493,12,2024-04-24,BUY,2462,216.39,Bond
2494,7,2024-04-24,BUY,3202,415.56,Equity
2495,12,2024-04-24,BUY,4143,215.98,Bond
2496,12,2024-04-24,SELL,847,216.04,Bond
2497,13,2024-04-24,SELL,2715,41.54,Commodity
2498,13,2024-04-24,BUY,236,41.69,Commodity
2499,3,2024-04-24,BUY,2751,104.03,Equity
2500,3,2024-04-24,BUY,4606,103.93,Equity
2501,10,2024-04-24,SELL,2184,50.99,Equity
2502,7,2024-04-24,BUY,4045,415.96,Equity
2503,6,2024-04-24,BUY,2415,232.02,Equity
2504,5,2024-04-24,SELL,760,420.55,Equity
2505,2,2024-04-24,BUY,4903,61.31,Equity
2506,5,2024-04-24,SELL,4600,421.27,Equity
2507,12,2024-04-24,SELL,1841,216.67,Bond
2508,14,2024-04-24,BUY,2725,78.45,Commodity
2509,11,2024-04-24,SELL,4683,114.31,ETF
2510,14,2024-04-24,BUY,3559,78.49,Commodity
2511,4,2024-04-24,SELL,4925,106.61,Equity
2512,3,2024-04-24,BUY,4516,104.36,Equity
2513,11,2024-04-24,SELL,658,113.99,ETF
2514,1,2024-04-24,BUY,548,395.33,Equity
2515,8,2024-04-24,SELL,4721,66.85,Equity
2516,2,2024-04-25,BUY,2362,62.48,Equity
2517,7,2024-04-25,BUY,1729,409.79,Equity
2518,1,2024-04-25,BUY,450,394.46,Equity
2519,1,2024-04-25,SELL,2649,395.15,Equity
2520,7,2024-04-25,BUY,3715,410.96,Equity
2521,5,2024-04-25,BUY,239,421.47,Equity
2522,6,2024-04-25,SELL,3016,231.97,Equity
2523,4,2024-04-25,SELL,2392,105.98,Equity
2524,12,2024-04-25,SELL,1386,214.98,Bond
2525,12,2024-04-25,SELL,1344,214.89,Bond
2526,9,2024-04-25,SELL,745,214.8,Equity
2527,3,2024-04-25,SELL,2635,104.39,Equity
2528,1,2024-04-25,SELL,4492,394.76,Equity
2529,6,2024-04-25,SELL,295,231.88,Equity
2530,5,2024-04-25,BUY,2750,421.83,Equity
2531,2,2024-04-25,BUY,4710,62.22,Equity
2532,6,2024-04-25,SELL,3826,232.26,Equity
2533,14,2024-04-25,SELL,4755,81.34,Commodity
2534,11,2024-04-25,BUY,3302,114.27,ETF
2535,11,2024-04-25,SELL,4818,114.4,ETF
2536,4,2024-04-25,SELL,833,105.86,Equity
2537,9,2024-04-25,SELL,4569,213.94,Equity
2538,6,2024-04-26,SELL,4826,235.43,Equity
2539,9,2024-04-26,BUY,3978,207.96,Equity
2540,1,2024-04-26,SELL,4786,394.65,Equity
2541,3,2024-04-26,BUY,3416,106.11,Equity
2542,11,2024-04-26,BUY,3078,111.87,ETF
2543,11,2024-04-26,SELL,4909,111.62,ETF
2544,15,2024-04-26,BUY,4300,278.02,Currency
2545,8,2024-04-26,SELL,1029,67.94,Equity
2546,3,2024-04-26,BUY,2910,106.25,Equity
2547,11,2024-04-26,BUY,232,112.22,ETF
2548,13,2024-04-26,SELL,3003,42.85,Commodity
2549,12,2024-04-26,SELL,4790,214.79,Bond
2550,13,2024-04-26,SELL,1693,42.77,Commodity
2551,10,2024-04-26,SELL,1604,51.87,Equity
2552,15,2024-04-26,SELL,1651,277.29,Currency
2553,6,2024-04-26,SELL,4861,235.24,Equity
2554,4,2024-04-26,SELL,4341,103.81,Equity
2555,1,2024-04-26,BUY,4607,394.41,Equity
2556,11,2024-04-26,BUY,992,112.09,ETF
2557,4,2024-04-26,SELL,2678,104.05,Equity
2558,15,2024-04-26,BUY,1717,277.28,Currency
2559,5,2024-04-26,BUY,1373,419.5,Equity
2560,11,2024-04-26,SELL,112,112.05,ETF
2561,15,2024-04-26,BUY,1194,277.76,Currency
2562,8,2024-04-26,SELL,1975,68.04,Equity
2563,9,2024-04-26,SELL,345,208.44,Equity
2564,12,2024-04-26,BUY,1582,215.52,Bond
2565,3,2024-04-26,BUY,423,106.26,Equity
2566,3,2024-04-26,BUY,453,105.93,Equity
2567,9,2024-04-26,SELL,1969,208.46,Equity
2568,2,2024-04-26,SELL,4228,63.73,Equity
2569,13,2024-04-26,BUY,3412,42.82,Commodity
2570,10,2024-04-26,SELL,3907,51.73,Equity
2571,13,2024-04-26,BUY,2393,42.84,Commodity
2572,11,2024-04-26,SELL,4853,111.62,ETF
2573,12,2024-04-26,BUY,4197,215.02,Bond
2574,3,2024-04-26,SELL,808,106.05,Equity
2575,12,2024-04-26,BUY,4426,215.68,Bond
2576,11,2024-04-26,BUY,793,111.76,ETF
2577,11,2024-04-29,SELL,1727,112.31,ETF
2578,4,2024-04-29,BUY,2806,104.97,Equity
2579,8,2024-04-29,BUY,2730,68.15,Equity
2580,11,2024-04-29,BUY,4089,112.28,ETF
2581,4,2024-04-29,SELL,4274,104.58,Equity
2582,7,2024-04-29,BUY,1339,405.55,Equity
2583,11,2024-04-29,SELL,1287,112.55,ETF
2584,15,2024-04-29,SELL,3437,278.26,Currency
2585,5,2024-04-29,SELL,1449,418.2,Equity
2586,7,2024-04-29,SELL,81,406.99,Equity
2587,7,2024-04-29,BUY,366,406.69,Equity
2588,2,2024-04-29,BUY,2204,65.29,Equity
2589,14,2024-04-29,SELL,3554,80.69,Commodity
2590,11,2024-04-29,SELL,1755,112.4,ETF
2591,14,2024-04-29,BUY,962,80.91,Commodity
2592,4,2024-04-29,SELL,369,104.9,Equity
2593,2,2024-04-29,BUY,1974,65.39,Equity
2594,15,2024-04-29,SELL,4448,278.87,Currency
2595,15,2024-04-29,SELL,231,278.32,Currency
2596,14,2024-04-29,BUY,4324,80.69,Commodity
2597,10,2024-04-29,SELL,2926,50.85,Equity
2598,15,2024-04-29,SELL,4874,278.07,Currency
2599,6,2024-04-29,SELL,3829,233.03,Equity
2600,11,2024-04-29,BUY,2376,112.46,ETF
2601,13,2024-04-29,SELL,1038,41.9,Commodity
2602,8,2024-04-29,SELL,3384,67.96,Equity
2603,5,2024-04-29,BUY,2163,420.04,Equity
2604,6,2024-04-29,BUY,2332,232.27,Equity
2605,5,2024-04-29,SELL,2984,419.21,Equity
2606,9,2024-04-29,BUY,2405,208.07,Equity
2607,3,2024-04-29,SELL,1112,105.93,Equity
2608,9,2024-04-29,SELL,2451,207.62,Equity
2609,14,2024-04-29,BUY,4599,80.84,Commodity
2610,15,2024-04-29,BUY,2058,277.73,Currency
2611,2,2024-04-29,SELL,4581,65.4,Equity
2612,4,2024-04-30,BUY,1843,102.52,Equity
2613,12,2024-04-30,SELL,2797,214.48,Bond
2614,4,2024-04-30,BUY,4005,102.34,Equity
2615,15,2024-04-30,BUY,3625,276.7,Currency
2616,6,2024-04-30,SELL,1251,234.82,Equity
2617,2,2024-04-30,BUY,2609,63.34,Equity
2618,13,2024-04-30,BUY,1677,41.54,Commodity
2619,11,2024-04-30,BUY,2263,112.05,ETF
2620,3,2024-04-30,SELL,3899,104.65,Equity
2621,4,2024-04-30,SELL,1207,102.07,Equity
2622,5,2024-04-30,BUY,4918,424.33,Equity
2623,4,2024-04-30,SELL,413,102.62,Equity
2624,1,2024-04-30,SELL,1945,407.59,Equity
2625,10,2024-04-30,SELL,3745,50.96,Equity
2626,6,2024-04-30,BUY,804,235.99,Equity
2627,9,2024-04-30,SELL,4347,209.09,Equity
2628,11,2024-04-30,SELL,3005,111.78,ETF
2629,15,2024-04-30,BUY,3410,277.05,Currency
2630,3,2024-04-30,BUY,4330,104.95,Equity
2631,13,2024-04-30,SELL,829,41.51,Commodity
2632,9,2024-04-30,SELL,4166,209.56,Equity
2633,12,2024-04-30,BUY,4333,214.3,Bond
2634,13,2024-05-01,SELL,1495,41.76,Commodity
2635,8,2024-05-01,BUY,2347,67.42,Equity
2636,11,2024-05-01,BUY,3382,110.22,ETF
2637,4,2024-05-01,SELL,2790,105.52,Equity
2638,5,2024-05-01,BUY,1546,427.48,Equity
2639,11,2024-05-01,SELL,819,110.56,ETF
2640,8,2024-05-01,BUY,113,67.48,Equity
2641,14,2024-05-01,BUY,1527,78.79,Commodity
2642,5,2024-05-01,BUY,271,428.98,Equity
2643,10,2024-05-01,BUY,3774,50.14,Equity
2644,7,2024-05-01,BUY,1824,418.98,Equity
2645,11,2024-05-01,BUY,41,110.48,ETF
2646,11,2024-05-01,SELL,1408,110.25,ETF
2647,8,2024-05-01,BUY,4702,67.67,Equity
2648,15,2024-05-01,SELL,983,276.09,Currency
2649,2,2024-05-01,BUY,3006,63.9,Equity
2650,13,2024-05-01,SELL,4926,41.86,Commodity
2651,1,2024-05-01,BUY,2494,407.7,Equity
2652,10,2024-05-01,BUY,3866,50.3,Equity
2653,5,2024-05-01,SELL,2958,427.21,Equity
2654,1,2024-05-01,SELL,3154,407.01,Equity
2655,11,2024-05-01,BUY,2923,110.14,ETF
2656,15,2024-05-01,BUY,708,274.76,Currency
2657,8,2024-05-02,SELL,4161,69.13,Equity
2658,2,2024-05-02,SELL,3333,61.01,Equity
2659,15,2024-05-02,BUY,883,275.82,Currency
2660,1,2024-05-02,BUY,3060,397.88,Equity
2661,1,2024-05-02,BUY,3833,398.27,Equity
2662,1,2024-05-02,BUY,1045,397.76,Equity
2663,7,2024-05-02,BUY,2791,432.63,Equity
2664,6,2024-05-02,BUY,210,240.35,Equity
2665,1,2024-05-02,BUY,3171,399.28,Equity
2666,13,2024-05-02,SELL,3872,42.48,Commodity
2667,4,2024-05-02,SELL,1949,104.65,Equity
2668,14,2024-05-02,SELL,756,79.13,Commodity
2669,9,2024-05-02,SELL,3009,212.7,Equity
2670,14,2024-05-02,SELL,1868,79.18,Commodity
2671,15,2024-05-02,BUY,887,274.65,Currency
2672,13,2024-05-02,BUY,4400,42.3,Commodity
2673,7,2024-05-02,BUY,3897,432.96,Equity
2674,6,2024-05-02,BUY,774,239.14,Equity
2675,11,2024-05-02,BUY,1694,111.27,ETF
2676,12,2024-05-02,BUY,441,214.91,Bond
2677,3,2024-05-02,BUY,3619,106.66,Equity
2678,1,2024-05-02,SELL,3732,398.83,Equity
2679,9,2024-05-02,BUY,2880,212.27,Equity
2680,3,2024-05-02,BUY,2680,106.83,Equity
2681,15,2024-05-02,SELL,2767,275.94,Currency
2682,13,2024-05-02,SELL,4059,42.36,Commodity
2683,13,2024-05-02,BUY,3553,42.42,Commodity
2684,5,2024-05-02,SELL,2909,436.5,Equity
2685,14,2024-05-02,BUY,1700,78.96,Commodity
2686,4,2024-05-02,SELL,2321,104.41,Equity
2687,15,2024-05-02,BUY,3622,274.63,Currency
2688,5,2024-05-02,SELL,3484,435.33,Equity
2689,7,2024-05-02,BUY,1381,431.51,Equity
2690,12,2024-05-02,SELL,3203,214.81,Bond
2691,5,2024-05-02,SELL,4827,434.18,Equity
2692,13,2024-05-02,SELL,2757,42.5,Commodity
2693,13,2024-05-02,BUY,2420,42.45,Commodity
2694,3,2024-05-02,BUY,2959,107.03,Equity
2695,5,2024-05-03,BUY,3010,435.86,Equity
2696,8,2024-05-03,BUY,3085,69.94,Equity
2697,8,2024-05-03,BUY,3271,69.85,Equity
2698,11,2024-05-03,BUY,2386,110.15,ETF
2699,13,2024-05-03,SELL,1829,41.58,Commodity
2700,7,2024-05-03,BUY,1016,428.76,Equity
2701,14,2024-05-03,SELL,1931,82.95,Commodity
2702,10,2024-05-03,SELL,1526,52.4,Equity
2703,2,2024-05-03,SELL,2303,61.6,Equity
2704,5,2024-05-03,BUY,775,436.01,Equity
2705,11,2024-05-03,SELL,1760,110.14,ETF
2706,8,2024-05-03,BUY,4308,70.0,Equity
2707,9,2024-05-03,BUY,4361,213.94,Equity
2708,4,2024-05-03,SELL,4329,105.49,Equity
2709,6,2024-05-03,SELL,4127,229.81,Equity
2710,4,2024-05-03,SELL,2146,105.24,Equity
2711,11,2024-05-03,SELL,3066,110.1,ETF
2712,8,2024-05-03,SELL,2139,69.89,Equity
2713,12,2024-05-03,SELL,1337,216.14,Bond
2714,11,2024-05-03,BUY,2494,109.73,ETF
2715,9,2024-05-03,BUY,3921,213.33,Equity
2716,9,2024-05-03,SELL,4803,214.16,Equity
2717,15,2024-05-03,SELL,515,276.0,Currency
2718,15,2024-05-03,SELL,4290,276.09,Currency
2719,14,2024-05-03,SELL,3952,82.97,Commodity
2720,13,2024-05-03,SELL,1915,41.58,Commodity
2721,9,2024-05-03,BUY,2742,213.59,Equity
2722,9,2024-05-03,SELL,3606,213.58,Equity
2723,13,2024-05-03,SELL,3066,41.59,Commodity
2724,14,2024-05-03,BUY,1310,82.91,Commodity
2725,7,2024-05-03,SELL,591,429.53,Equity
2726,11,2024-05-03,BUY,3812,109.81,ETF
2727,4,2024-05-03,SELL,874,105.05,Equity
2728,12,2024-05-06,BUY,3025,217.06,Bond
2729,11,2024-05-06,SELL,1570,108.92,ETF
2730,13,2024-05-06,SELL,2884,41.03,Commodity
2731,6,2024-05-06,BUY,1493,227.65,Equity
2732,12,2024-05-06,BUY,3092,216.03,Bond
2733,11,2024-05-06,BUY,543,108.9,ETF
2734,13,2024-05-06,SELL,2251,41.11,Commodity
2735,2,2024-05-06,SELL,1301,62.39,Equity
2736,14,2024-05-06,SELL,591,84.01,Commodity
2737,4,2024-05-06,SELL,4049,107.08,Equity
2738,1,2024-05-06,SELL,4665,391.45,Equity
2739,4,2024-05-06,BUY,4305,107.44,Equity
2740,5,2024-05-06,BUY,590,444.33,Equity
2741,8,2024-05-06,BUY,1563,69.9,Equity
2742,13,2024-05-06,BUY,3979,40.92,Commodity
2743,8,2024-05-06,BUY,4343,69.64,Equity
2744,14,2024-05-06,SELL,4851,83.71,Commodity
2745,8,2024-05-06,SELL,1927,69.73,Equity
2746,11,2024-05-06,BUY,3419,109.24,ETF
2747,13,2024-05-06,BUY,3675,41.0,Commodity
2748,8,2024-05-07,SELL,3399,68.14,Equity
2749,2,2024-05-07,BUY,142,63.97,Equity
2750,11,2024-05-07,SELL,3865,109.96,ETF
2751,1,2024-05-07,SELL,460,391.12,Equity
2752,4,2024-05-07,BUY,3044,109.49,Equity
2753,12,2024-05-07,SELL,3133,216.94,Bond
2754,2,2024-05-07,BUY,3105,63.63,Equity
2755,9,2024-05-07,SELL,2006,212.79,Equity
2756,1,2024-05-07,BUY,4102,391.12,Equity
2757,1,2024-05-07,BUY,60,393.14,Equity
2758,13,2024-05-07,BUY,1094,41.51,Commodity
2759,3,2024-05-07,SELL,4594,110.65,Equity
2760,14,2024-05-07,BUY,2620,85.14,Commodity
2761,12,2024-05-07,BUY,1008,217.17,Bond
2762,14,2024-05-07,BUY,4483,85.56,Commodity
2763,12,2024-05-07,SELL,4649,216.22,Bond
2764,5,2024-05-07,BUY,52,444.27,Equity
2765,15,2024-05-07,SELL,3584,275.49,Currency
2766,15,2024-05-07,SELL,540,274.54,Currency
2767,2,2024-05-07,SELL,2507,63.63,Equity
2768,13,2024-05-07,SELL,1889,41.53,Commodity
2769,9,2024-05-07,BUY,1253,212.22,Equity
2770,10,2024-05-07,SELL,2117,52.14,Equity
2771,15,2024-05-07,SELL,4162,275.52,Currency
2772,2,2024-05-07,SELL,3664,63.65,Equity
2773,15,2024-05-08,SELL,171,274.4,Currency
2774,3,2024-05-08,SELL,2084,109.49,Equity
2775,13,2024-05-08,SELL,2599,41.42,Commodity
2776,3,2024-05-08,SELL,1293,109.52,Equity
2777,2,2024-05-08,BUY,2677,64.22,Equity
2778,5,2024-05-08,BUY,2724,437.68,Equity
2779,6,2024-05-08,SELL,26,222.37,Equity
2780,3,2024-05-08,SELL,1170,109.57,Equity
2781,11,2024-05-08,BUY,3441,110.49,ETF
2782,6,2024-05-08,BUY,1870,221.22,Equity
2783,8,2024-05-08,SELL,2365,69.85,Equity
2784,8,2024-05-08,BUY,1601,69.7,Equity
2785,3,2024-05-08,BUY,3291,108.99,Equity
2786,4,2024-05-08,BUY,127,106.99,Equity
2787,13,2024-05-08,SELL,3693,41.44,Commodity
2788,12,2024-05-08,SELL,2304,216.83,Bond
2789,15,2024-05-08,BUY,1467,273.82,Currency
2790,8,2024-05-08,BUY,4097,70.02,Equity
2791,10,2024-05-08,BUY,369,52.89,Equity
2792,15,2024-05-08,SELL,3552,273.36,Currency
2793,12,2024-05-08,SELL,3429,216.94,Bond
2794,8,2024-05-08,SELL,1440,69.88,Equity
2795,11,2024-05-09,BUY,4996,110.41,ETF
2796,11,2024-05-09,SELL,4910,109.9,ETF
2797,11,2024-05-09,BUY,2115,110.37,ETF
2798,8,2024-05-09,BUY,3409,69.03,Equity
2799,10,2024-05-09,SELL,2115,52.25,Equity
2800,6,2024-05-09,SELL,2505,222.74,Equity
2801,6,2024-05-09,SELL,3793,222.48,Equity
2802,2,2024-05-09,BUY,3698,64.62,Equity
2803,4,2024-05-09,SELL,1380,105.1,Equity
2804,12,2024-05-09,BUY,1439,216.54,Bond
2805,14,2024-05-09,SELL,1771,86.78,Commodity
2806,13,2024-05-09,BUY,3847,41.57,Commodity
2807,7,2024-05-09,SELL,2115,418.01,Equity
2808,9,2024-05-09,SELL,1059,211.66,Equity
2809,5,2024-05-09,SELL,3519,434.07,Equity
2810,6,2024-05-09,SELL,490,221.78,Equity
2811,12,2024-05-09,BUY,238,216.06,Bond
2812,2,2024-05-09,SELL,1924,64.73,Equity
2813,6,2024-05-09,SELL,2951,222.72,Equity
2814,4,2024-05-09,BUY,1771,104.89,Equity
2815,4,2024-05-09,SELL,2737,105.26,Equity
2816,6,2024-05-10,SELL,3427,228.02,Equity
2817,3,2024-05-10,BUY,4301,110.42,Equity
2818,12,2024-05-10,SELL,2998,215.33,Bond
2819,11,2024-05-10,SELL,2494,108.77,ETF
2820,11,2024-05-10,BUY,53,109.01,ETF
2821,4,2024-05-10,BUY,936,110.12,Equity
2822,13,2024-05-10,SELL,3259,41.33,Commodity
2823,10,2024-05-10,BUY,3003,52.36,Equity
2824,8,2024-05-10,BUY,823,69.52,Equity
2825,15,2024-05-10,BUY,953,272.41,Currency
2826,6,2024-05-10,BUY,3126,228.46,Equity
2827,4,2024-05-10,BUY,2907,110.15,Equity
2828,5,2024-05-10,BUY,4505,419.79,Equity
2829,6,2024-05-10,SELL,3327,227.78,Equity
2830,10,2024-05-10,BUY,3093,52.22,Equity
2831,10,2024-05-10,SELL,2994,52.16,Equity
2832,15,2024-05-10,SELL,4970,272.13,Currency
2833,13,2024-05-10,BUY,999,41.53,Commodity
2834,6,2024-05-10,BUY,325,228.21,Equity
2835,10,2024-05-10,BUY,518,52.16,Equity
2836,10,2024-05-10,SELL,2425,52.22,Equity
2837,1,2024-05-10,BUY,3773,388.02,Equity
2838,3,2024-05-10,BUY,3082,110.24,Equity
2839,10,2024-05-10,SELL,1206,52.29,Equity
2840,7,2024-05-10,BUY,4545,415.7,Equity
2841,11,2024-05-10,BUY,3144,108.94,ETF
2842,14,2024-05-13,SELL,3657,86.84,Commodity
2843,4,2024-05-13,BUY,728,108.0,Equity
2844,2,2024-05-13,BUY,3768,65.43,Equity
2845,14,2024-05-13,SELL,652,86.76,Commodity
2846,5,2024-05-13,BUY,3547,422.18,Equity
2847,5,2024-05-13,BUY,4859,420.91,Equity
2848,13,2024-05-13,SELL,2117,43.25,Commodity
2849,15,2024-05-13,BUY,2314,273.12,Currency
2850,9,2024-05-13,BUY,4157,211.11,Equity
2851,2,2024-05-13,SELL,4083,65.41,Equity
2852,12,2024-05-13,BUY,4435,215.78,Bond
2853,14,2024-05-13,SELL,2554,87.07,Commodity
2854,6,2024-05-13,SELL,3897,231.07,Equity
2855,9,2024-05-13,SELL,4012,211.12,Equity
2856,3,2024-05-13,SELL,1336,110.14,Equity
2857,6,2024-05-13,SELL,4629,231.48,Equity
2858,10,2024-05-13,BUY,1543,53.63,Equity
2859,5,2024-05-13,SELL,2834,422.11,Equity
2860,1,2024-05-13,SELL,1250,377.16,Equity
2861,1,2024-05-13,BUY,2469,378.33,Equity
2862,10,2024-05-13,SELL,980,53.36,Equity
2863,14,2024-05-13,SELL,3659,86.89,Commodity
2864,13,2024-05-13,SELL,3055,43.11,Commodity
2865,12,2024-05-13,BUY,2847,215.41,Bond
2866,10,2024-05-13,SELL,3158,53.63,Equity
2867,10,2024-05-14,BUY,1770,54.09,Equity
2868,6,2024-05-14,BUY,78,227.27,Equity
2869,11,2024-05-14,BUY,2847,109.11,ETF
2870,4,2024-05-14,SELL,1511,110.51,Equity
2871,6,2024-05-14,SELL,1698,227.85,Equity
2872,14,2024-05-14,SELL,1797,86.36,Commodity
2873,14,2024-05-14,SELL,1305,86.46,Commodity
2874,9,2024-05-14,SELL,271,210.24,Equity
2875,2,2024-05-14,BUY,522,65.83,Equity
2876,2,2024-05-14,SELL,1956,65.92,Equity
2877,6,2024-05-14,BUY,3379,227.42,Equity
2878,5,2024-05-14,BUY,1028,418.78,Equity
2879,6,2024-05-14,SELL,4754,227.65,Equity
2880,4,2024-05-14,SELL,4496,110.25,Equity
2881,8,2024-05-14,BUY,1902,68.54,Equity
2882,11,2024-05-14,BUY,2865,109.21,ETF
2883,11,2024-05-14,BUY,472,109.22,ETF
2884,13,2024-05-14,SELL,4421,44.05,Commodity
2885,13,2024-05-14,BUY,2719,43.93,Commodity
2886,12,2024-05-14,SELL,1754,216.82,Bond
2887,13,2024-05-14,SELL,1641,44.0,Commodity
2888,4,2024-05-14,BUY,3536,109.99,Equity
2889,3,2024-05-14,BUY,4920,113.18,Equity
2890,15,2024-05-14,SELL,4380,273.81,Currency
2891,12,2024-05-14,SELL,4584,216.41,Bond
2892,11,2024-05-14,SELL,3953,108.84,ETF
2893,6,2024-05-14,BUY,3262,228.13,Equity
2894,13,2024-05-14,BUY,396,44.0,Commodity
2895,8,2024-05-14,SELL,305,68.74,Equity
2896,7,2024-05-14,BUY,1062,405.7,Equity
2897,9,2024-05-14,SELL,3252,210.74,Equity
2898,10,2024-05-14,SELL,2396,54.04,Equity
2899,5,2024-05-14,BUY,1693,418.18,Equity
2900,2,2024-05-15,SELL,3135,65.41,Equity
2901,12,2024-05-15,SELL,2567,216.07,Bond
2902,3,2024-05-15,SELL,1035,113.4,Equity
2903,1,2024-05-15,SELL,90,380.77,Equity
2904,13,2024-05-15,SELL,2056,44.88,Commodity
2905,11,2024-05-15,SELL,1012,109.25,ETF
2906,14,2024-05-15,BUY,1194,85.19,Commodity
2907,2,2024-05-15,SELL,2910,65.27,Equity
2908,4,2024-05-15,BUY,3616,110.5,Equity
2909,4,2024-05-15,SELL,653,110.44,Equity
2910,5,2024-05-15,SELL,2642,419.6,Equity
2911,5,2024-05-15,BUY,252,417.21,Equity
2912,11,2024-05-15,SELL,2770,109.43,ETF
2913,13,2024-05-15,SELL,4013,44.96,Commodity
2914,5,2024-05-15,BUY,2414,419.46,Equity
2915,14,2024-05-15,SELL,831,85.14,Commodity
2916,2,2024-05-15,SELL,2012,65.19,Equity
2917,3,2024-05-15,SELL,1826,113.92,Equity
2918,15,2024-05-15,BUY,3561,277.23,Currency
2919,6,2024-05-15,SELL,2903,226.81,Equity
2920,9,2024-05-15,SELL,3318,212.42,Equity
2921,8,2024-05-15,BUY,1540,67.86,Equity
2922,1,2024-05-16,SELL,3137,382.52,Equity
2923,1,2024-05-16,SELL,4725,383.01,Equity
2924,6,2024-05-16,BUY,4233,227.17,Equity
2925,12,2024-05-16,BUY,3504,213.41,Bond
2926,1,2024-05-16,SELL,4211,382.96,Equity
2927,6,2024-05-16,SELL,1723,226.09,Equity
2928,13,2024-05-16,SELL,4076,44.33,Commodity
2929,2,2024-05-16,SELL,535,65.02,Equity
2930,5,2024-05-16,BUY,2139,411.11,Equity
2931,7,2024-05-16,SELL,4227,431.93,Equity
2932,6,2024-05-16,SELL,420,225.91,Equity
2933,15,2024-05-16,BUY,4533,276.69,Currency
2934,3,2024-05-16,BUY,4217,111.18,Equity
2935,7,2024-05-16,BUY,4361,432.04,Equity
2936,2,2024-05-16,BUY,4775,65.19,Equity
2937,3,2024-05-16,SELL,675,111.23,Equity
2938,9,2024-05-16,BUY,4589,210.74,Equity
2939,2,2024-05-16,SELL,4957,64.99,Equity
2940,7,2024-05-16,SELL,32,430.0,Equity
2941,9,2024-05-16,BUY,3822,210.61,Equity
2942,8,2024-05-16,SELL,75,67.18,Equity
2943,1,2024-05-16,SELL,3610,383.11,Equity
2944,6,2024-05-16,BUY,1043,226.46,Equity
2945,5,2024-05-16,BUY,2744,410.94,Equity
2946,9,2024-05-16,BUY,1386,210.32,Equity
2947,15,2024-05-16,SELL,3585,276.15,Currency
2948,12,2024-05-16,BUY,4003,214.53,Bond
2949,4,2024-05-16,BUY,1699,108.53,Equity
2950,10,2024-05-16,SELL,2382,54.59,Equity
2951,2,2024-05-16,BUY,2681,65.0,Equity
2952,11,2024-05-17,SELL,1503,110.35,ETF
2953,6,2024-05-17,SELL,2033,228.72,Equity
2954,7,2024-05-17,SELL,522,443.51,Equity
2955,9,2024-05-17,BUY,2635,210.63,Equity
2956,15,2024-05-17,SELL,2775,275.97,Currency
2957,4,2024-05-17,BUY,3743,108.27,Equity
2958,2,2024-05-17,SELL,2073,63.93,Equity
2959,4,2024-05-17,SELL,1420,108.51,Equity
2960,14,2024-05-17,BUY,2363,89.15,Commodity
2961,13,2024-05-17,SELL,202,44.63,Commodity
2962,5,2024-05-17,SELL,111,407.55,Equity
2963,5,2024-05-17,SELL,4147,406.89,Equity
2964,8,2024-05-17,SELL,2432,68.22,Equity
2965,6,2024-05-17,SELL,2082,228.15,Equity
2966,2,2024-05-17,SELL,1793,63.96,Equity
2967,9,2024-05-17,BUY,876,211.04,Equity
2968,15,2024-05-17,SELL,2680,276.64,Currency
2969,8,2024-05-17,SELL,2299,68.38,Equity
2970,15,2024-05-17,SELL,485,276.15,Currency
2971,2,2024-05-17,SELL,553,63.81,Equity
2972,13,2024-05-17,SELL,3069,44.59,Commodity
2973,12,2024-05-17,SELL,2657,214.1,Bond
2974,10,2024-05-17,SELL,1805,53.56,Equity
2975,13,2024-05-17,SELL,2411,44.7,Commodity
2976,8,2024-05-17,BUY,1881,68.17,Equity
2977,3,2024-05-17,SELL,1962,108.99,Equity
2978,9,2024-05-17,BUY,2169,211.17,Equity
2979,2,2024-05-17,BUY,3482,63.87,Equity
2980,8,2024-05-17,BUY,3659,68.22,Equity
2981,7,2024-05-17,SELL,3465,445.31,Equity
2982,12,2024-05-17,BUY,3458,214.26,Bond
2983,11,2024-05-17,BUY,1945,110.42,ETF
2984,4,2024-05-17,BUY,3089,108.45,Equity
2985,11,2024-05-17,SELL,3730,110.0,ETF
2986,14,2024-05-17,BUY,284,89.54,Commodity
2987,5,2024-05-20,BUY,4805,402.88,Equity
2988,2,2024-05-20,BUY,4267,66.35,Equity
2989,12,2024-05-20,BUY,110,213.69,Bond
2990,15,2024-05-20,SELL,298,274.18,Currency
2991,4,2024-05-20,SELL,4197,110.03,Equity
2992,12,2024-05-20,BUY,3988,213.66,Bond
2993,12,2024-05-20,BUY,444,213.68,Bond
2994,11,2024-05-20,BUY,3591,109.51,ETF
2995,5,2024-05-20,SELL,2956,401.97,Equity
2996,9,2024-05-20,SELL,3900,210.78,Equity
2997,9,2024-05-20,SELL,3835,210.8,Equity
2998,9,2024-05-20,SELL,2874,211.22,Equity
2999,11,2024-05-20,SELL,2922,109.56,ETF
3000,10,2024-05-20,SELL,708,54.09,Equity
3001,14,2024-05-20,BUY,3762,87.47,Commodity
3002,10,2024-05-20,SELL,3423,54.08,Equity
3003,14,2024-05-20,BUY,3086,87.3,Commodity
3004,15,2024-05-20,BUY,1855,274.21,Currency
3005,10,2024-05-20,SELL,799,54.06,Equity
3006,14,2024-05-20,BUY,1098,87.39,Commodity
3007,11,2024-05-20,SELL,3225,109.59,ETF
3008,7,2024-05-20,SELL,1206,447.24,Equity
3009,4,2024-05-20,BUY,3166,110.53,Equity
3010,6,2024-05-20,BUY,1880,231.3,Equity
3011,15,2024-05-20,SELL,1155,273.59,Currency
3012,2,2024-05-20,SELL,1389,66.3,Equity
3013,8,2024-05-20,SELL,3073,68.8,Equity
3014,13,2024-05-20,BUY,1779,45.65,Commodity
3015,14,2024-05-20,SELL,4926,87.18,Commodity
3016,7,2024-05-20,BUY,2047,449.11,Equity
3017,11,2024-05-20,SELL,588,109.9,ETF
3018,9,2024-05-20,SELL,4656,210.35,Equity
3019,12,2024-05-20,SELL,450,213.79,Bond
3020,6,2024-05-20,BUY,4282,231.24,Equity
3021,9,2024-05-20,SELL,3273,210.23,Equity
3022,12,2024-05-20,SELL,3378,214.04,Bond
3023,3,2024-05-20,BUY,1616,110.42,Equity
3024,6,2024-05-21,SELL,569,228.43,Equity
3025,12,2024-05-21,BUY,997,213.88,Bond
3026,4,2024-05-21,BUY,2501,111.16,Equity
3027,14,2024-05-21,SELL,2017,86.07,Commodity
3028,2,2024-05-21,BUY,423,65.25,Equity
3029,13,2024-05-21,SELL,4736,45.29,Commodity
3030,5,2024-05-21,BUY,251,394.01,Equity
3031,5,2024-05-21,BUY,3705,392.04,Equity
3032,7,2024-05-21,SELL,1511,456.44,Equity
3033,13,2024-05-21,SELL,2043,45.1,Commodity
3034,4,2024-05-21,SELL,1231,110.99,Equity
3035,5,2024-05-21,SELL,1025,393.85,Equity
3036,10,2024-05-21,SELL,3233,54.21,Equity
3037,2,2024-05-21,SELL,3852,65.47,Equity
3038,15,2024-05-21,SELL,1165,275.86,Currency
3039,11,2024-05-21,BUY,817,108.57,ETF
3040,2,2024-05-21,SELL,1122,65.43,Equity
3041,5,2024-05-21,BUY,672,393.63,Equity
3042,15,2024-05-21,BUY,3943,275.54,Currency
3043,1,2024-05-21,SELL,4658,393.64,Equity
3044,2,2024-05-21,BUY,1187,65.34,Equity
3045,1,2024-05-21,SELL,4816,393.56,Equity
3046,2,2024-05-21,SELL,2623,65.27,Equity
3047,7,2024-05-21,SELL,1416,455.34,Equity
3048,5,2024-05-21,SELL,3976,392.08,Equity
3049,7,2024-05-21,SELL,4362,456.49,Equity
3050,7,2024-05-21,SELL,1344,456.31,Equity
3051,15,2024-05-21,BUY,3628,275.12,Currency
3052,12,2024-05-21,SELL,3798,213.56,Bond
3053,15,2024-05-21,SELL,1017,274.57,Currency
3054,10,2024-05-21,BUY,4966,54.41,Equity
3055,8,2024-05-21,SELL,3928,69.65,Equity
3056,14,2024-05-21,SELL,102,85.56,Commodity
3057,3,2024-05-21,SELL,4740,111.03,Equity
3058,13,2024-05-21,BUY,2276,45.13,Commodity
3059,3,2024-05-21,SELL,4153,111.12,Equity
3060,5,2024-05-21,BUY,10,393.61,Equity
3061,1,2024-05-21,BUY,4977,393.93,Equity
3062,9,2024-05-21,BUY,3451,210.89,Equity
3063,5,2024-05-21,SELL,2799,393.93,Equity
3064,12,2024-05-22,BUY,4437,212.38,Bond
3065,11,2024-05-22,SELL,4933,109.47,ETF
3066,8,2024-05-22,SELL,4943,71.96,Equity
3067,12,2024-05-22,BUY,73,212.12,Bond
3068,10,2024-05-22,BUY,1376,54.28,Equity
3069,14,2024-05-22,SELL,4115,85.59,Commodity
3070,11,2024-05-22,BUY,3863,109.28,ETF
3071,12,2024-05-22,SELL,4362,212.32,Bond
3072,14,2024-05-22,SELL,2694,85.59,Commodity
3073,12,2024-05-22,SELL,2666,212.13,Bond
3074,10,2024-05-22,BUY,2145,54.4,Equity
3075,7,2024-05-22,SELL,1690,441.22,Equity
3076,9,2024-05-22,BUY,1832,213.17,Equity
3077,3,2024-05-22,SELL,3782,111.21,Equity
3078,5,2024-05-22,BUY,1141,389.17,Equity
3079,7,2024-05-22,SELL,1964,443.01,Equity
3080,6,2024-05-22,BUY,4695,225.22,Equity
3081,15,2024-05-22,SELL,3039,274.01,Currency
3082,11,2024-05-22,SELL,1913,109.11,ETF
3083,13,2024-05-22,BUY,3482,46.0,Commodity
3084,3,2024-05-22,SELL,4034,111.26,Equity
3085,1,2024-05-22,BUY,4560,396.02,Equity
3086,11,2024-05-22,BUY,3952,109.67,ETF
3087,1,2024-05-22,BUY,1193,396.27,Equity
3088,9,2024-05-22,SELL,2245,213.15,Equity
3089,8,2024-05-22,BUY,4907,71.91,Equity
3090,7,2024-05-22,SELL,4950,441.82,Equity
3091,14,2024-05-22,BUY,1673,85.47,Commodity
3092,4,2024-05-22,BUY,4327,111.0,Equity
3093,9,2024-05-23,BUY,4529,211.52,Equity
3094,7,2024-05-23,BUY,2840,444.16,Equity
3095,8,2024-05-23,BUY,4575,72.28,Equity
3096,7,2024-05-23,BUY,3113,443.73,Equity
3097,12,2024-05-23,BUY,2053,213.53,Bond
3098,8,2024-05-23,BUY,3941,72.14,Equity
3099,8,2024-05-23,BUY,2958,71.96,Equity
3100,10,2024-05-23,BUY,3097,53.93,Equity
3101,5,2024-05-23,SELL,259,395.88,Equity
3102,15,2024-05-23,BUY,2380,271.99,Currency
3103,15,2024-05-23,SELL,481,272.59,Currency
3104,8,2024-05-23,BUY,1273,72.08,Equity
3105,11,2024-05-23,SELL,1526,109.06,ETF
3106,15,2024-05-23,BUY,3692,272.36,Currency
3107,8,2024-05-23,SELL,4419,72.27,Equity
3108,8,2024-05-23,BUY,4939,72.11,Equity
3109,9,2024-05-23,BUY,4997,210.66,Equity
3110,11,2024-05-23,SELL,2178,109.31,ETF
3111,9,2024-05-23,BUY,1789,210.65,Equity
3112,4,2024-05-23,SELL,2308,108.99,Equity
3113,7,2024-05-23,BUY,2109,443.17,Equity
3114,2,2024-05-23,BUY,1938,63.81,Equity
3115,5,2024-05-23,SELL,4090,394.74,Equity
3116,6,2024-05-23,BUY,4336,223.49,Equity
3117,13,2024-05-23,BUY,4405,45.07,Commodity
3118,13,2024-05-23,SELL,674,44.9,Commodity
3119,10,2024-05-23,SELL,185,53.76,Equity
3120,6,2024-05-23,SELL,1504,223.12,Equity
3121,7,2024-05-23,BUY,4920,444.27,Equity
3122,8,2024-05-23,BUY,3260,72.19,Equity
3123,9,2024-05-23,SELL,292,210.62,Equity
3124,3,2024-05-23,SELL,1866,111.22,Equity
3125,12,2024-05-23,SELL,4308,214.09,Bond
3126,1,2024-05-24,SELL,3562,401.02,Equity
3127,15,2024-05-24,BUY,2203,271.59,Currency
3128,15,2024-05-24,SELL,144,272.05,Currency
3129,2,2024-05-24,SELL,245,62.09,Equity
3130,13,2024-05-24,SELL,1840,43.87,Commodity
3131,10,2024-05-24,SELL,3079,55.31,Equity
3132,14,2024-05-24,SELL,2644,82.81,Commodity
3133,7,2024-05-24,SELL,4641,447.3,Equity
3134,12,2024-05-24,BUY,4002,214.8,Bond
3135,15,2024-05-24,SELL,3749,270.77,Currency
3136,3,2024-05-24,BUY,3526,109.99,Equity
3137,15,2024-05-24,SELL,702,271.77,Currency
3138,6,2024-05-24,BUY,1951,225.56,Equity
3139,1,2024-05-24,BUY,4079,398.89,Equity
3140,8,2024-05-24,SELL,500,72.97,Equity
3141,8,2024-05-24,SELL,3863,72.93,Equity
3142,12,2024-05-24,SELL,4622,214.47,Bond
3143,9,2024-05-24,BUY,2624,217.76,Equity
3144,6,2024-05-24,BUY,4549,224.78,Equity
3145,10,2024-05-24,BUY,968,55.53,Equity
3146,15,2024-05-27,BUY,1279,271.82,Currency
3147,15,2024-05-27,BUY,4089,271.13,Currency
3148,1,2024-05-27,BUY,217,404.78,Equity
3149,14,2024-05-27,BUY,2860,83.52,Commodity
3150,15,2024-05-27,SELL,4666,270.93,Currency
3151,10,2024-05-27,BUY,1186,55.85,Equity
3152,5,2024-05-27,SELL,2925,389.38,Equity
3153,6,2024-05-27,BUY,1747,220.73,Equity
3154,2,2024-05-27,SELL,4401,61.57,Equity
3155,5,2024-05-27,SELL,697,387.63,Equity
3156,13,2024-05-27,SELL,709,44.07,Commodity
3157,7,2024-05-27,BUY,1718,463.4,Equity
3158,4,2024-05-27,BUY,2605,109.6,Equity
3159,6,2024-05-27,BUY,3955,220.5,Equity
3160,12,2024-05-27,SELL,4906,213.37,Bond
3161,2,2024-05-27,BUY,3543,61.51,Equity
3162,4,2024-05-27,SELL,927,109.74,Equity
3163,2,2024-05-27,BUY,4260,61.52,Equity
3164,5,2024-05-27,BUY,4126,388.7,Equity
3165,2,2024-05-27,SELL,1572,61.57,Equity
3166,11,2024-05-27,SELL,4744,110.75,ETF
3167,4,2024-05-27,BUY,577,109.49,Equity
3168,3,2024-05-27,SELL,4265,111.28,Equity
3169,13,2024-05-27,SELL,1115,43.96,Commodity
3170,4,2024-05-27,BUY,1542,109.67,Equity
3171,1,2024-05-27,SELL,1193,403.99,Equity
3172,6,2024-05-27,BUY,2634,221.0,Equity
3173,1,2024-05-27,BUY,885,405.19,Equity
3174,3,2024-05-27,SELL,447,111.06,Equity
3175,12,2024-05-27,SELL,4337,213.63,Bond
3176,6,2024-05-27,SELL,4528,220.58,Equity
3177,5,2024-05-27,SELL,136,388.57,Equity
3178,4,2024-05-27,SELL,2903,109.96,Equity
3179,8,2024-05-27,BUY,1539,73.71,Equity
3180,11,2024-05-27,BUY,3063,110.39,ETF
3181,8,2024-05-27,SELL,4347,73.52,Equity
3182,7,2024-05-28,SELL,1264,441.08,Equity
3183,14,2024-05-28,BUY,3053,86.83,Commodity
3184,1,2024-05-28,SELL,2239,414.09,Equity
3185,14,2024-05-28,BUY,2964,86.63,Commodity
3186,2,2024-05-28,BUY,1821,62.43,Equity
3187,1,2024-05-28,SELL,3243,414.1,Equity
3188,14,2024-05-28,SELL,3555,87.07,Commodity
3189,14,2024-05-28,SELL,248,87.14,Commodity
3190,10,2024-05-28,BUY,4198,57.21,Equity
3191,11,2024-05-28,SELL,3760,112.41,ETF
3192,8,2024-05-28,BUY,3911,72.93,Equity
3193,4,2024-05-28,BUY,4940,110.3,Equity
3194,5,2024-05-28,BUY,3791,388.11,Equity
3195,10,2024-05-28,BUY,1572,57.03,Equity
3196,3,2024-05-28,BUY,4650,109.49,Equity
3197,15,2024-05-28,SELL,159,272.87,Currency
3198,1,2024-05-28,BUY,3742,413.59,Equity
3199,13,2024-05-28,SELL,4082,44.87,Commodity
3200,13,2024-05-28,SELL,1544,44.92,Commodity
3201,11,2024-05-28,BUY,1389,112.18,ETF
3202,2,2024-05-28,BUY,1081,62.25,Equity
3203,7,2024-05-28,BUY,1931,441.77,Equity
3204,4,2024-05-28,BUY,1805,110.73,Equity
3205,13,2024-05-28,BUY,70,45.02,Commodity
3206,9,2024-05-28,BUY,810,218.38,Equity
3207,6,2024-05-28,BUY,2057,213.83,Equity
3208,15,2024-05-28,BUY,1708,272.41,Currency
3209,4,2024-05-28,BUY,1490,110.44,Equity
3210,5,2024-05-28,BUY,2995,388.73,Equity
3211,7,2024-05-28,SELL,3400,442.5,Equity
3212,12,2024-05-29,SELL,4546,214.0,Bond
3213,1,2024-05-29,SELL,4566,421.3,Equity
3214,6,2024-05-29,BUY,4470,212.44,Equity
3215,8,2024-05-29,SELL,445,73.29,Equity
3216,14,2024-05-29,SELL,2218,87.26,Commodity
3217,9,2024-05-29,SELL,3729,216.21,Equity
3218,9,2024-05-29,BUY,3949,216.1,Equity
3219,15,2024-05-29,SELL,883,273.67,Currency
3220,15,2024-05-29,BUY,2857,273.46,Currency
3221,14,2024-05-29,BUY,2426,87.29,Commodity
3222,7,2024-05-29,BUY,4897,435.94,Equity
3223,6,2024-05-29,SELL,915,212.87,Equity
3224,1,2024-05-29,BUY,3341,422.17,Equity
3225,7,2024-05-29,BUY,3250,435.24,Equity
3226,9,2024-05-29,SELL,2389,216.62,Equity
3227,6,2024-05-29,SELL,1934,213.28,Equity
3228,11,2024-05-29,SELL,1810,111.95,ETF
3229,13,2024-05-29,SELL,3496,44.39,Commodity
3230,10,2024-05-29,SELL,4921,57.4,Equity
3231,11,2024-05-29,BUY,2267,111.8,ETF
3232,13,2024-05-29,BUY,1918,44.52,Commodity
3233,2,2024-05-30,SELL,1492,61.86,Equity
3234,7,2024-05-30,SELL,4190,443.59,Equity
3235,10,2024-05-30,BUY,4323,57.96,Equity
3236,2,2024-05-30,SELL,3163,62.12,Equity
3237,9,2024-05-30,BUY,3318,212.42,Equity
3238,6,2024-05-30,BUY,3074,215.82,Equity
3239,4,2024-05-30,BUY,2965,105.56,Equity
3240,4,2024-05-30,BUY,1623,105.73,Equity
3241,2,2024-05-30,BUY,3649,62.13,Equity
3242,3,2024-05-30,SELL,4161,107.1,Equity
3243,4,2024-05-30,SELL,2522,105.8,Equity
3244,14,2024-05-30,BUY,3660,86.16,Commodity
3245,3,2024-05-30,BUY,913,107.23,Equity
3246,7,2024-05-30,BUY,3346,442.82,Equity
3247,15,2024-05-30,BUY,2846,274.49,Currency
3248,6,2024-05-30,SELL,1624,215.0,Equity
3249,11,2024-05-30,SELL,4069,111.63,ETF
3250,9,2024-05-30,SELL,2528,212.71,Equity
3251,1,2024-05-30,SELL,1609,419.51,Equity
3252,3,2024-05-30,SELL,864,107.4,Equity
3253,6,2024-05-30,SELL,2807,215.41,Equity
3254,10,2024-05-30,BUY,3162,57.78,Equity
3255,15,2024-05-30,BUY,2378,274.06,Currency
3256,6,2024-05-30,BUY,717,215.5,Equity
3257,10,2024-05-30,SELL,2145,57.85,Equity
3258,2,2024-05-30,BUY,2380,61.83,Equity
3259,15,2024-05-30,BUY,4219,275.2,Currency
3260,4,2024-05-30,SELL,4492,105.67,Equity
3261,2,2024-05-30,SELL,723,62.04,Equity
3262,1,2024-05-30,SELL,2073,419.5,Equity
3263,2,2024-05-30,SELL,2516,61.92,Equity
3264,4,2024-05-30,SELL,2873,106.05,Equity
3265,1,2024-05-30,BUY,2954,418.93,Equity
3266,2,2024-05-30,SELL,3576,62.14,Equity
3267,2,2024-05-30,SELL,2457,62.16,Equity
3268,6,2024-05-30,SELL,1876,215.09,Equity
3269,7,2024-05-30,SELL,69,443.26,Equity
3270,4,2024-05-31,SELL,597,106.04,Equity
3271,9,2024-05-31,BUY,137,209.81,Equity
3272,8,2024-05-31,BUY,4710,72.82,Equity
3273,11,2024-05-31,BUY,2460,112.98,ETF
3274,2,2024-05-31,SELL,4784,61.09,Equity
3275,5,2024-05-31,SELL,2687,402.69,Equity
3276,4,2024-05-31,SELL,1752,105.89,Equity
3277,1,2024-05-31,SELL,1442,435.28,Equity
3278,7,2024-05-31,BUY,4249,427.49,Equity
3279,5,2024-05-31,BUY,4273,402.65,Equity
3280,2,2024-05-31,SELL,4440,61.07,Equity
3281,3,2024-05-31,SELL,1401,108.07,Equity
3282,11,2024-05-31,BUY,4880,112.78,ETF
3283,8,2024-05-31,BUY,2563,72.97,Equity
3284,7,2024-05-31,SELL,2064,428.24,Equity
3285,4,2024-05-31,BUY,66,105.88,Equity
3286,1,2024-05-31,SELL,2939,435.59,Equity
3287,2,2024-05-31,BUY,4201,60.99,Equity
3288,9,2024-05-31,SELL,1900,209.3,Equity
3289,1,2024-05-31,BUY,4048,435.39,Equity
3290,7,2024-05-31,BUY,1146,429.44,Equity
3291,8,2024-05-31,BUY,1372,72.74,Equity
3292,4,2024-06-03,SELL,2664,105.34,Equity
3293,14,2024-06-03,BUY,1207,87.36,Commodity
3294,7,2024-06-03,BUY,2729,425.16,Equity
3295,5,2024-06-03,SELL,1925,399.91,Equity
3296,6,2024-06-03,BUY,1355,217.26,Equity
3297,14,2024-06-03,SELL,2141,87.19,Commodity
3298,1,2024-06-03,SELL,1723,451.89,Equity
3299,10,2024-06-03,SELL,1565,58.96,Equity
3300,14,2024-06-03,SELL,800,86.98,Commodity
3301,11,2024-06-03,SELL,4822,113.41,ETF
3302,3,2024-06-03,SELL,495,107.56,Equity
3303,14,2024-06-03,BUY,218,87.2,Commodity
3304,10,2024-06-03,SELL,1290,58.86,Equity
3305,15,2024-06-03,BUY,2584,275.6,Currency
3306,11,2024-06-03,BUY,947,113.73,ETF
3307,7,2024-06-03,SELL,756,425.68,Equity
3308,10,2024-06-03,BUY,1649,58.85,Equity
3309,7,2024-06-03,SELL,414,426.15,Equity
3310,13,2024-06-03,BUY,2964,43.94,Commodity
3311,15,2024-06-03,BUY,3516,275.52,Currency
3312,7,2024-06-03,BUY,4433,425.58,Equity
3313,10,2024-06-03,BUY,1380,58.76,Equity
3314,5,2024-06-03,BUY,2959,401.09,Equity
3315,10,2024-06-03,BUY,4415,58.92,Equity
3316,6,2024-06-03,SELL,3018,217.86,Equity
3317,9,2024-06-03,BUY,1284,212.8,Equity
3318,11,2024-06-03,SELL,2293,113.7,ETF
3319,6,2024-06-03,BUY,4896,217.07,Equity
3320,8,2024-06-03,SELL,2921,74.1,Equity
3321,6,2024-06-03,BUY,1340,217.39,Equity
3322,13,2024-06-03,SELL,3578,43.75,Commodity
3323,4,2024-06-03,SELL,4027,105.56,Equity
3324,6,2024-06-03,SELL,487,216.99,Equity
3325,12,2024-06-03,BUY,651,213.54,Bond
3326,11,2024-06-03,BUY,2020,113.26,ETF
3327,8,2024-06-04,SELL,1732,75.29,Equity
3328,11,2024-06-04,SELL,1472,115.08,ETF
3329,5,2024-06-04,BUY,2760,399.2,Equity
3330,13,2024-06-04,SELL,3729,43.29,Commodity
3331,9,2024-06-04,BUY,3491,210.17,Equity
3332,4,2024-06-04,BUY,2975,107.14,Equity
3333,14,2024-06-04,SELL,1772,84.87,Commodity
3334,14,2024-06-04,BUY,2808,85.21,Commodity
3335,15,2024-06-04,SELL,1426,278.88,Currency
3336,6,2024-06-04,BUY,4025,217.6,Equity
3337,5,2024-06-04,SELL,3450,400.78,Equity
3338,1,2024-06-04,SELL,4372,467.64,Equity
3339,11,2024-06-04,BUY,2105,115.36,ETF
3340,6,2024-06-04,SELL,2638,217.89,Equity
3341,2,2024-06-04,BUY,4479,58.41,Equity
3342,15,2024-06-04,BUY,328,278.6,Currency
3343,14,2024-06-04,BUY,1339,84.95,Commodity
3344,2,2024-06-04,BUY,1727,58.6,Equity
3345,6,2024-06-04,BUY,1475,217.47,Equity
3346,14,2024-06-04,SELL,4894,85.12,Commodity
3347,3,2024-06-04,BUY,1265,104.51,Equity
3348,15,2024-06-04,SELL,818,277.7,Currency
3349,3,2024-06-04,BUY,3362,104.68,Equity
3350,11,2024-06-04,BUY,3388,115.55,ETF
3351,12,2024-06-04,BUY,942,213.07,Bond
3352,6,2024-06-04,BUY,3899,217.49,Equity
3353,11,2024-06-04,BUY,2194,115.26,ETF
3354,14,2024-06-04,SELL,4011,85.13,Commodity
3355,8,2024-06-04,SELL,4519,75.23,Equity
3356,1,2024-06-04,BUY,1031,467.4,Equity
3357,13,2024-06-04,BUY,1714,43.27,Commodity
3358,9,2024-06-04,SELL,1535,209.3,Equity
3359,3,2024-06-04,SELL,1567,104.38,Equity
3360,13,2024-06-04,SELL,3405,43.38,Commodity
3361,1,2024-06-04,BUY,1584,467.62,Equity
3362,14,2024-06-04,BUY,719,84.87,Commodity
3363,8,2024-06-05,BUY,4659,75.44,Equity
3364,3,2024-06-05,BUY,4500,102.36,Equity
3365,5,2024-06-05,SELL,2783,403.81,Equity
3366,9,2024-06-05,SELL,3590,209.59,Equity
3367,3,2024-06-05,SELL,64,102.84,Equity
3368,15,2024-06-05,BUY,2711,275.67,Currency
3369,1,2024-06-05,BUY,129,480.64,Equity
3370,13,2024-06-05,SELL,4178,44.73,Commodity
3371,2,2024-06-05,SELL,111,57.82,Equity
3372,9,2024-06-05,SELL,4068,209.97,Equity
3373,7,2024-06-05,BUY,4307,436.71,Equity
3374,10,2024-06-05,BUY,4664,59.9,Equity
3375,14,2024-06-05,SELL,2245,86.17,Commodity
3376,3,2024-06-05,BUY,693,102.67,Equity
3377,11,2024-06-05,BUY,305,112.59,ETF
3378,2,2024-06-05,SELL,2769,57.7,Equity
3379,14,2024-06-05,SELL,4267,86.36,Commodity
3380,15,2024-06-05,BUY,3721,275.31,Currency
3381,4,2024-06-05,BUY,1368,108.61,Equity
3382,1,2024-06-05,BUY,4144,481.08,Equity
3383,10,2024-06-05,SELL,3355,60.15,Equity
3384,9,2024-06-05,SELL,4376,209.26,Equity
3385,9,2024-06-05,SELL,1751,208.88,Equity
3386,7,2024-06-05,BUY,559,434.38,Equity
3387,11,2024-06-05,SELL,2914,113.08,ETF
3388,13,2024-06-05,BUY,2506,44.75,Commodity
3389,5,2024-06-05,SELL,1703,405.39,Equity
3390,15,2024-06-05,SELL,2989,276.1,Currency
3391,5,2024-06-05,BUY,650,403.52,Equity
3392,6,2024-06-05,SELL,4067,217.68,Equity
3393,15,2024-06-06,BUY,460,274.67,Currency
3394,13,2024-06-06,BUY,3786,44.68,Commodity
3395,7,2024-06-06,BUY,4574,441.25,Equity
3396,9,2024-06-06,SELL,4499,217.27,Equity
3397,8,2024-06-06,BUY,2727,76.55,Equity
3398,5,2024-06-06,BUY,2105,413.4,Equity
3399,4,2024-06-06,BUY,2154,109.86,Equity
3400,13,2024-06-06,SELL,1378,44.79,Commodity
3401,3,2024-06-06,SELL,4500,101.86,Equity
3402,7,2024-06-06,BUY,50,440.82,Equity
3403,15,2024-06-06,BUY,4528,273.1,Currency
3404,5,2024-06-06,BUY,4714,413.33,Equity
3405,12,2024-06-06,BUY,2606,214.03,Bond
3406,5,2024-06-06,BUY,2400,411.18,Equity
3407,13,2024-06-06,BUY,4584,44.69,Commodity
3408,11,2024-06-06,BUY,1993,113.62,ETF
3409,8,2024-06-06,SELL,1333,76.6,Equity
3410,12,2024-06-06,SELL,1805,214.88,Bond
3411,5,2024-06-06,BUY,1506,411.6,Equity
3412,7,2024-06-06,SELL,3714,439.18,Equity
3413,12,2024-06-06,SELL,1805,214.77,Bond
3414,5,2024-06-07,SELL,1745,407.82,Equity
3415,12,2024-06-07,SELL,117,215.44,Bond
3416,3,2024-06-07,SELL,224,100.47,Equity
3417,2,2024-06-07,SELL,2329,57.94,Equity
3418,5,2024-06-07,BUY,3019,408.0,Equity
3419,15,2024-06-07,SELL,4334,276.72,Currency
3420,13,2024-06-07,BUY,3714,44.83,Commodity
3421,7,2024-06-07,BUY,166,448.14,Equity
3422,9,2024-06-07,BUY,1365,218.8,Equity
3423,13,2024-06-07,SELL,3203,44.65,Commodity
3424,5,2024-06-07,BUY,4408,406.45,Equity
3425,13,2024-06-07,SELL,23,44.66,Commodity
3426,10,2024-06-07,SELL,4818,57.82,Equity
3427,10,2024-06-07,SELL,2032,57.7,Equity
3428,15,2024-06-07,BUY,2616,276.67,Currency
3429,2,2024-06-07,SELL,2808,57.92,Equity
3430,4,2024-06-07,BUY,3613,111.38,Equity
3431,11,2024-06-07,SELL,1679,112.38,ETF
3432,10,2024-06-07,SELL,23,57.76,Equity
3433,1,2024-06-07,SELL,1940,468.46,Equity
3434,8,2024-06-07,SELL,4518,73.46,Equity
3435,13,2024-06-07,SELL,1634,44.74,Commodity
3436,8,2024-06-07,BUY,300,73.56,Equity
3437,6,2024-06-07,BUY,1977,223.18,Equity
3438,1,2024-06-07,BUY,1536,468.09,Equity
3439,10,2024-06-10,SELL,2235,59.09,Equity
3440,5,2024-06-10,BUY,1573,416.13,Equity
3441,4,2024-06-10,BUY,832,112.43,Equity
3442,10,2024-06-10,SELL,4131,59.01,Equity
3443,5,2024-06-10,SELL,1303,414.18,Equity
3444,11,2024-06-10,SELL,1627,111.26,ETF
3445,5,2024-06-10,BUY,154,415.3,Equity
3446,14,2024-06-10,BUY,1700,82.66,Commodity
3447,11,2024-06-10,SELL,4666,111.28,ETF
3448,2,2024-06-10,SELL,3130,59.18,Equity
3449,4,2024-06-10,SELL,3549,112.53,Equity
3450,4,2024-06-10,SELL,2517,112.48,Equity
3451,15,2024-06-10,BUY,2702,277.5,Currency
3452,15,2024-06-10,SELL,2670,277.65,Currency
3453,9,2024-06-10,BUY,1751,218.47,Equity
3454,6,2024-06-10,BUY,2539,234.12,Equity
3455,6,2024-06-10,BUY,4889,234.03,Equity
3456,10,2024-06-10,BUY,2104,59.14,Equity
3457,7,2024-06-10,SELL,3599,440.55,Equity
3458,9,2024-06-10,BUY,1822,218.74,Equity
3459,2,2024-06-10,SELL,11,59.3,Equity
3460,7,2024-06-10,SELL,63,441.87,Equity
3461,5,2024-06-10,BUY,1186,414.31,Equity
3462,12,2024-06-10,BUY,2659,212.83,Bond
3463,3,2024-06-10,SELL,2150,101.47,Equity
3464,9,2024-06-10,BUY,78,219.44,Equity
3465,8,2024-06-10,SELL,129,74.16,Equity
3466,4,2024-06-10,BUY,4085,112.62,Equity
3467,4,2024-06-10,SELL,4688,112.27,Equity
3468,2,2024-06-10,BUY,2846,59.0,Equity
3469,10,2024-06-10,SELL,1656,59.22,Equity
3470,7,2024-06-10,SELL,1379,440.58,Equity
3471,12,2024-06-11,BUY,1545,213.69,Bond
3472,7,2024-06-11,SELL,2576,450.42,Equity
3473,4,2024-06-11,SELL,3994,111.6,Equity
3474,11,2024-06-11,SELL,3561,109.31,ETF
3475,5,2024-06-11,SELL,3936,414.42,Equity
3476,15,2024-06-11,BUY,3175,278.63,Currency
3477,7,2024-06-11,BUY,49,450.29,Equity
3478,2,2024-06-11,BUY,1698,60.25,Equity
3479,8,2024-06-11,BUY,785,72.55,Equity
3480,1,2024-06-11,BUY,3426,460.42,Equity
3481,8,2024-06-11,BUY,4949,72.44,Equity
3482,2,2024-06-11,SELL,4949,60.27,Equity
3483,2,2024-06-11,SELL,989,60.28,Equity
3484,8,2024-06-11,SELL,3470,72.61,Equity
3485,7,2024-06-11,BUY,1720,449.35,Equity
3486,10,2024-06-11,SELL,1240,58.32,Equity
3487,14,2024-06-11,SELL,4232,84.09,Commodity
3488,14,2024-06-11,BUY,4120,83.88,Commodity
3489,6,2024-06-11,SELL,596,228.93,Equity
3490,2,2024-06-11,BUY,4643,60.5,Equity
3491,7,2024-06-11,BUY,3029,449.54,Equity
3492,10,2024-06-11,BUY,1304,58.44,Equity
3493,8,2024-06-11,BUY,4492,72.41,Equity
3494,13,2024-06-11,BUY,3479,45.97,Commodity
3495,1,2024-06-12,BUY,2349,458.71,Equity
3496,8,2024-06-12,BUY,651,71.88,Equity
3497,3,2024-06-12,SELL,1751,99.19,Equity
3498,14,2024-06-12,BUY,1929,84.66,Commodity
3499,11,2024-06-12,SELL,4706,108.38,ETF
3500,12,2024-06-12,BUY,1151,214.12,Bond
3501,3,2024-06-12,BUY,3816,99.26,Equity
3502,4,2024-06-12,BUY,1686,108.55,Equity
3503,12,2024-06-12,BUY,1833,213.65,Bond
3504,9,2024-06-12,SELL,563,223.31,Equity
3505,2,2024-06-12,BUY,4782,61.86,Equity
3506,12,2024-06-12,SELL,2005,214.05,Bond
3507,11,2024-06-12,SELL,4938,107.94,ETF
3508,9,2024-06-12,SELL,3205,224.49,Equity
3509,9,2024-06-12,BUY,2024,223.69,Equity
3510,11,2024-06-12,SELL,1503,107.92,ETF
3511,13,2024-06-12,SELL,3353,44.63,Commodity
3512,5,2024-06-12,SELL,2141,422.3,Equity
3513,7,2024-06-12,SELL,3774,444.44,Equity
3514,1,2024-06-12,SELL,1281,458.94,Equity
3515,7,2024-06-12,BUY,2544,445.52,Equity
3516,14,2024-06-12,SELL,4646,84.53,Commodity
3517,2,2024-06-12,SELL,1166,61.69,Equity
3518,14,2024-06-12,BUY,525,84.32,Commodity
3519,13,2024-06-12,BUY,4251,44.62,Commodity
3520,15,2024-06-12,BUY,4802,278.97,Currency
3521,15,2024-06-13,BUY,4754,279.56,Currency
3522,2,2024-06-13,BUY,3598,61.85,Equity
3523,4,2024-06-13,BUY,183,110.02,Equity
3524,1,2024-06-13,SELL,2300,452.03,Equity
3525,6,2024-06-13,BUY,2322,238.49,Equity
3526,14,2024-06-13,BUY,3622,83.97,Commodity
3527,14,2024-06-13,BUY,4682,84.2,Commodity
3528,11,2024-06-13,BUY,1173,106.74,ETF
3529,5,2024-06-13,SELL,923,435.79,Equity
3530,7,2024-06-13,BUY,3104,437.69,Equity
3531,11,2024-06-13,SELL,1475,106.46,ETF
3532,1,2024-06-13,SELL,949,453.04,Equity
3533,11,2024-06-13,SELL,1915,106.38,ETF
3534,9,2024-06-13,BUY,1614,217.02,Equity
3535,15,2024-06-13,SELL,3964,279.58,Currency
3536,5,2024-06-13,BUY,318,434.35,Equity
3537,7,2024-06-13,BUY,1445,437.23,Equity
3538,12,2024-06-13,SELL,4933,213.99,Bond
3539,12,2024-06-13,SELL,1063,214.11,Bond
3540,15,2024-06-13,BUY,4322,278.97,Currency
3541,13,2024-06-13,SELL,1929,45.23,Commodity
3542,9,2024-06-13,BUY,981,216.91,Equity
3543,13,2024-06-13,SELL,3563,45.26,Commodity
3544,9,2024-06-13,SELL,3932,216.52,Equity
3545,4,2024-06-13,BUY,490,110.13,Equity
3546,2,2024-06-13,BUY,1466,61.94,Equity
3547,11,2024-06-13,BUY,2782,106.62,ETF
3548,14,2024-06-13,SELL,999,84.34,Commodity
3549,9,2024-06-13,SELL,4316,216.48,Equity
3550,14,2024-06-14,BUY,778,82.67,Commodity
3551,1,2024-06-14,BUY,1577,438.24,Equity
3552,6,2024-06-14,BUY,2777,239.99,Equity
3553,10,2024-06-14,SELL,4182,57.99,Equity
3554,10,2024-06-14,BUY,807,58.21,Equity
3555,1,2024-06-14,BUY,1161,438.05,Equity
3556,6,2024-06-14,SELL,1876,240.25,Equity
3557,7,2024-06-14,SELL,3143,434.5,Equity
3558,3,2024-06-14,SELL,788,98.47,Equity
3559,10,2024-06-14,BUY,3804,58.12,Equity
3560,11,2024-06-14,SELL,3848,107.01,ETF
3561,11,2024-06-14,SELL,744,107.03,ETF
3562,14,2024-06-14,BUY,4366,82.65,Commodity
3563,8,2024-06-14,SELL,384,69.43,Equity
3564,2,2024-06-14,BUY,2103,61.6,Equity
3565,1,2024-06-14,BUY,1523,438.85,Equity
3566,3,2024-06-14,BUY,1775,98.3,Equity
3567,2,2024-06-14,SELL,4197,61.49,Equity
3568,11,2024-06-14,BUY,2474,107.15,ETF
3569,1,2024-06-14,SELL,2431,437.04,Equity
3570,10,2024-06-14,SELL,4372,58.15,Equity
3571,5,2024-06-14,BUY,2694,436.04,Equity
3572,4,2024-06-14,SELL,4758,110.99,Equity
3573,13,2024-06-17,BUY,759,43.76,Commodity
3574,7,2024-06-17,BUY,2031,434.85,Equity
3575,1,2024-06-17,BUY,2126,437.41,Equity
3576,6,2024-06-17,BUY,719,243.69,Equity
3577,1,2024-06-17,BUY,225,438.3,Equity
3578,7,2024-06-17,SELL,587,435.37,Equity
3579,7,2024-06-17,BUY,3186,435.91,Equity
3580,7,2024-06-17,SELL,3399,434.94,Equity
3581,12,2024-06-17,BUY,263,214.5,Bond
3582,9,2024-06-17,SELL,1046,211.77,Equity
3583,13,2024-06-17,BUY,4203,43.64,Commodity
3584,7,2024-06-17,SELL,4960,434.49,Equity
3585,13,2024-06-17,SELL,2094,43.84,Commodity
3586,1,2024-06-17,SELL,3040,438.29,Equity
3587,14,2024-06-17,SELL,4093,83.18,Commodity
3588,3,2024-06-17,BUY,1832,95.84,Equity
3589,7,2024-06-17,BUY,3317,434.52,Equity
3590,12,2024-06-17,BUY,3353,213.32,Bond
3591,11,2024-06-17,SELL,4795,108.0,ETF
3592,5,2024-06-17,BUY,3918,430.75,Equity
3593,14,2024-06-18,BUY,569,81.53,Commodity
3594,1,2024-06-18,BUY,3605,437.2,Equity
3595,13,2024-06-18,SELL,3479,43.99,Commodity
3596,9,2024-06-18,SELL,1998,209.56,Equity
3597,3,2024-06-18,BUY,4479,96.72,Equity
3598,13,2024-06-18,BUY,2842,43.86,Commodity
3599,5,2024-06-18,BUY,2506,430.74,Equity
3600,13,2024-06-18,SELL,3750,43.75,Commodity
3601,15,2024-06-18,BUY,3422,277.1,Currency
3602,6,2024-06-18,SELL,2289,252.29,Equity
3603,7,2024-06-18,SELL,3246,441.48,Equity
3604,8,2024-06-18,BUY,2755,67.31,Equity
3605,13,2024-06-18,BUY,691,43.94,Commodity
3606,3,2024-06-18,BUY,4058,96.27,Equity
3607,9,2024-06-18,BUY,2775,209.32,Equity
3608,13,2024-06-18,BUY,3018,43.88,Commodity
3609,8,2024-06-18,BUY,3362,67.2,Equity
3610,12,2024-06-18,SELL,1134,214.3,Bond
3611,7,2024-06-18,BUY,2872,440.52,Equity
3612,12,2024-06-18,BUY,1546,214.3,Bond
3613,14,2024-06-18,SELL,4396,81.12,Commodity
3614,9,2024-06-18,SELL,547,209.16,Equity
3615,11,2024-06-18,BUY,92,109.28,ETF
3616,4,2024-06-18,SELL,1198,110.0,Equity
3617,10,2024-06-18,SELL,4435,56.64,Equity
3618,14,2024-06-19,BUY,37,80.0,Commodity
3619,4,2024-06-19,BUY,4785,108.72,Equity
3620,14,2024-06-19,BUY,88,80.24,Commodity
3621,5,2024-06-19,BUY,398,416.57,Equity
3622,15,2024-06-19,SELL,2833,274.33,Currency
3623,14,2024-06-19,BUY,878,80.4,Commodity
3624,1,2024-06-19,SELL,3554,430.98,Equity
3625,1,2024-06-19,BUY,2893,431.28,Equity
3626,8,2024-06-19,BUY,4907,65.91,Equity
3627,6,2024-06-19,BUY,1181,250.91,Equity
3628,8,2024-06-19,BUY,2231,66.05,Equity
3629,7,2024-06-19,BUY,4883,439.4,Equity
3630,15,2024-06-19,BUY,4239,274.68,Currency
3631,13,2024-06-19,SELL,2194,43.6,Commodity
3632,9,2024-06-19,BUY,3126,201.7,Equity
3633,10,2024-06-19,SELL,661,56.8,Equity
3634,4,2024-06-19,SELL,3656,108.8,Equity
3635,8,2024-06-19,BUY,3740,66.26,Equity
3636,8,2024-06-19,SELL,1527,66.13,Equity
3637,12,2024-06-19,SELL,1483,214.73,Bond
3638,10,2024-06-19,BUY,2938,56.95,Equity
3639,12,2024-06-19,SELL,4432,214.55,Bond
3640,2,2024-06-19,SELL,798,60.31,Equity
3641,5,2024-06-19,SELL,1352,417.94,Equity
3642,1,2024-06-20,SELL,322,434.42,Equity
3643,13,2024-06-20,SELL,2777,41.84,Commodity
3644,1,2024-06-20,SELL,3532,432.78,Equity
3645,5,2024-06-20,BUY,4462,421.1,Equity
3646,13,2024-06-20,SELL,3630,41.73,Commodity
3647,10,2024-06-20,SELL,214,57.22,Equity
3648,15,2024-06-20,BUY,4736,275.07,Currency
3649,8,2024-06-20,BUY,3600,67.59,Equity
3650,14,2024-06-20,BUY,2457,76.87,Commodity
3651,1,2024-06-20,BUY,1982,433.08,Equity
3652,10,2024-06-20,SELL,1745,57.38,Equity
3653,15,2024-06-20,BUY,4481,275.83,Currency
3654,15,2024-06-20,BUY,2554,274.76,Currency
3655,7,2024-06-20,BUY,2565,442.28,Equity
3656,7,2024-06-20,BUY,2940,443.25,Equity
3657,15,2024-06-20,BUY,1776,275.41,Currency
3658,3,2024-06-20,SELL,1871,99.64,Equity
3659,9,2024-06-20,BUY,1991,200.54,Equity
3660,13,2024-06-20,SELL,2548,41.7,Commodity
3661,9,2024-06-20,SELL,2049,201.33,Equity
3662,3,2024-06-20,BUY,354,100.02,Equity
3663,10,2024-06-20,SELL,2434,57.52,Equity
3664,7,2024-06-20,SELL,843,442.32,Equity
3665,13,2024-06-20,BUY,478,41.8,Commodity
3666,8,2024-06-20,BUY,4703,67.47,Equity
3667,12,2024-06-20,SELL,3260,214.8,Bond
3668,2,2024-06-20,SELL,167,58.78,Equity
3669,6,2024-06-20,BUY,769,256.64,Equity
3670,4,2024-06-20,SELL,3319,109.46,Equity
3671,3,2024-06-20,SELL,3962,99.92,Equity
3672,3,2024-06-20,BUY,474,100.09,Equity
3673,12,2024-06-20,BUY,1177,214.9,Bond
3674,6,2024-06-20,SELL,4846,256.98,Equity
3675,6,2024-06-20,SELL,200,255.52,Equity
3676,1,2024-06-20,SELL,2449,433.07,Equity
3677,7,2024-06-21,SELL,1961,430.18,Equity
3678,15,2024-06-21,SELL,3686,279.01,Currency
3679,8,2024-06-21,SELL,3563,66.85,Equity
3680,15,2024-06-21,BUY,188,277.79,Currency
3681,8,2024-06-21,SELL,4439,67.02,Equity
3682,14,2024-06-21,BUY,4633,78.77,Commodity
3683,6,2024-06-21,BUY,3774,241.47,Equity
3684,12,2024-06-21,BUY,3926,216.38,Bond
3685,12,2024-06-21,BUY,3748,215.7,Bond
3686,11,2024-06-21,BUY,1260,107.11,ETF
3687,5,2024-06-21,BUY,1163,421.74,Equity
3688,8,2024-06-21,SELL,3005,66.96,Equity
3689,8,2024-06-21,SELL,3089,66.94,Equity
3690,9,2024-06-21,SELL,1685,198.56,Equity
3691,5,2024-06-21,BUY,2414,422.44,Equity
3692,3,2024-06-21,SELL,4610,100.83,Equity
3693,9,2024-06-21,BUY,3997,198.1,Equity
3694,8,2024-06-21,SELL,3591,67.11,Equity
3695,9,2024-06-21,SELL,3606,198.23,Equity
3696,7,2024-06-21,SELL,3013,430.3,Equity
3697,12,2024-06-21,BUY,2279,215.64,Bond
3698,10,2024-06-21,BUY,2183,56.2,Equity
3699,11,2024-06-21,BUY,4593,107.15,ETF
3700,2,2024-06-21,SELL,2843,58.74,Equity
3701,11,2024-06-21,SELL,1712,106.75,ETF
3702,2,2024-06-21,SELL,3946,58.88,Equity
3703,4,2024-06-21,SELL,566,109.71,Equity
3704,9,2024-06-21,SELL,3984,198.1,Equity
3705,8,2024-06-21,SELL,1622,67.02,Equity
3706,11,2024-06-21,BUY,159,106.66,ETF
3707,9,2024-06-21,SELL,1476,198.17,Equity
3708,7,2024-06-24,BUY,3367,432.26,Equity
3709,9,2024-06-24,SELL,3598,194.99,Equity
3710,13,2024-06-24,SELL,1441,42.67,Commodity
3711,6,2024-06-24,BUY,2667,241.76,Equity
3712,5,2024-06-24,SELL,1447,429.47,Equity
3713,2,2024-06-24,SELL,1724,58.92,Equity
3714,7,2024-06-24,SELL,768,431.91,Equity
3715,7,2024-06-24,SELL,938,431.43,Equity
3716,2,2024-06-24,BUY,531,58.93,Equity
3717,2,2024-06-24,BUY,4280,58.87,Equity
3718,10,2024-06-24,SELL,394,56.5,Equity
3719,14,2024-06-24,SELL,4179,81.55,Commodity
3720,13,2024-06-24,BUY,2086,42.53,Commodity
3721,7,2024-06-24,BUY,849,431.81,Equity
3722,13,2024-06-24,SELL,4652,42.48,Commodity
3723,7,2024-06-24,SELL,313,430.81,Equity
3724,15,2024-06-24,SELL,3037,278.39,Currency
3725,3,2024-06-24,BUY,3185,98.78,Equity
3726,12,2024-06-24,BUY,2164,216.25,Bond
3727,15,2024-06-24,SELL,2753,277.49,Currency
3728,11,2024-06-24,SELL,3993,108.43,ETF
3729,13,2024-06-24,BUY,2608,42.45,Commodity
3730,9,2024-06-24,BUY,1153,194.21,Equity
3731,14,2024-06-24,BUY,1313,81.74,Commodity
3732,8,2024-06-24,BUY,686,63.84,Equity
3733,2,2024-06-24,BUY,500,58.87,Equity
3734,12,2024-06-24,SELL,4931,215.63,Bond
3735,1,2024-06-24,SELL,3637,440.69,Equity
3736,6,2024-06-24,SELL,2958,241.72,Equity
3737,8,2024-06-24,BUY,2386,64.02,Equity
3738,4,2024-06-24,BUY,4600,109.54,Equity
3739,15,2024-06-24,BUY,1552,277.45,Currency
3740,11,2024-06-24,BUY,4513,108.58,ETF
3741,11,2024-06-24,BUY,3416,108.32,ETF
3742,13,2024-06-24,SELL,4249,42.49,Commodity
3743,10,2024-06-24,BUY,4305,56.41,Equity
3744,10,2024-06-24,SELL,1700,56.37,Equity
3745,13,2024-06-24,SELL,2595,42.55,Commodity
3746,7,2024-06-25,BUY,3894,441.1,Equity
3747,11,2024-06-25,BUY,3829,107.19,ETF
3748,3,2024-06-25,SELL,2458,94.53,Equity
3749,10,2024-06-25,SELL,2858,56.55,Equity
3750,10,2024-06-25,BUY,4940,56.38,Equity
3751,7,2024-06-25,BUY,4709,441.6,Equity
3752,9,2024-06-25,BUY,457,194.26,Equity
3753,3,2024-06-25,SELL,2393,94.54,Equity
3754,6,2024-06-25,SELL,1463,244.41,Equity
3755,5,2024-06-25,SELL,3195,433.63,Equity
3756,4,2024-06-25,BUY,1175,109.83,Equity
3757,11,2024-06-25,SELL,1155,107.6,ETF
3758,1,2024-06-25,BUY,3766,440.24,Equity
3759,4,2024-06-25,BUY,4834,109.69,Equity
3760,11,2024-06-25,BUY,1183,107.25,ETF
3761,3,2024-06-25,BUY,2805,94.68,Equity
3762,3,2024-06-25,SELL,651,94.43,Equity
3763,9,2024-06-25,SELL,272,193.69,Equity
3764,14,2024-06-25,BUY,3186,81.66,Commodity
3765,3,2024-06-25,BUY,4012,94.31,Equity
3766,13,2024-06-25,SELL,4090,42.83,Commodity
3767,2,2024-06-25,BUY,388,60.63,Equity
3768,3,2024-06-25,SELL,227,94.58,Equity
3769,5,2024-06-25,SELL,4183,433.21,Equity
3770,4,2024-06-25,BUY,3501,109.66,Equity
3771,5,2024-06-25,SELL,3468,431.98,Equity
3772,11,2024-06-25,BUY,645,107.66,ETF
3773,14,2024-06-25,BUY,1159,81.44,Commodity
3774,4,2024-06-25,SELL,2119,109.51,Equity
3775,12,2024-06-25,SELL,3951,214.98,Bond
3776,9,2024-06-26,SELL,4417,200.81,Equity
3777,10,2024-06-26,SELL,2284,56.69,Equity
3778,10,2024-06-26,SELL,4478,56.48,Equity
3779,5,2024-06-26,BUY,773,429.02,Equity
3780,11,2024-06-26,BUY,1232,106.21,ETF
3781,6,2024-06-26,BUY,1389,241.18,Equity
3782,1,2024-06-26,SELL,4461,447.06,Equity
3783,2,2024-06-26,BUY,2712,62.51,Equity
3784,11,2024-06-26,SELL,3700,106.56,ETF
3785,8,2024-06-26,SELL,1537,64.0,Equity
3786,5,2024-06-26,SELL,2824,427.45,Equity
3787,14,2024-06-26,SELL,2679,80.48,Commodity
3788,8,2024-06-26,BUY,854,63.77,Equity
3789,2,2024-06-26,SELL,3411,62.63,Equity
3790,14,2024-06-26,SELL,1737,80.23,Commodity
3791,1,2024-06-26,BUY,2455,447.16,Equity
3792,13,2024-06-26,SELL,2609,44.41,Commodity
3793,13,2024-06-26,SELL,1900,44.4,Commodity
3794,5,2024-06-26,SELL,4338,427.41,Equity
3795,9,2024-06-26,BUY,825,201.57,Equity
3796,13,2024-06-26,BUY,1585,44.48,Commodity
3797,9,2024-06-26,SELL,4134,201.46,Equity
3798,3,2024-06-26,SELL,1569,95.67,Equity
3799,12,2024-06-26,SELL,2876,214.5,Bond
3800,3,2024-06-26,SELL,591,95.63,Equity
3801,7,2024-06-26,SELL,1519,445.35,Equity
3802,1,2024-06-26,BUY,1937,448.21,Equity
3803,8,2024-06-26,BUY,4239,64.04,Equity
3804,9,2024-06-26,BUY,4012,200.9,Equity
3805,7,2024-06-26,SELL,4672,447.63,Equity
3806,1,2024-06-26,SELL,2573,448.29,Equity
3807,1,2024-06-27,BUY,4623,441.47,Equity
3808,11,2024-06-27,SELL,1817,106.94,ETF
3809,12,2024-06-27,BUY,2840,216.6,Bond
3810,4,2024-06-27,SELL,228,106.47,Equity
3811,15,2024-06-27,BUY,999,274.06,Currency
3812,9,2024-06-27,SELL,53,199.7,Equity
3813,1,2024-06-27,BUY,4413,441.6,Equity
3814,3,2024-06-27,BUY,461,92.77,Equity
3815,3,2024-06-27,BUY,358,92.87,Equity
3816,4,2024-06-27,SELL,3151,106.99,Equity
3817,1,2024-06-27,BUY,2397,440.42,Equity
3818,2,2024-06-27,SELL,964,63.95,Equity
3819,1,2024-06-27,BUY,2352,440.54,Equity
3820,9,2024-06-27,BUY,2169,199.85,Equity
3821,14,2024-06-27,SELL,4640,81.97,Commodity
3822,2,2024-06-27,BUY,4000,63.7,Equity
3823,1,2024-06-27,SELL,3440,440.16,Equity
3824,12,2024-06-27,SELL,4228,216.75,Bond
3825,12,2024-06-27,SELL,3795,216.99,Bond
3826,13,2024-06-27,BUY,1507,44.6,Commodity
3827,15,2024-06-27,BUY,1002,273.31,Currency
3828,4,2024-06-27,SELL,445,106.46,Equity
3829,5,2024-06-27,SELL,137,444.61,Equity
3830,4,2024-06-27,BUY,3803,106.86,Equity
3831,1,2024-06-27,SELL,1275,441.53,Equity
3832,5,2024-06-27,BUY,3511,445.18,Equity
3833,5,2024-06-27,SELL,3542,445.95,Equity
3834,7,2024-06-27,SELL,3113,442.61,Equity
3835,13,2024-06-27,SELL,3382,44.64,Commodity
3836,2,2024-06-27,SELL,1368,63.9,Equity
3837,5,2024-06-27,BUY,152,443.57,Equity
3838,15,2024-06-27,BUY,908,272.96,Currency
3839,8,2024-06-27,SELL,1577,63.81,Equity
3840,5,2024-06-27,SELL,809,443.6,Equity
3841,8,2024-06-27,BUY,4168,63.95,Equity
3842,4,2024-06-27,BUY,1216,106.57,Equity
3843,12,2024-06-27,BUY,1838,216.69,Bond
3844,13,2024-06-27,BUY,1167,44.71,Commodity
3845,4,2024-06-27,BUY,2210,106.57,Equity
3846,6,2024-06-28,SELL,981,228.49,Equity
3847,7,2024-06-28,SELL,3793,433.11,Equity
3848,7,2024-06-28,SELL,653,431.82,Equity
3849,11,2024-06-28,BUY,302,105.75,ETF
3850,6,2024-06-28,BUY,1014,228.57,Equity
3851,7,2024-06-28,BUY,2206,433.01,Equity
3852,13,2024-06-28,BUY,1773,43.85,Commodity
3853,4,2024-06-28,SELL,4173,104.27,Equity
3854,2,2024-06-28,SELL,469,64.19,Equity
3855,10,2024-06-28,SELL,1855,55.37,Equity
3856,6,2024-06-28,SELL,2885,228.77,Equity
3857,1,2024-06-28,BUY,4133,450.67,Equity
3858,8,2024-06-28,SELL,3785,62.44,Equity
3859,12,2024-06-28,BUY,908,217.11,Bond
3860,13,2024-06-28,BUY,4528,43.72,Commodity
3861,4,2024-06-28,SELL,454,104.27,Equity
3862,9,2024-06-28,SELL,2259,195.21,Equity
3863,9,2024-06-28,SELL,145,195.04,Equity
3864,4,2024-06-28,BUY,2013,104.17,Equity
3865,12,2024-06-28,SELL,904,217.16,Bond
3866,5,2024-06-28,BUY,1859,434.65,Equity
3867,7,2024-06-28,SELL,2657,432.89,Equity
3868,2,2024-06-28,SELL,3686,64.23,Equity
3869,11,2024-07-01,BUY,557,104.92,ETF
3870,6,2024-07-01,BUY,3300,233.71,Equity
3871,5,2024-07-01,SELL,689,426.79,Equity
3872,10,2024-07-01,BUY,657,55.9,Equity
3873,9,2024-07-01,BUY,3189,193.43,Equity
3874,11,2024-07-01,SELL,3842,105.09,ETF
3875,14,2024-07-01,BUY,3567,83.38,Commodity
3876,5,2024-07-01,BUY,4150,427.43,Equity
3877,14,2024-07-01,SELL,97,83.34,Commodity
3878,6,2024-07-01,SELL,3310,234.86,Equity
3879,2,2024-07-01,BUY,4565,66.29,Equity
3880,10,2024-07-01,BUY,722,55.93,Equity
3881,8,2024-07-01,SELL,4127,61.68,Equity
3882,4,2024-07-01,SELL,4614,105.05,Equity
3883,1,2024-07-01,SELL,2645,455.19,Equity
3884,4,2024-07-01,SELL,1633,104.62,Equity
3885,5,2024-07-01,BUY,4119,427.93,Equity
3886,7,2024-07-01,BUY,4237,425.53,Equity
3887,2,2024-07-01,SELL,2629,66.47,Equity
3888,9,2024-07-01,SELL,1795,193.53,Equity
3889,6,2024-07-01,SELL,4855,235.0,Equity
3890,15,2024-07-01,SELL,1399,271.58,Currency
3891,7,2024-07-01,BUY,2781,425.76,Equity
3892,9,2024-07-01,BUY,456,193.25,Equity
3893,13,2024-07-01,SELL,4390,43.56,Commodity
3894,12,2024-07-01,SELL,3026,216.78,Bond
3895,4,2024-07-01,SELL,2384,104.93,Equity
3896,12,2024-07-01,BUY,4162,216.92,Bond
3897,14,2024-07-01,BUY,2387,83.52,Commodity
3898,15,2024-07-01,BUY,709,272.75,Currency
3899,14,2024-07-01,BUY,3619,83.39,Commodity
3900,3,2024-07-01,SELL,3634,90.27,Equity
3901,4,2024-07-01,SELL,395,104.86,Equity
3902,14,2024-07-01,BUY,1137,83.5,Commodity
3903,9,2024-07-01,BUY,4572,193.34,Equity
3904,2,2024-07-02,SELL,3712,68.0,Equity
3905,2,2024-07-02,BUY,1860,67.84,Equity
3906,3,2024-07-02,BUY,4035,91.56,Equity
3907,7,2024-07-02,BUY,4090,430.09,Equity
3908,8,2024-07-02,SELL,874,63.95,Equity
3909,10,2024-07-02,BUY,4122,55.42,Equity
3910,9,2024-07-02,BUY,157,199.07,Equity
3911,1,2024-07-02,BUY,749,456.8,Equity
3912,1,2024-07-02,BUY,972,456.94,Equity
3913,9,2024-07-02,BUY,2101,199.22,Equity
3914,2,2024-07-02,BUY,2035,68.07,Equity
3915,13,2024-07-02,BUY,902,44.38,Commodity
3916,11,2024-07-02,BUY,4763,104.61,ETF
3917,13,2024-07-02,SELL,1216,44.36,Commodity
3918,4,2024-07-02,SELL,3454,108.09,Equity
3919,6,2024-07-02,SELL,628,237.43,Equity
3920,15,2024-07-02,SELL,3502,269.21,Currency
3921,15,2024-07-02,BUY,3068,269.76,Currency
3922,11,2024-07-02,BUY,1700,105.09,ETF
3923,6,2024-07-02,SELL,2545,237.38,Equity
3924,1,2024-07-02,BUY,2397,457.59,Equity
3925,12,2024-07-02,BUY,4951,215.65,Bond
3926,11,2024-07-02,BUY,4195,105.01,ETF
3927,4,2024-07-02,BUY,3089,107.7,Equity
3928,2,2024-07-02,SELL,4390,67.99,Equity
3929,13,2024-07-02,SELL,4461,44.52,Commodity
3930,3,2024-07-02,SELL,3312,91.31,Equity
3931,10,2024-07-02,BUY,3164,55.58,Equity
3932,10,2024-07-02,BUY,3758,55.62,Equity
3933,11,2024-07-02,BUY,4125,105.03,ETF
3934,7,2024-07-02,SELL,2918,430.47,Equity
3935,15,2024-07-02,SELL,4425,269.49,Currency
3936,6,2024-07-02,SELL,3633,237.63,Equity
3937,6,2024-07-02,SELL,4027,237.31,Equity
3938,4,2024-07-02,BUY,331,108.06,Equity
3939,1,2024-07-03,SELL,4306,450.97,Equity
3940,11,2024-07-03,BUY,3900,102.31,ETF
3941,15,2024-07-03,BUY,4646,267.95,Currency
3942,8,2024-07-03,SELL,774,62.59,Equity
3943,12,2024-07-03,BUY,3565,214.93,Bond
3944,9,2024-07-03,SELL,2777,201.9,Equity
3945,8,2024-07-03,BUY,4471,62.58,Equity
3946,6,2024-07-03,SELL,3308,234.28,Equity
3947,12,2024-07-03,SELL,1283,214.39,Bond
3948,8,2024-07-03,BUY,1118,62.27,Equity
3949,4,2024-07-03,BUY,2731,107.74,Equity
3950,8,2024-07-03,BUY,4170,62.44,Equity
3951,1,2024-07-03,BUY,1291,452.2,Equity
3952,14,2024-07-03,SELL,2743,80.42,Commodity
3953,14,2024-07-03,SELL,3273,80.35,Commodity
3954,4,2024-07-03,BUY,4204,107.74,Equity
3955,4,2024-07-03,SELL,271,107.69,Equity
3956,12,2024-07-03,BUY,4935,215.3,Bond
3957,1,2024-07-03,SELL,1053,451.12,Equity
3958,11,2024-07-03,BUY,2842,102.62,ETF
3959,4,2024-07-03,SELL,2415,107.81,Equity
3960,10,2024-07-03,SELL,2551,56.21,Equity
3961,8,2024-07-03,BUY,4482,62.61,Equity
3962,5,2024-07-03,SELL,4007,410.63,Equity
3963,12,2024-07-03,SELL,1307,214.66,Bond
3964,9,2024-07-03,SELL,4808,201.81,Equity
3965,5,2024-07-03,BUY,3471,411.25,Equity
3966,13,2024-07-03,BUY,2063,45.98,Commodity
3967,15,2024-07-03,BUY,3219,269.12,Currency
3968,3,2024-07-03,SELL,98,90.2,Equity
3969,3,2024-07-04,SELL,475,91.67,Equity
3970,12,2024-07-04,BUY,1178,214.4,Bond
3971,6,2024-07-04,SELL,3482,242.41,Equity
3972,2,2024-07-04,BUY,4194,69.41,Equity
3973,8,2024-07-04,BUY,69,63.13,Equity
3974,6,2024-07-04,BUY,379,242.45,Equity
3975,2,2024-07-04,BUY,1237,69.28,Equity
3976,4,2024-07-04,BUY,4558,108.54,Equity
3977,7,2024-07-04,BUY,2575,422.87,Equity
3978,15,2024-07-04,SELL,3162,266.94,Currency
3979,15,2024-07-04,BUY,3890,267.15,Currency
3980,2,2024-07-04,SELL,2113,69.59,Equity
3981,5,2024-07-04,SELL,2839,404.97,Equity
3982,6,2024-07-04,BUY,1511,243.15,Equity
3983,14,2024-07-04,BUY,2797,81.89,Commodity
3984,2,2024-07-04,SELL,2481,69.52,Equity
3985,2,2024-07-04,SELL,3374,69.38,Equity
3986,1,2024-07-04,BUY,3138,450.02,Equity
3987,9,2024-07-04,SELL,2530,201.1,Equity
3988,6,2024-07-04,BUY,456,242.4,Equity
3989,5,2024-07-04,SELL,1720,404.88,Equity
3990,15,2024-07-04,SELL,21,266.87,Currency
3991,10,2024-07-04,BUY,3395,55.29,Equity
3992,7,2024-07-04,SELL,3786,422.83,Equity
3993,7,2024-07-04,SELL,3508,424.93,Equity
3994,11,2024-07-04,SELL,3986,102.85,ETF
3995,2,2024-07-04,BUY,2178,69.24,Equity
3996,13,2024-07-04,SELL,1236,45.26,Commodity
3997,14,2024-07-04,SELL,4495,82.17,Commodity
3998,5,2024-07-04,BUY,2601,404.61,Equity
3999,15,2024-07-04,BUY,4685,266.8,Currency
4000,5,2024-07-04,BUY,2886,405.87,Equity
4001,14,2024-07-05,SELL,331,80.5,Commodity
4002,7,2024-07-05,BUY,4913,418.61,Equity
4003,12,2024-07-05,SELL,3319,214.67,Bond
4004,13,2024-07-05,BUY,1196,45.33,Commodity
4005,2,2024-07-05,BUY,292,68.36,Equity
4006,11,2024-07-05,BUY,1426,104.4,ETF
4007,15,2024-07-05,SELL,1939,270.46,Currency
4008,5,2024-07-05,SELL,221,404.52,Equity
4009,9,2024-07-05,BUY,4727,196.78,Equity
4010,11,2024-07-05,BUY,2978,104.16,ETF
4011,10,2024-07-05,BUY,3149,55.82,Equity
4012,4,2024-07-05,BUY,2007,111.77,Equity
4013,13,2024-07-05,SELL,1051,45.17,Commodity
4014,4,2024-07-05,BUY,4535,111.51,Equity
4015,8,2024-07-05,BUY,920,64.97,Equity
4016,14,2024-07-05,BUY,2410,80.51,Commodity
4017,12,2024-07-05,BUY,1156,214.86,Bond
4018,12,2024-07-05,BUY,31,215.34,Bond
4019,7,2024-07-05,BUY,1967,420.13,Equity
4020,2,2024-07-05,BUY,1402,68.34,Equity
4021,2,2024-07-05,SELL,4055,68.47,Equity
4022,8,2024-07-05,SELL,3286,64.63,Equity
4023,7,2024-07-08,BUY,4035,423.69,Equity
4024,2,2024-07-08,BUY,3879,69.41,Equity
4025,15,2024-07-08,BUY,1952,266.96,Currency
4026,12,2024-07-08,SELL,4638,215.63,Bond
4027,12,2024-07-08,BUY,2970,215.74,Bond
4028,15,2024-07-08,SELL,2035,267.16,Currency
4029,3,2024-07-08,SELL,1134,93.03,Equity
4030,6,2024-07-08,BUY,2243,241.69,Equity
4031,15,2024-07-08,BUY,4716,267.0,Currency
4032,5,2024-07-08,SELL,4076,401.09,Equity
4033,14,2024-07-08,SELL,4520,78.18,Commodity
4034,11,2024-07-08,BUY,645,104.62,ETF
4035,3,2024-07-08,SELL,2348,92.85,Equity
4036,3,2024-07-08,BUY,3288,92.74,Equity
4037,3,2024-07-08,SELL,42,92.75,Equity
4038,7,2024-07-08,SELL,3607,424.34,Equity
4039,3,2024-07-08,BUY,1793,93.14,Equity
4040,3,2024-07-08,SELL,1310,93.11,Equity
4041,4,2024-07-08,SELL,4566,109.59,Equity
4042,7,2024-07-08,BUY,1308,422.97,Equity
4043,2,2024-07-08,SELL,2814,69.77,Equity
4044,15,2024-07-08,SELL,4445,267.05,Currency
4045,6,2024-07-08,BUY,2283,241.02,Equity
4046,5,2024-07-08,BUY,3637,401.9,Equity
4047,4,2024-07-08,SELL,2212,109.16,Equity
4048,6,2024-07-08,SELL,4812,241.08,Equity
4049,12,2024-07-08,BUY,3177,216.37,Bond
4050,3,2024-07-08,SELL,1787,92.73,Equity
4051,4,2024-07-08,BUY,2206,109.31,Equity
4052,5,2024-07-08,BUY,2285,402.63,Equity
4053,2,2024-07-08,SELL,2625,69.73,Equity
4054,13,2024-07-08,SELL,3965,46.09,Commodity
4055,13,2024-07-08,SELL,4057,46.04,Commodity
4056,9,2024-07-08,BUY,2649,196.17,Equity
4057,1,2024-07-08,SELL,3479,425.2,Equity
4058,13,2024-07-08,BUY,858,46.2,Commodity
4059,3,2024-07-08,BUY,225,92.8,Equity
4060,11,2024-07-08,SELL,3643,104.91,ETF
4061,10,2024-07-09,SELL,4498,56.33,Equity
4062,3,2024-07-09,SELL,4253,93.04,Equity
4063,3,2024-07-09,SELL,969,93.1,Equity
4064,15,2024-07-09,BUY,57,267.09,Currency
4065,7,2024-07-09,BUY,430,409.67,Equity
4066,9,2024-07-09,BUY,4177,195.26,Equity
4067,12,2024-07-09,SELL,4124,216.57,Bond
4068,10,2024-07-09,BUY,1411,56.36,Equity
4069,10,2024-07-09,BUY,2929,56.08,Equity
4070,2,2024-07-09,BUY,4870,68.24,Equity
4071,3,2024-07-09,BUY,2840,93.28,Equity
4072,8,2024-07-09,BUY,1743,63.74,Equity
4073,3,2024-07-09,SELL,4769,92.97,Equity
4074,14,2024-07-09,BUY,1382,78.68,Commodity
4075,1,2024-07-09,BUY,1384,421.74,Equity
4076,10,2024-07-09,BUY,2968,56.3,Equity
4077,10,2024-07-09,BUY,2737,56.29,Equity
4078,12,2024-07-09,SELL,1744,215.68,Bond
4079,13,2024-07-09,BUY,1910,45.5,Commodity
4080,3,2024-07-09,SELL,412,93.21,Equity
4081,14,2024-07-09,SELL,3889,78.84,Commodity
4082,1,2024-07-09,BUY,3951,423.27,Equity
4083,2,2024-07-09,SELL,876,68.45,Equity
4084,1,2024-07-09,SELL,4450,422.14,Equity
4085,5,2024-07-09,SELL,120,415.55,Equity
4086,15,2024-07-09,SELL,4727,266.83,Currency
4087,11,2024-07-09,BUY,4444,102.74,ETF
4088,6,2024-07-09,BUY,1540,246.41,Equity
4089,7,2024-07-10,SELL,382,399.06,Equity
4090,10,2024-07-10,SELL,2383,57.0,Equity
4091,15,2024-07-10,BUY,852,266.73,Currency
4092,2,2024-07-10,SELL,4783,65.62,Equity
4093,4,2024-07-10,SELL,2432,105.8,Equity
4094,9,2024-07-10,SELL,2042,197.31,Equity
4095,12,2024-07-10,SELL,185,216.19,Bond
4096,3,2024-07-10,SELL,4943,93.66,Equity
4097,9,2024-07-10,SELL,4279,197.56,Equity
4098,5,2024-07-10,BUY,1118,420.76,Equity
4099,15,2024-07-10,SELL,4441,266.95,Currency
4100,7,2024-07-10,SELL,619,399.81,Equity
4101,11,2024-07-10,BUY,4654,101.53,ETF
4102,15,2024-07-10,SELL,4883,266.69,Currency
4103,6,2024-07-10,SELL,679,252.44,Equity
4104,5,2024-07-10,SELL,4078,418.41,Equity
4105,8,2024-07-10,BUY,4926,63.15,Equity
4106,12,2024-07-10,BUY,1912,215.69,Bond
4107,4,2024-07-10,SELL,1834,105.85,Equity
4108,10,2024-07-10,BUY,947,57.01,Equity
4109,8,2024-07-10,BUY,1664,62.94,Equity
4110,6,2024-07-10,BUY,3064,251.74,Equity
4111,12,2024-07-10,SELL,3454,215.53,Bond
4112,15,2024-07-10,BUY,2238,266.55,Currency
4113,9,2024-07-10,SELL,472,197.19,Equity
4114,2,2024-07-10,SELL,2499,65.32,Equity
4115,15,2024-07-10,BUY,930,266.83,Currency
4116,12,2024-07-10,SELL,2113,215.99,Bond
4117,15,2024-07-10,BUY,1221,266.64,Currency
4118,7,2024-07-10,SELL,4766,399.82,Equity
4119,8,2024-07-10,BUY,1916,62.99,Equity
4120,7,2024-07-10,SELL,2512,400.33,Equity
4121,5,2024-07-10,BUY,732,418.83,Equity
4122,8,2024-07-10,SELL,200,63.22,Equity
4123,12,2024-07-10,BUY,770,215.95,Bond
4124,1,2024-07-10,BUY,890,412.07,Equity
4125,4,2024-07-11,BUY,1494,108.3,Equity
4126,5,2024-07-11,BUY,1311,421.48,Equity
4127,13,2024-07-11,SELL,4667,46.8,Commodity
4128,6,2024-07-11,BUY,4219,250.12,Equity
4129,11,2024-07-11,BUY,4755,101.66,ETF
4130,11,2024-07-11,SELL,2678,101.4,ETF
4131,8,2024-07-11,BUY,2847,62.49,Equity
4132,4,2024-07-11,SELL,4754,108.49,Equity
4133,13,2024-07-11,BUY,1759,46.65,Commodity
4134,10,2024-07-11,SELL,4383,57.03,Equity
4135,4,2024-07-11,BUY,2333,108.53,Equity
4136,1,2024-07-11,BUY,4993,399.61,Equity
4137,1,2024-07-11,BUY,3421,398.91,Equity
4138,7,2024-07-11,BUY,4948,399.41,Equity
4139,4,2024-07-11,BUY,1571,108.18,Equity
4140,8,2024-07-11,BUY,3199,62.68,Equity
4141,5,2024-07-11,BUY,1956,422.3,Equity
4142,8,2024-07-11,SELL,33,62.51,Equity
4143,14,2024-07-11,BUY,3537,77.45,Commodity
4144,9,2024-07-11,BUY,503,193.83,Equity
4145,2,2024-07-11,BUY,4722,63.96,Equity
4146,10,2024-07-11,SELL,3037,56.73,Equity
4147,13,2024-07-11,SELL,4968,46.62,Commodity
4148,14,2024-07-11,BUY,4436,77.5,Commodity
4149,4,2024-07-11,SELL,2379,108.5,Equity
4150,6,2024-07-11,SELL,4376,249.5,Equity
4151,4,2024-07-11,BUY,4312,108.36,Equity
4152,14,2024-07-11,SELL,3165,77.66,Commodity
4153,6,2024-07-11,SELL,4636,250.66,Equity
4154,5,2024-07-11,SELL,4188,420.77,Equity
4155,3,2024-07-11,SELL,4246,93.09,Equity
4156,12,2024-07-11,BUY,69,216.76,Bond
4157,15,2024-07-11,SELL,1962,266.56,Currency
4158,10,2024-07-12,SELL,336,57.95,Equity
4159,4,2024-07-12,BUY,4028,107.98,Equity
4160,9,2024-07-12,BUY,3813,193.27,Equity
4161,3,2024-07-12,BUY,1425,93.0,Equity
4162,15,2024-07-12,BUY,705,268.08,Currency
4163,12,2024-07-12,BUY,1365,217.89,Bond
4164,8,2024-07-12,SELL,816,60.99,Equity
4165,14,2024-07-12,BUY,4478,78.07,Commodity
4166,9,2024-07-12,SELL,2558,192.56,Equity
4167,7,2024-07-12,SELL,3571,395.41,Equity
4168,13,2024-07-12,BUY,510,46.03,Commodity
4169,11,2024-07-12,BUY,2837,102.56,ETF
4170,15,2024-07-12,SELL,2595,267.84,Currency
4171,3,2024-07-12,SELL,2112,92.99,Equity
4172,6,2024-07-12,SELL,3618,254.97,Equity
4173,13,2024-07-12,SELL,728,46.13,Commodity
4174,2,2024-07-12,SELL,4709,66.77,Equity
4175,10,2024-07-12,BUY,556,58.08,Equity
4176,11,2024-07-12,SELL,239,102.61,ETF
4177,10,2024-07-12,BUY,2752,57.84,Equity
4178,11,2024-07-12,SELL,2559,102.71,ETF
4179,7,2024-07-12,BUY,3074,393.9,Equity
4180,7,2024-07-15,SELL,2026,389.55,Equity
4181,14,2024-07-15,SELL,1788,76.17,Commodity
4182,15,2024-07-15,BUY,3757,269.14,Currency
4183,7,2024-07-15,SELL,3991,389.09,Equity
4184,3,2024-07-15,SELL,2447,94.41,Equity
4185,14,2024-07-15,BUY,860,76.19,Commodity
4186,13,2024-07-15,SELL,3948,46.06,Commodity
4187,8,2024-07-15,BUY,3322,59.58,Equity
4188,6,2024-07-15,BUY,849,247.29,Equity
4189,5,2024-07-15,SELL,488,414.19,Equity
4190,8,2024-07-15,BUY,3578,59.33,Equity
4191,1,2024-07-15,SELL,4200,388.46,Equity
4192,2,2024-07-15,BUY,1208,66.75,Equity
4193,13,2024-07-15,SELL,3410,45.95,Commodity
4194,14,2024-07-15,BUY,2943,75.89,Commodity
4195,7,2024-07-15,BUY,705,389.34,Equity
4196,11,2024-07-15,SELL,1430,101.85,ETF
4197,6,2024-07-15,SELL,4146,245.91,Equity
4198,15,2024-07-15,BUY,1051,268.96,Currency
4199,7,2024-07-15,BUY,1565,389.05,Equity
4200,13,2024-07-15,SELL,1128,46.13,Commodity
4201,15,2024-07-15,BUY,683,268.77,Currency
4202,14,2024-07-15,BUY,1761,75.9,Commodity
4203,11,2024-07-16,BUY,432,101.74,ETF
4204,14,2024-07-16,BUY,362,73.26,Commodity
4205,14,2024-07-16,SELL,3868,73.46,Commodity
4206,1,2024-07-16,SELL,779,396.94,Equity
4207,13,2024-07-16,SELL,1812,45.17,Commodity
4208,13,2024-07-16,BUY,2796,45.21,Commodity
4209,12,2024-07-16,BUY,2662,217.59,Bond
4210,3,2024-07-16,SELL,2791,91.57,Equity
4211,2,2024-07-16,SELL,4457,65.89,Equity
4212,14,2024-07-16,BUY,1957,73.31,Commodity
4213,10,2024-07-16,BUY,917,59.5,Equity
4214,14,2024-07-16,SELL,2085,73.3,Commodity
4215,9,2024-07-16,SELL,527,192.05,Equity
4216,4,2024-07-16,BUY,396,108.67,Equity
4217,3,2024-07-16,BUY,797,91.7,Equity
4218,9,2024-07-16,BUY,3830,191.62,Equity
4219,9,2024-07-16,BUY,695,192.57,Equity
4220,14,2024-07-16,SELL,2764,73.36,Commodity
4221,13,2024-07-16,BUY,1106,45.36,Commodity
4222,13,2024-07-16,SELL,832,45.15,Commodity
4223,9,2024-07-16,BUY,1607,191.95,Equity
4224,14,2024-07-16,BUY,3853,73.39,Commodity
4225,2,2024-07-16,SELL,2190,65.91,Equity
4226,12,2024-07-16,SELL,3005,217.63,Bond
4227,12,2024-07-17,SELL,4777,218.61,Bond
4228,7,2024-07-17,BUY,2826,393.02,Equity
4229,8,2024-07-17,BUY,849,60.36,Equity
4230,12,2024-07-17,BUY,363,217.92,Bond
4231,6,2024-07-17,SELL,2208,250.9,Equity
4232,8,2024-07-17,SELL,3128,60.31,Equity
4233,14,2024-07-17,BUY,1715,72.46,Commodity
4234,1,2024-07-17,BUY,1524,398.3,Equity
4235,3,2024-07-17,BUY,1902,92.52,Equity
4236,8,2024-07-17,BUY,3306,60.55,Equity
4237,5,2024-07-17,BUY,1789,433.05,Equity
4238,4,2024-07-17,SELL,702,109.23,Equity
4239,10,2024-07-17,SELL,1319,60.98,Equity
4240,2,2024-07-17,BUY,2604,66.08,Equity
4241,10,2024-07-17,BUY,3630,60.92,Equity
4242,1,2024-07-17,BUY,465,398.61,Equity
4243,8,2024-07-17,SELL,2112,60.23,Equity
4244,11,2024-07-17,BUY,775,99.91,ETF
4245,13,2024-07-17,BUY,625,43.47,Commodity
4246,1,2024-07-17,BUY,262,399.89,Equity
4247,13,2024-07-17,SELL,3224,43.47,Commodity
4248,14,2024-07-17,SELL,1533,72.31,Commodity
4249,1,2024-07-17,SELL,4805,398.42,Equity
4250,7,2024-07-17,SELL,4391,394.45,Equity
4251,12,2024-07-17,SELL,738,217.65,Bond
4252,9,2024-07-17,SELL,1734,193.47,Equity
4253,11,2024-07-17,BUY,1119,99.89,ETF
4254,12,2024-07-17,BUY,4709,218.81,Bond
4255,12,2024-07-17,BUY,1374,218.07,Bond
4256,4,2024-07-17,BUY,2529,108.88,Equity
4257,9,2024-07-17,BUY,4038,193.82,Equity
4258,7,2024-07-17,SELL,2933,393.63,Equity
4259,13,2024-07-17,SELL,2586,43.54,Commodity
4260,6,2024-07-18,BUY,4549,251.94,Equity
4261,5,2024-07-18,SELL,1943,429.98,Equity
4262,3,2024-07-18,SELL,2815,95.05,Equity
4263,5,2024-07-18,SELL,2153,429.51,Equity
4264,11,2024-07-18,BUY,634,99.26,ETF
4265,12,2024-07-18,SELL,3823,217.8,Bond
4266,2,2024-07-18,BUY,1197,64.89,Equity
4267,11,2024-07-18,SELL,2230,99.4,ETF
4268,13,2024-07-18,SELL,2290,43.85,Commodity
4269,13,2024-07-18,SELL,4399,43.81,Commodity
4270,6,2024-07-18,SELL,2552,251.54,Equity
4271,6,2024-07-18,BUY,2160,251.35,Equity
4272,11,2024-07-18,SELL,3806,99.11,ETF
4273,12,2024-07-18,BUY,2113,217.26,Bond
4274,12,2024-07-18,BUY,3939,217.17,Bond
4275,4,2024-07-18,BUY,2220,113.21,Equity
4276,9,2024-07-18,BUY,3620,197.33,Equity
4277,5,2024-07-18,SELL,954,430.44,Equity
4278,3,2024-07-18,BUY,4934,94.87,Equity
4279,5,2024-07-18,SELL,1216,430.32,Equity
4280,12,2024-07-18,BUY,1713,217.66,Bond
4281,14,2024-07-18,BUY,3395,71.99,Commodity
4282,8,2024-07-18,BUY,503,61.21,Equity
4283,11,2024-07-18,SELL,4610,99.04,ETF
4284,14,2024-07-18,BUY,2101,71.82,Commodity
4285,7,2024-07-18,BUY,426,392.23,Equity
4286,6,2024-07-18,BUY,4623,251.26,Equity
4287,10,2024-07-18,BUY,4779,60.9,Equity
4288,9,2024-07-18,BUY,4245,197.96,Equity
4289,10,2024-07-18,BUY,4188,60.86,Equity
4290,4,2024-07-18,SELL,117,113.35,Equity
4291,10,2024-07-18,SELL,4369,60.79,Equity
4292,6,2024-07-18,SELL,99,251.63,Equity
4293,7,2024-07-18,BUY,2842,390.78,Equity
4294,2,2024-07-18,SELL,3405,64.88,Equity
4295,9,2024-07-18,SELL,3248,197.76,Equity
4296,11,2024-07-18,SELL,1329,99.06,ETF
4297,15,2024-07-18,SELL,1337,270.37,Currency
4298,5,2024-07-19,BUY,4150,424.42,Equity
4299,15,2024-07-19,SELL,2214,269.6,Currency
4300,7,2024-07-19,SELL,692,377.36,Equity
4301,14,2024-07-19,SELL,4865,71.58,Commodity
4302,6,2024-07-19,BUY,296,249.55,Equity
4303,5,2024-07-19,SELL,1750,422.94,Equity
4304,5,2024-07-19,SELL,2666,423.04,Equity
4305,13,2024-07-19,BUY,741,43.17,Commodity
4306,3,2024-07-19,BUY,611,95.41,Equity
4307,11,2024-07-19,SELL,4596,99.46,ETF
4308,2,2024-07-19,BUY,449,63.26,Equity
4309,15,2024-07-19,BUY,468,269.09,Currency
4310,9,2024-07-19,BUY,204,193.59,Equity
4311,12,2024-07-19,BUY,1528,216.19,Bond
4312,1,2024-07-19,BUY,2539,392.22,Equity
4313,13,2024-07-19,SELL,3505,43.25,Commodity
4314,13,2024-07-19,SELL,383,43.35,Commodity
4315,15,2024-07-19,SELL,4355,268.52,Currency
4316,9,2024-07-19,BUY,4537,192.62,Equity
4317,12,2024-07-19,SELL,3683,216.37,Bond
4318,11,2024-07-19,BUY,68,99.76,ETF
4319,11,2024-07-19,SELL,4005,99.53,ETF
4320,12,2024-07-19,SELL,4764,216.85,Bond
4321,3,2024-07-19,SELL,4906,95.09,Equity
4322,1,2024-07-19,BUY,1166,390.37,Equity
4323,6,2024-07-22,BUY,434,250.93,Equity
4324,6,2024-07-22,BUY,2078,251.79,Equity
4325,4,2024-07-22,SELL,2127,117.94,Equity
4326,10,2024-07-22,BUY,3819,61.89,Equity
4327,8,2024-07-22,SELL,3570,62.5,Equity
4328,1,2024-07-22,BUY,717,387.8,Equity
4329,3,2024-07-22,BUY,989,96.71,Equity
4330,12,2024-07-22,SELL,2717,216.68,Bond
4331,13,2024-07-22,SELL,1489,41.99,Commodity
4332,14,2024-07-22,SELL,3081,70.83,Commodity
4333,4,2024-07-22,BUY,835,117.95,Equity
4334,15,2024-07-22,SELL,2891,268.65,Currency
4335,3,2024-07-22,SELL,4890,96.84,Equity
4336,6,2024-07-22,BUY,2898,252.21,Equity
4337,14,2024-07-22,BUY,3219,70.72,Commodity
4338,3,2024-07-22,BUY,4601,96.96,Equity
4339,13,2024-07-22,BUY,4761,42.02,Commodity
4340,12,2024-07-22,SELL,3189,216.1,Bond
4341,9,2024-07-22,BUY,812,191.69,Equity
4342,11,2024-07-22,SELL,1484,99.51,ETF
4343,5,2024-07-22,SELL,1612,407.13,Equity
4344,3,2024-07-22,BUY,3493,96.73,Equity
4345,5,2024-07-22,BUY,3550,409.09,Equity
4346,15,2024-07-22,BUY,3656,268.16,Currency
4347,11,2024-07-22,BUY,4078,99.74,ETF
4348,12,2024-07-22,BUY,249,215.5,Bond
4349,11,2024-07-22,SELL,443,99.3,ETF
4350,10,2024-07-22,SELL,48,62.19,Equity
4351,8,2024-07-22,BUY,4942,62.73,Equity
4352,8,2024-07-22,BUY,396,62.74,Equity
4353,9,2024-07-22,SELL,4808,191.77,Equity
4354,13,2024-07-23,BUY,2949,41.08,Commodity
4355,3,2024-07-23,SELL,4565,94.87,Equity
4356,9,2024-07-23,SELL,370,190.83,Equity
4357,13,2024-07-23,SELL,4101,41.11,Commodity
4358,5,2024-07-23,BUY,4206,406.43,Equity
4359,15,2024-07-23,SELL,4007,268.96,Currency
4360,13,2024-07-23,SELL,645,40.95,Commodity
4361,7,2024-07-23,BUY,1106,383.87,Equity
4362,15,2024-07-23,BUY,3746,268.66,Currency
4363,10,2024-07-23,BUY,526,60.82,Equity
4364,9,2024-07-23,SELL,122,190.83,Equity
4365,8,2024-07-23,SELL,1940,63.26,Equity
4366,13,2024-07-23,SELL,3867,41.06,Commodity
4367,10,2024-07-23,BUY,2506,60.71,Equity
4368,6,2024-07-23,BUY,4116,255.92,Equity
4369,8,2024-07-23,SELL,4026,63.48,Equity
4370,8,2024-07-23,SELL,849,63.33,Equity
4371,4,2024-07-23,SELL,2303,118.65,Equity
4372,12,2024-07-23,SELL,3620,218.14,Bond
4373,14,2024-07-23,SELL,1697,71.17,Commodity
4374,2,2024-07-23,SELL,2439,62.85,Equity
4375,2,2024-07-23,BUY,783,63.12,Equity
4376,13,2024-07-23,SELL,4824,41.07,Commodity
4377,15,2024-07-23,BUY,2555,267.76,Currency
4378,8,2024-07-23,BUY,3534,63.37,Equity
4379,5,2024-07-23,SELL,4496,404.74,Equity
4380,7,2024-07-23,BUY,2245,384.19,Equity
4381,4,2024-07-23,BUY,2669,118.06,Equity
4382,2,2024-07-23,BUY,231,62.82,Equity
4383,15,2024-07-23,BUY,970,268.91,Currency
4384,10,2024-07-23,BUY,2220,60.71,Equity
4385,2,2024-07-24,BUY,382,61.7,Equity
4386,11,2024-07-24,SELL,2512,97.16,ETF
4387,12,2024-07-24,BUY,2576,218.41,Bond
4388,10,2024-07-24,SELL,800,60.5,Equity
4389,14,2024-07-24,SELL,1070,68.98,Commodity
4390,9,2024-07-24,BUY,1534,198.25,Equity
4391,3,2024-07-24,SELL,2648,92.63,Equity
4392,9,2024-07-24,BUY,2161,198.39,Equity
4393,8,2024-07-24,BUY,4179,63.21,Equity
4394,12,2024-07-24,SELL,363,218.28,Bond
4395,8,2024-07-24,SELL,3685,62.94,Equity
4396,4,2024-07-24,SELL,2370,118.84,Equity
4397,5,2024-07-24,BUY,2546,408.89,Equity
4398,1,2024-07-24,BUY,3173,392.41,Equity
4399,2,2024-07-24,SELL,2403,61.55,Equity
4400,7,2024-07-24,BUY,22,379.05,Equity
4401,12,2024-07-24,BUY,4693,218.12,Bond
4402,3,2024-07-24,BUY,961,92.58,Equity
4403,9,2024-07-24,SELL,218,197.98,Equity
4404,7,2024-07-24,BUY,1714,379.84,Equity
4405,5,2024-07-24,SELL,2880,407.79,Equity
4406,8,2024-07-24,SELL,393,63.05,Equity
4407,15,2024-07-25,BUY,1657,268.53,Currency
4408,12,2024-07-25,SELL,3199,219.36,Bond
4409,10,2024-07-25,BUY,1143,58.68,Equity
4410,5,2024-07-25,BUY,1268,397.67,Equity
4411,4,2024-07-25,SELL,1090,114.95,Equity
4412,9,2024-07-25,SELL,2435,199.53,Equity
4413,15,2024-07-25,SELL,3760,267.96,Currency
4414,5,2024-07-25,SELL,3743,397.38,Equity
4415,6,2024-07-25,BUY,4028,245.16,Equity
4416,3,2024-07-25,SELL,156,90.19,Equity
4417,7,2024-07-25,BUY,4432,380.68,Equity
4418,14,2024-07-25,BUY,2050,70.93,Commodity
4419,3,2024-07-25,BUY,143,89.75,Equity
4420,11,2024-07-25,BUY,4876,96.26,ETF
4421,1,2024-07-25,SELL,3956,384.53,Equity
4422,9,2024-07-25,BUY,2206,199.91,Equity
4423,11,2024-07-25,SELL,1669,95.99,ETF
4424,3,2024-07-25,BUY,1492,90.25,Equity
4425,2,2024-07-25,BUY,4220,60.64,Equity
4426,7,2024-07-25,BUY,1687,380.73,Equity
4427,6,2024-07-25,BUY,1439,245.28,Equity
4428,3,2024-07-25,BUY,1373,90.01,Equity
4429,4,2024-07-25,SELL,2132,114.59,Equity
4430,2,2024-07-25,SELL,484,60.63,Equity
4431,9,2024-07-25,BUY,2093,200.31,Equity
4432,10,2024-07-25,SELL,4449,58.81,Equity
4433,3,2024-07-25,BUY,1768,90.11,Equity
4434,4,2024-07-25,BUY,1455,114.84,Equity
4435,12,2024-07-25,SELL,3491,219.43,Bond
4436,7,2024-07-25,BUY,4939,380.25,Equity
4437,8,2024-07-25,BUY,381,61.97,Equity
4438,2,2024-07-25,SELL,1622,60.49,Equity
4439,15,2024-07-25,BUY,1975,268.03,Currency
4440,8,2024-07-25,SELL,1472,61.81,Equity
4441,5,2024-07-25,SELL,2936,398.57,Equity
4442,5,2024-07-25,SELL,1085,396.96,Equity
4443,1,2024-07-25,BUY,2173,385.13,Equity
4444,15,2024-07-25,SELL,2167,268.24,Currency
4445,15,2024-07-26,BUY,2821,268.02,Currency
4446,14,2024-07-26,SELL,1653,71.14,Commodity
4447,8,2024-07-26,SELL,4229,62.44,Equity
4448,6,2024-07-26,BUY,4308,245.83,Equity
4449,8,2024-07-26,SELL,1831,62.18,Equity
4450,1,2024-07-26,BUY,3288,377.57,Equity
4451,14,2024-07-26,BUY,26,71.4,Commodity
4452,8,2024-07-26,SELL,2002,62.48,Equity
4453,12,2024-07-26,SELL,3966,220.64,Bond
4454,9,2024-07-26,SELL,4774,201.39,Equity
4455,15,2024-07-26,SELL,776,268.21,Currency
4456,15,2024-07-26,SELL,3842,268.39,Currency
4457,4,2024-07-26,BUY,2732,114.72,Equity
4458,9,2024-07-26,BUY,4096,201.69,Equity
4459,10,2024-07-26,BUY,1520,58.18,Equity
4460,12,2024-07-26,SELL,468,220.07,Bond
4461,10,2024-07-26,SELL,3766,58.23,Equity
4462,2,2024-07-26,BUY,3805,60.4,Equity
4463,15,2024-07-26,BUY,1266,268.23,Currency
4464,15,2024-07-26,BUY,3789,268.01,Currency
4465,7,2024-07-26,BUY,2302,387.94,Equity
4466,15,2024-07-26,SELL,1306,267.29,Currency
4467,11,2024-07-26,BUY,3733,95.83,ETF
4468,2,2024-07-26,SELL,2020,60.38,Equity
4469,8,2024-07-26,BUY,455,62.15,Equity
4470,2,2024-07-29,BUY,3665,58.8,Equity
4471,6,2024-07-29,SELL,3216,246.48,Equity
4472,14,2024-07-29,SELL,3941,69.36,Commodity
4473,2,2024-07-29,BUY,3439,58.84,Equity
4474,5,2024-07-29,SELL,2143,409.7,Equity
4475,13,2024-07-29,BUY,4031,43.8,Commodity
4476,12,2024-07-29,SELL,4009,219.57,Bond
4477,9,2024-07-29,BUY,1935,202.64,Equity
4478,3,2024-07-29,SELL,4725,88.22,Equity
4479,4,2024-07-29,BUY,89,114.39,Equity
4480,4,2024-07-29,SELL,998,114.62,Equity
4481,8,2024-07-29,BUY,2632,62.32,Equity
4482,13,2024-07-29,BUY,1615,43.71,Commodity
4483,4,2024-07-29,BUY,1892,114.36,Equity
4484,14,2024-07-29,BUY,1569,69.57,Commodity
4485,5,2024-07-29,BUY,873,410.03,Equity
4486,4,2024-07-29,SELL,1812,114.08,Equity
4487,15,2024-07-29,SELL,246,267.1,Currency
4488,5,2024-07-29,BUY,4442,409.23,Equity
4489,6,2024-07-29,SELL,1880,246.01,Equity
4490,11,2024-07-30,BUY,3950,95.21,ETF
4491,10,2024-07-30,BUY,4285,60.26,Equity
4492,13,2024-07-30,SELL,1735,43.33,Commodity
4493,2,2024-07-30,BUY,3446,59.87,Equity
4494,5,2024-07-30,SELL,3778,415.93,Equity
4495,15,2024-07-30,BUY,340,267.41,Currency
4496,9,2024-07-30,BUY,3184,203.04,Equity
4497,15,2024-07-30,SELL,4477,266.81,Currency
4498,1,2024-07-30,SELL,3121,366.29,Equity
4499,9,2024-07-30,SELL,2110,202.66,Equity
4500,5,2024-07-30,BUY,993,415.89,Equity
4501,2,2024-07-30,BUY,876,59.93,Equity
4502,11,2024-07-30,BUY,3617,95.36,ETF
4503,3,2024-07-30,SELL,2748,86.79,Equity
4504,4,2024-07-30,BUY,849,112.22,Equity
4505,12,2024-07-30,BUY,4314,218.9,Bond
4506,6,2024-07-30,SELL,1447,240.06,Equity
4507,1,2024-07-30,BUY,1331,366.16,Equity
4508,8,2024-07-30,BUY,3981,63.62,Equity
4509,14,2024-07-30,SELL,1306,70.24,Commodity
4510,6,2024-07-30,BUY,4000,239.95,Equity
4511,12,2024-07-30,BUY,1987,218.34,Bond
4512,2,2024-07-30,SELL,1825,59.91,Equity
4513,12,2024-07-30,SELL,3153,219.51,Bond
4514,4,2024-07-30,BUY,3433,111.86,Equity
4515,13,2024-07-31,SELL,1090,43.63,Commodity
4516,8,2024-07-31,BUY,4694,64.62,Equity
4517,5,2024-07-31,SELL,227,415.83,Equity
4518,12,2024-07-31,SELL,3238,220.0,Bond
4519,6,2024-07-31,SELL,2356,242.22,Equity
4520,13,2024-07-31,BUY,3131,43.72,Commodity
4521,4,2024-07-31,SELL,4384,113.25,Equity
4522,13,2024-07-31,SELL,778,43.62,Commodity
4523,5,2024-07-31,SELL,1306,416.49,Equity
4524,10,2024-07-31,BUY,4085,60.3,Equity
4525,4,2024-07-31,SELL,169,112.82,Equity
4526,13,2024-07-31,BUY,4464,43.75,Commodity
4527,2,2024-07-31,BUY,201,58.11,Equity
4528,14,2024-07-31,SELL,4437,70.9,Commodity
4529,15,2024-07-31,BUY,4256,265.86,Currency
4530,3,2024-07-31,SELL,1675,88.2,Equity
4531,5,2024-07-31,BUY,4817,416.3,Equity
4532,11,2024-07-31,BUY,1712,97.4,ETF
4533,3,2024-07-31,SELL,473,88.33,Equity
4534,2,2024-07-31,BUY,1901,58.31,Equity
4535,3,2024-07-31,BUY,3899,88.46,Equity
4536,5,2024-07-31,SELL,3034,415.61,Equity
4537,12,2024-07-31,SELL,2333,219.8,Bond
4538,15,2024-07-31,SELL,1323,265.24,Currency
4539,15,2024-07-31,SELL,4922,265.87,Currency
4540,5,2024-07-31,SELL,3597,416.99,Equity
4541,12,2024-07-31,SELL,631,219.39,Bond
4542,1,2024-07-31,SELL,3220,369.93,Equity
4543,8,2024-07-31,SELL,1039,64.76,Equity
4544,11,2024-07-31,SELL,998,97.0,ETF
4545,7,2024-07-31,BUY,1575,405.46,Equity
4546,14,2024-08-01,BUY,2608,71.61,Commodity
4547,10,2024-08-01,BUY,253,60.12,Equity
4548,9,2024-08-01,SELL,4628,205.98,Equity
4549,2,2024-08-01,BUY,4108,58.03,Equity
4550,3,2024-08-01,BUY,1331,89.8,Equity
4551,4,2024-08-01,SELL,4559,109.06,Equity
4552,7,2024-08-01,SELL,624,405.6,Equity
4553,15,2024-08-01,SELL,1413,264.87,Currency
4554,6,2024-08-01,BUY,4989,243.56,Equity
4555,6,2024-08-01,SELL,1079,244.43,Equity
4556,13,2024-08-01,SELL,2390,43.59,Commodity
4557,11,2024-08-01,BUY,4442,98.16,ETF
4558,15,2024-08-01,SELL,239,265.75,Currency
4559,2,2024-08-01,BUY,2916,57.99,Equity
4560,3,2024-08-01,BUY,363,89.46,Equity
4561,3,2024-08-01,BUY,4618,89.85,Equity
4562,9,2024-08-01,BUY,4108,206.88,Equity
4563,2,2024-08-01,BUY,2399,57.85,Equity
4564,10,2024-08-01,SELL,3441,60.08,Equity
4565,13,2024-08-01,SELL,4213,43.58,Commodity
4566,4,2024-08-01,BUY,4025,109.09,Equity
4567,12,2024-08-01,SELL,421,219.13,Bond
4568,15,2024-08-02,SELL,2879,263.44,Currency
4569,8,2024-08-02,SELL,4393,67.99,Equity
4570,5,2024-08-02,BUY,2492,431.57,Equity
4571,2,2024-08-02,SELL,4062,57.01,Equity
4572,14,2024-08-02,BUY,4569,71.0,Commodity
4573,6,2024-08-02,BUY,1266,243.49,Equity
4574,12,2024-08-02,SELL,3504,219.52,Bond
4575,13,2024-08-02,SELL,756,44.71,Commodity
4576,5,2024-08-02,BUY,3067,432.09,Equity
4577,9,2024-08-02,SELL,2852,208.94,Equity
4578,15,2024-08-02,BUY,2075,263.39,Currency
4579,15,2024-08-02,BUY,395,264.63,Currency
4580,6,2024-08-02,BUY,4505,244.15,Equity
4581,14,2024-08-02,SELL,1358,70.94,Commodity
4582,15,2024-08-02,SELL,3881,264.55,Currency
4583,11,2024-08-02,SELL,397,97.63,ETF
4584,3,2024-08-02,SELL,2045,91.01,Equity
4585,13,2024-08-02,BUY,1292,44.7,Commodity
4586,3,2024-08-02,SELL,1392,90.73,Equity
4587,15,2024-08-02,SELL,4680,264.59,Currency
4588,15,2024-08-02,SELL,107,263.7,Currency
4589,1,2024-08-02,SELL,4733,383.5,Equity
4590,3,2024-08-02,SELL,2069,90.95,Equity
4591,8,2024-08-02,SELL,1226,67.7,Equity
4592,7,2024-08-02,SELL,3982,389.93,Equity
4593,10,2024-08-02,BUY,3645,58.99,Equity
4594,7,2024-08-05,BUY,4462,384.7,Equity
4595,7,2024-08-05,BUY,3322,386.44,Equity
4596,10,2024-08-05,SELL,116,59.5,Equity
4597,10,2024-08-05,BUY,3770,59.36,Equity
4598,12,2024-08-05,BUY,1401,220.2,Bond
4599,12,2024-08-05,BUY,4102,219.9,Bond
4600,9,2024-08-05,BUY,1791,208.22,Equity
4601,5,2024-08-05,SELL,2497,421.77,Equity
4602,11,2024-08-05,BUY,4885,99.66,ETF
4603,10,2024-08-05,SELL,3142,59.4,Equity
4604,11,2024-08-05,SELL,4291,99.78,ETF
4605,5,2024-08-05,BUY,2232,422.58,Equity
4606,13,2024-08-05,BUY,4415,44.76,Commodity
4607,6,2024-08-05,SELL,288,250.32,Equity
4608,3,2024-08-05,BUY,2930,90.47,Equity
4609,2,2024-08-05,SELL,2468,57.8,Equity
4610,9,2024-08-05,SELL,1561,208.24,Equity
4611,4,2024-08-05,BUY,2878,109.49,Equity
4612,7,2024-08-05,BUY,3897,384.71,Equity
4613,13,2024-08-05,SELL,1884,44.79,Commodity
4614,12,2024-08-05,BUY,3998,219.88,Bond
4615,4,2024-08-05,BUY,3594,109.24,Equity
4616,15,2024-08-06,BUY,4442,264.43,Currency
4617,5,2024-08-06,SELL,3262,422.36,Equity
4618,11,2024-08-06,BUY,2065,101.35,ETF
4619,10,2024-08-06,SELL,861,58.5,Equity
4620,7,2024-08-06,SELL,420,379.53,Equity
4621,12,2024-08-06,SELL,2960,221.48,Bond
4622,9,2024-08-06,SELL,1603,209.35,Equity
4623,10,2024-08-06,SELL,4424,58.56,Equity
4624,14,2024-08-06,BUY,3498,67.96,Commodity
4625,9,2024-08-06,BUY,3324,208.65,Equity
4626,2,2024-08-06,SELL,2351,56.77,Equity
4627,12,2024-08-06,SELL,1600,221.21,Bond
4628,2,2024-08-06,SELL,3717,56.89,Equity
4629,13,2024-08-06,SELL,2413,45.16,Commodity
4630,5,2024-08-06,SELL,3795,421.91,Equity
4631,1,2024-08-06,SELL,2789,388.7,Equity
4632,9,2024-08-06,BUY,2566,208.91,Equity
4633,6,2024-08-06,SELL,2333,247.48,Equity
4634,12,2024-08-06,BUY,1375,221.29,Bond
4635,12,2024-08-06,SELL,2534,220.27,Bond
4636,2,2024-08-06,SELL,3498,56.67,Equity
4637,8,2024-08-06,SELL,429,65.07,Equity
4638,6,2024-08-07,SELL,1335,245.99,Equity
4639,15,2024-08-07,BUY,4432,260.01,Currency
4640,6,2024-08-07,BUY,3701,246.87,Equity
4641,10,2024-08-07,BUY,227,58.02,Equity
4642,6,2024-08-07,SELL,3270,245.76,Equity
4643,2,2024-08-07,SELL,2283,56.75,Equity
4644,15,2024-08-07,SELL,330,260.54,Currency
4645,11,2024-08-07,SELL,2541,99.68,ETF
4646,4,2024-08-07,BUY,1965,105.15,Equity
4647,6,2024-08-07,BUY,4230,246.18,Equity
4648,12,2024-08-07,BUY,1867,220.74,Bond
4649,5,2024-08-07,BUY,1277,425.75,Equity
4650,5,2024-08-07,SELL,4744,426.58,Equity
4651,9,2024-08-07,BUY,75,204.56,Equity
4652,13,2024-08-07,SELL,3529,47.12,Commodity
4653,4,2024-08-07,SELL,4105,105.23,Equity
4654,15,2024-08-07,BUY,296,260.81,Currency
4655,1,2024-08-07,BUY,4408,375.6,Equity
4656,1,2024-08-07,BUY,170,373.97,Equity
4657,3,2024-08-07,SELL,3280,88.44,Equity
4658,2,2024-08-07,SELL,4603,56.43,Equity
4659,12,2024-08-07,SELL,2113,220.29,Bond
4660,10,2024-08-07,BUY,3217,58.35,Equity
4661,3,2024-08-07,SELL,3993,88.64,Equity
4662,6,2024-08-07,BUY,1220,246.69,Equity
4663,10,2024-08-07,SELL,1335,58.13,Equity
4664,13,2024-08-07,BUY,1272,47.04,Commodity
4665,15,2024-08-07,BUY,2971,261.41,Currency
4666,6,2024-08-07,BUY,3749,245.9,Equity
4667,10,2024-08-07,BUY,3951,58.03,Equity
4668,10,2024-08-07,SELL,3246,58.27,Equity
4669,15,2024-08-07,BUY,3089,260.18,Currency
4670,3,2024-08-07,BUY,1751,88.51,Equity
4671,2,2024-08-07,BUY,3896,56.73,Equity
4672,1,2024-08-07,BUY,3602,374.54,Equity
4673,15,2024-08-07,SELL,2537,260.54,Currency
4674,9,2024-08-07,BUY,2434,204.62,Equity
4675,15,2024-08-07,SELL,2183,260.82,Currency
4676,8,2024-08-07,SELL,88,64.54,Equity
4677,13,2024-08-07,BUY,789,47.26,Commodity
4678,4,2024-08-08,BUY,2622,103.96,Equity
4679,4,2024-08-08,SELL,4913,103.74,Equity
4680,3,2024-08-08,BUY,4024,90.51,Equity
4681,11,2024-08-08,BUY,1822,100.2,ETF
4682,2,2024-08-08,SELL,882,56.88,Equity
4683,9,2024-08-08,SELL,3159,206.76,Equity
4684,10,2024-08-08,BUY,1563,56.99,Equity
4685,8,2024-08-08,BUY,1080,64.43,Equity
4686,7,2024-08-08,BUY,1315,372.83,Equity
4687,5,2024-08-08,SELL,1774,424.34,Equity
4688,6,2024-08-08,SELL,147,247.45,Equity
4689,2,2024-08-08,BUY,2160,57.06,Equity
4690,10,2024-08-08,SELL,1068,56.89,Equity
4691,15,2024-08-08,SELL,4734,261.8,Currency
4692,1,2024-08-08,BUY,4698,382.47,Equity
4693,5,2024-08-08,SELL,485,422.95,Equity
4694,10,2024-08-08,SELL,2108,56.9,Equity
4695,11,2024-08-08,BUY,2138,100.12,ETF
4696,13,2024-08-08,BUY,47,48.11,Commodity
4697,11,2024-08-08,BUY,4141,100.26,ETF
4698,8,2024-08-08,BUY,3713,64.28,Equity
4699,14,2024-08-08,SELL,191,68.11,Commodity
4700,3,2024-08-08,BUY,1166,90.88,Equity
4701,2,2024-08-08,BUY,287,56.85,Equity
4702,9,2024-08-08,SELL,4996,206.68,Equity
4703,3,2024-08-08,BUY,341,90.85,Equity
4704,5,2024-08-09,SELL,2579,426.67,Equity
4705,6,2024-08-09,SELL,3560,249.02,Equity
4706,9,2024-08-09,SELL,1174,199.59,Equity
4707,10,2024-08-09,BUY,2649,56.06,Equity
4708,5,2024-08-09,BUY,3778,426.13,Equity
4709,6,2024-08-09,SELL,4088,247.94,Equity
4710,12,2024-08-09,BUY,1783,219.7,Bond
4711,13,2024-08-09,SELL,4707,49.5,Commodity
4712,8,2024-08-09,BUY,3122,65.56,Equity
4713,9,2024-08-09,SELL,1170,200.23,Equity
4714,6,2024-08-09,BUY,4610,248.56,Equity
4715,10,2024-08-09,SELL,686,55.95,Equity
4716,6,2024-08-09,BUY,455,248.07,Equity
4717,8,2024-08-09,BUY,336,65.58,Equity
4718,4,2024-08-09,BUY,3669,102.24,Equity
4719,8,2024-08-09,BUY,1403,65.61,Equity
4720,4,2024-08-09,BUY,3778,102.52,Equity
4721,5,2024-08-09,BUY,4585,426.5,Equity
4722,12,2024-08-09,SELL,1331,219.92,Bond
4723,6,2024-08-09,BUY,3496,248.91,Equity
4724,4,2024-08-09,SELL,4347,102.13,Equity
4725,4,2024-08-09,BUY,1909,102.53,Equity
4726,2,2024-08-09,SELL,3375,56.44,Equity
4727,8,2024-08-09,SELL,254,65.56,Equity
4728,1,2024-08-09,SELL,2427,377.57,Equity
4729,2,2024-08-09,SELL,1365,56.37,Equity
4730,10,2024-08-09,SELL,871,56.08,Equity
4731,14,2024-08-09,BUY,170,66.89,Commodity
4732,5,2024-08-09,BUY,1794,425.99,Equity
4733,13,2024-08-09,BUY,4793,49.41,Commodity
4734,14,2024-08-09,BUY,2092,66.8,Commodity
4735,10,2024-08-09,SELL,171,55.81,Equity
4736,9,2024-08-09,SELL,3321,199.97,Equity
4737,11,2024-08-09,SELL,3070,98.95,ETF
4738,11,2024-08-09,SELL,1283,98.85,ETF
4739,3,2024-08-09,SELL,3613,91.66,Equity
4740,8,2024-08-12,SELL,3010,65.06,Equity
4741,14,2024-08-12,SELL,2563,68.97,Commodity
4742,10,2024-08-12,BUY,4058,56.48,Equity
4743,1,2024-08-12,BUY,4949,374.61,Equity
4744,13,2024-08-12,SELL,1078,48.23,Commodity
4745,14,2024-08-12,SELL,2567,68.83,Commodity
4746,3,2024-08-12,BUY,1427,90.69,Equity
4747,7,2024-08-12,BUY,2920,389.91,Equity
4748,9,2024-08-12,BUY,2259,199.28,Equity
4749,8,2024-08-12,BUY,2367,64.86,Equity
4750,1,2024-08-12,BUY,2616,375.16,Equity
4751,8,2024-08-12,SELL,1815,64.83,Equity
4752,5,2024-08-12,BUY,2384,437.59,Equity
4753,9,2024-08-12,SELL,1756,199.0,Equity
4754,13,2024-08-12,BUY,566,48.29,Commodity
4755,6,2024-08-12,SELL,1681,246.69,Equity
4756,8,2024-08-12,BUY,2447,65.14,Equity
4757,8,2024-08-12,SELL,1793,64.81,Equity
4758,13,2024-08-12,SELL,2633,48.31,Commodity
4759,6,2024-08-12,BUY,3729,247.68,Equity
4760,7,2024-08-12,SELL,2467,391.66,Equity
4761,11,2024-08-12,SELL,4816,100.08,ETF
4762,6,2024-08-12,SELL,1804,247.31,Equity
4763,11,2024-08-12,BUY,4037,99.94,ETF
4764,15,2024-08-12,SELL,4331,263.87,Currency
4765,15,2024-08-12,SELL,2565,263.41,Currency
4766,3,2024-08-12,BUY,3354,90.93,Equity
4767,7,2024-08-12,BUY,182,390.58,Equity
4768,1,2024-08-12,SELL,3252,374.31,Equity
4769,15,2024-08-12,SELL,2902,262.97,Currency
4770,2,2024-08-12,BUY,4054,54.93,Equity
4771,11,2024-08-13,BUY,4617,99.81,ETF
4772,13,2024-08-13,SELL,865,47.01,Commodity
4773,9,2024-08-13,BUY,535,197.33,Equity
4774,12,2024-08-13,SELL,1042,219.65,Bond
4775,15,2024-08-13,BUY,658,262.97,Currency
4776,15,2024-08-13,SELL,4163,262.16,Currency
4777,2,2024-08-13,SELL,3335,54.77,Equity
4778,14,2024-08-13,SELL,1534,67.41,Commodity
4779,1,2024-08-13,SELL,576,376.3,Equity
4780,7,2024-08-13,SELL,3429,383.88,Equity
4781,6,2024-08-13,SELL,2031,248.9,Equity
4782,3,2024-08-13,SELL,4529,89.91,Equity
4783,12,2024-08-13,BUY,4963,219.95,Bond
4784,5,2024-08-13,SELL,694,419.16,Equity
4785,1,2024-08-13,BUY,2035,374.93,Equity
4786,12,2024-08-13,BUY,273,220.11,Bond
4787,12,2024-08-13,SELL,2028,219.04,Bond
4788,8,2024-08-13,SELL,1157,66.2,Equity
4789,3,2024-08-13,BUY,302,89.93,Equity
4790,4,2024-08-13,SELL,4177,105.17,Equity
4791,13,2024-08-13,BUY,2669,47.1,Commodity
4792,5,2024-08-13,BUY,678,418.81,Equity
4793,13,2024-08-13,BUY,480,47.17,Commodity
4794,5,2024-08-13,SELL,1726,419.63,Equity
4795,2,2024-08-13,BUY,4310,54.94,Equity
4796,13,2024-08-13,SELL,142,47.17,Commodity
4797,10,2024-08-13,SELL,4388,55.63,Equity
4798,4,2024-08-13,SELL,173,105.22,Equity
4799,5,2024-08-13,SELL,2972,419.25,Equity
4800,2,2024-08-13,BUY,1831,55.04,Equity
4801,3,2024-08-13,SELL,2404,89.98,Equity
4802,1,2024-08-13,SELL,1591,375.12,Equity
4803,2,2024-08-13,BUY,2941,54.93,Equity
4804,13,2024-08-13,BUY,2811,47.07,Commodity
4805,1,2024-08-13,SELL,3383,375.12,Equity
4806,15,2024-08-13,SELL,907,262.85,Currency
4807,14,2024-08-13,SELL,1074,67.64,Commodity
4808,5,2024-08-13,BUY,3360,419.07,Equity
4809,2,2024-08-13,BUY,732,54.81,Equity
4810,15,2024-08-14,BUY,2315,261.03,Currency
4811,1,2024-08-14,SELL,1105,374.4,Equity
4812,14,2024-08-14,SELL,4367,68.6,Commodity
4813,12,2024-08-14,SELL,4253,218.03,Bond
4814,9,2024-08-14,SELL,453,194.18,Equity
4815,3,2024-08-14,SELL,3970,94.15,Equity
4816,11,2024-08-14,BUY,1071,97.89,ETF
4817,1,2024-08-14,SELL,3563,374.61,Equity
4818,3,2024-08-14,SELL,1458,93.85,Equity
4819,4,2024-08-14,SELL,2094,107.23,Equity
4820,6,2024-08-14,BUY,4833,250.0,Equity
4821,8,2024-08-14,SELL,2444,64.98,Equity
4822,2,2024-08-14,BUY,4570,53.63,Equity
4823,7,2024-08-14,BUY,2276,372.93,Equity
4824,14,2024-08-14,SELL,852,68.26,Commodity
4825,11,2024-08-14,SELL,1378,98.03,ETF
4826,15,2024-08-14,SELL,2218,260.46,Currency
4827,4,2024-08-14,SELL,1962,106.87,Equity
4828,12,2024-08-14,SELL,4642,218.78,Bond
4829,3,2024-08-14,SELL,4282,93.83,Equity
4830,10,2024-08-14,BUY,1368,54.19,Equity
4831,6,2024-08-14,BUY,2767,249.98,Equity
4832,3,2024-08-14,SELL,3663,93.75,Equity
4833,7,2024-08-14,BUY,1586,372.79,Equity
4834,5,2024-08-14,SELL,916,416.62,Equity
4835,8,2024-08-14,BUY,2791,64.94,Equity
4836,8,2024-08-14,SELL,2754,64.79,Equity
4837,3,2024-08-14,BUY,1322,94.15,Equity
4838,15,2024-08-14,BUY,284,261.32,Currency
4839,1,2024-08-14,BUY,1769,374.13,Equity
4840,3,2024-08-15,BUY,1547,94.18,Equity
4841,14,2024-08-15,SELL,1736,69.65,Commodity
4842,6,2024-08-15,BUY,2950,249.06,Equity
4843,13,2024-08-15,BUY,1036,46.37,Commodity
4844,11,2024-08-15,SELL,1975,96.04,ETF
4845,7,2024-08-15,SELL,3413,376.95,Equity
4846,11,2024-08-15,BUY,3344,96.23,ETF
4847,9,2024-08-15,SELL,2501,198.62,Equity
4848,10,2024-08-15,SELL,4450,57.19,Equity
4849,6,2024-08-15,BUY,1811,248.87,Equity
4850,15,2024-08-15,SELL,2416,261.31,Currency
4851,12,2024-08-15,SELL,2038,217.27,Bond
4852,10,2024-08-15,SELL,4089,57.12,Equity
4853,8,2024-08-15,SELL,4773,64.29,Equity
4854,15,2024-08-15,BUY,4446,260.38,Currency
4855,9,2024-08-15,SELL,901,198.36,Equity
4856,7,2024-08-15,SELL,1890,376.22,Equity
4857,5,2024-08-15,BUY,4205,412.63,Equity
4858,10,2024-08-15,BUY,807,57.06,Equity
4859,12,2024-08-15,BUY,3115,217.02,Bond
4860,5,2024-08-15,SELL,3748,410.64,Equity
4861,6,2024-08-15,SELL,4711,247.98,Equity
4862,15,2024-08-15,SELL,268,261.53,Currency
4863,7,2024-08-15,SELL,2224,377.9,Equity
4864,7,2024-08-15,SELL,793,377.88,Equity
4865,15,2024-08-15,SELL,3962,261.13,Currency
4866,13,2024-08-15,SELL,4901,46.59,Commodity
4867,8,2024-08-15,SELL,1858,64.3,Equity
4868,9,2024-08-16,BUY,2145,196.59,Equity
4869,7,2024-08-16,BUY,4640,375.59,Equity
4870,5,2024-08-16,SELL,3466,414.99,Equity
4871,2,2024-08-16,SELL,4367,54.78,Equity
4872,12,2024-08-16,BUY,441,218.99,Bond
4873,5,2024-08-16,SELL,3295,412.98,Equity
4874,10,2024-08-16,SELL,3675,57.55,Equity
4875,12,2024-08-16,SELL,3555,218.32,Bond
4876,5,2024-08-16,BUY,1895,414.81,Equity
4877,5,2024-08-16,SELL,809,413.66,Equity
4878,8,2024-08-16,SELL,4773,64.73,Equity
4879,13,2024-08-16,BUY,4181,45.86,Commodity
4880,6,2024-08-16,BUY,836,243.13,Equity
4881,11,2024-08-16,BUY,3888,97.2,ETF
4882,13,2024-08-16,SELL,1317,45.87,Commodity
4883,9,2024-08-16,BUY,698,196.39,Equity
4884,2,2024-08-16,SELL,4226,54.86,Equity
4885,12,2024-08-16,SELL,2169,219.24,Bond
4886,8,2024-08-16,SELL,4316,64.8,Equity
4887,4,2024-08-16,BUY,36,105.05,Equity
4888,9,2024-08-16,BUY,805,195.97,Equity
4889,5,2024-08-16,SELL,949,414.54,Equity
4890,3,2024-08-16,SELL,4948,98.44,Equity
4891,11,2024-08-16,BUY,4141,97.06,ETF
4892,8,2024-08-16,BUY,943,64.58,Equity
4893,12,2024-08-16,SELL,2206,219.46,Bond
4894,6,2024-08-19,SELL,642,240.1,Equity
4895,10,2024-08-19,SELL,4938,58.71,Equity
4896,6,2024-08-19,BUY,1010,240.59,Equity
4897,5,2024-08-19,BUY,3208,408.05,Equity
4898,3,2024-08-19,BUY,3646,96.92,Equity
4899,5,2024-08-19,SELL,680,410.27,Equity
4900,14,2024-08-19,BUY,4301,68.49,Commodity
4901,14,2024-08-19,BUY,3779,68.23,Commodity
4902,2,2024-08-19,BUY,1942,54.54,Equity
4903,11,2024-08-19,SELL,1843,96.82,ETF
4904,9,2024-08-19,BUY,313,194.69,Equity
4905,11,2024-08-19,BUY,2100,96.52,ETF
4906,14,2024-08-19,BUY,1244,68.44,Commodity
4907,6,2024-08-19,SELL,4675,240.1,Equity
4908,13,2024-08-19,SELL,1473,47.19,Commodity
4909,14,2024-08-19,BUY,830,68.48,Commodity
4910,1,2024-08-19,BUY,74,381.51,Equity
4911,7,2024-08-19,SELL,442,391.69,Equity
4912,11,2024-08-19,BUY,4746,96.5,ETF
4913,11,2024-08-19,SELL,4915,96.3,ETF
4914,6,2024-08-20,SELL,387,243.97,Equity
4915,7,2024-08-20,SELL,1236,395.75,Equity
4916,9,2024-08-20,BUY,1830,199.03,Equity
4917,10,2024-08-20,SELL,4374,59.46,Equity
4918,8,2024-08-20,SELL,654,67.42,Equity
4919,13,2024-08-20,SELL,2324,49.02,Commodity
4920,9,2024-08-20,SELL,631,199.19,Equity
4921,2,2024-08-20,BUY,1958,54.94,Equity
4922,7,2024-08-20,BUY,2878,395.41,Equity
4923,11,2024-08-20,BUY,4103,99.25,ETF
4924,7,2024-08-20,BUY,3809,394.32,Equity
4925,6,2024-08-20,BUY,3215,243.15,Equity
4926,13,2024-08-20,BUY,3135,48.76,Commodity
4927,4,2024-08-20,SELL,483,107.18,Equity
4928,8,2024-08-20,BUY,3552,67.26,Equity
4929,10,2024-08-20,SELL,4085,59.54,Equity
4930,15,2024-08-20,SELL,4136,263.63,Currency
4931,1,2024-08-20,BUY,4668,378.03,Equity
4932,7,2024-08-20,BUY,2196,394.87,Equity
4933,10,2024-08-20,SELL,4224,59.37,Equity
4934,13,2024-08-20,SELL,3327,48.95,Commodity
4935,2,2024-08-20,SELL,3472,55.01,Equity
4936,9,2024-08-20,SELL,3733,199.18,Equity
4937,8,2024-08-20,SELL,1900,67.49,Equity
4938,5,2024-08-20,SELL,2763,418.04,Equity
4939,10,2024-08-20,BUY,347,59.36,Equity
4940,15,2024-08-21,BUY,4684,265.15,Currency
4941,3,2024-08-21,SELL,186,96.22,Equity
4942,9,2024-08-21,SELL,924,202.74,Equity
4943,12,2024-08-21,SELL,2347,219.5,Bond
4944,14,2024-08-21,BUY,3229,67.19,Commodity
4945,8,2024-08-21,BUY,1800,67.97,Equity
4946,8,2024-08-21,BUY,4514,67.96,Equity
4947,9,2024-08-21,BUY,3746,202.32,Equity
4948,7,2024-08-21,BUY,1210,395.17,Equity
4949,14,2024-08-21,SELL,2777,67.1,Commodity
4950,7,2024-08-21,SELL,3566,396.01,Equity
4951,12,2024-08-21,SELL,1728,218.72,Bond
4952,12,2024-08-21,BUY,1720,219.41,Bond
4953,3,2024-08-21,BUY,1451,96.2,Equity
4954,1,2024-08-21,SELL,1509,373.05,Equity
4955,4,2024-08-21,SELL,4879,105.24,Equity
4956,10,2024-08-21,BUY,261,57.54,Equity
4957,9,2024-08-21,SELL,4620,203.11,Equity
4958,12,2024-08-21,BUY,4092,219.15,Bond
4959,15,2024-08-21,BUY,1438,264.62,Currency
4960,6,2024-08-21,SELL,4670,248.26,Equity
4961,12,2024-08-21,BUY,4059,219.03,Bond
4962,12,2024-08-21,SELL,4901,218.21,Bond
4963,3,2024-08-21,BUY,4840,96.56,Equity
4964,10,2024-08-21,BUY,1277,57.74,Equity
4965,2,2024-08-21,BUY,1723,53.89,Equity
4966,12,2024-08-21,SELL,2640,219.36,Bond
4967,15,2024-08-21,SELL,67,265.31,Currency
4968,15,2024-08-21,SELL,414,265.72,Currency
4969,15,2024-08-21,SELL,2440,265.21,Currency
4970,2,2024-08-21,BUY,1860,53.94,Equity
4971,9,2024-08-21,BUY,1618,203.03,Equity
4972,10,2024-08-22,SELL,2567,57.94,Equity
4973,9,2024-08-22,BUY,3554,204.9,Equity
4974,2,2024-08-22,BUY,4505,55.47,Equity
4975,1,2024-08-22,BUY,2055,378.2,Equity
4976,14,2024-08-22,BUY,3562,66.67,Commodity
4977,12,2024-08-22,BUY,3324,219.69,Bond
4978,12,2024-08-22,BUY,2335,220.26,Bond
4979,7,2024-08-22,BUY,4972,404.14,Equity
4980,6,2024-08-22,SELL,724,248.39,Equity
4981,12,2024-08-22,SELL,4400,219.74,Bond
4982,2,2024-08-22,BUY,105,55.6,Equity
4983,10,2024-08-22,SELL,1248,58.0,Equity
4984,15,2024-08-22,BUY,1354,266.82,Currency
4985,2,2024-08-22,SELL,4143,55.66,Equity
4986,15,2024-08-22,SELL,4291,266.91,Currency
4987,4,2024-08-22,BUY,353,106.78,Equity
4988,13,2024-08-22,BUY,4593,48.43,Commodity
4989,9,2024-08-22,BUY,68,204.81,Equity
4990,4,2024-08-22,BUY,1170,107.16,Equity
4991,15,2024-08-22,SELL,2467,266.92,Currency
4992,8,2024-08-22,BUY,293,66.75,Equity
4993,15,2024-08-22,SELL,2201,265.53,Currency
4994,9,2024-08-22,BUY,2525,205.15,Equity
4995,5,2024-08-22,SELL,1250,426.98,Equity
4996,8,2024-08-22,SELL,1145,66.82,Equity
4997,13,2024-08-22,SELL,764,48.49,Commodity
4998,9,2024-08-22,SELL,4506,204.54,Equity
4999,12,2024-08-22,SELL,364,219.8,Bond
5000,10,2024-08-22,BUY,4162,57.96,Equity
5001,4,2024-08-22,BUY,462,107.13,Equity
5002,6,2024-08-22,SELL,571,247.93,Equity
5003,2,2024-08-22,BUY,2403,55.68,Equity
5004,12,2024-08-22,SELL,4745,220.53,Bond
5005,15,2024-08-23,BUY,2551,266.57,Currency
5006,1,2024-08-23,BUY,2474,377.19,Equity
5007,1,2024-08-23,SELL,4981,378.42,Equity
5008,4,2024-08-23,BUY,468,108.2,Equity
5009,13,2024-08-23,BUY,3481,48.24,Commodity
5010,5,2024-08-23,SELL,552,432.83,Equity
5011,8,2024-08-23,SELL,3548,66.68,Equity
5012,15,2024-08-23,SELL,726,266.23,Currency
5013,15,2024-08-23,SELL,4378,265.83,Currency
5014,3,2024-08-23,SELL,1036,98.78,Equity
5015,1,2024-08-23,SELL,1403,378.61,Equity
5016,8,2024-08-23,SELL,4483,66.6,Equity
5017,1,2024-08-23,BUY,2538,377.01,Equity
5018,12,2024-08-23,BUY,4328,221.71,Bond
5019,3,2024-08-23,SELL,4862,98.73,Equity
5020,4,2024-08-23,BUY,3179,107.83,Equity
5021,2,2024-08-23,SELL,3397,55.86,Equity
5022,14,2024-08-23,SELL,983,65.58,Commodity
5023,3,2024-08-23,BUY,354,98.54,Equity
5024,15,2024-08-23,SELL,211,266.45,Currency
5025,5,2024-08-23,SELL,4629,430.45,Equity
5026,14,2024-08-23,BUY,4155,65.57,Commodity
5027,11,2024-08-23,SELL,723,99.16,ETF
5028,15,2024-08-23,BUY,2133,265.33,Currency
5029,1,2024-08-23,SELL,3936,377.34,Equity
5030,15,2024-08-26,SELL,4588,265.85,Currency
5031,8,2024-08-26,SELL,1049,66.4,Equity
5032,3,2024-08-26,BUY,4287,99.95,Equity
5033,5,2024-08-26,BUY,1918,428.26,Equity
5034,4,2024-08-26,SELL,4531,108.49,Equity
5035,14,2024-08-26,BUY,615,65.63,Commodity
5036,8,2024-08-26,SELL,133,66.26,Equity
5037,4,2024-08-26,BUY,2612,108.42,Equity
5038,4,2024-08-26,SELL,202,108.35,Equity
5039,8,2024-08-26,SELL,687,66.55,Equity
5040,14,2024-08-26,SELL,3887,65.96,Commodity
5041,15,2024-08-26,BUY,1380,265.79,Currency
5042,7,2024-08-26,BUY,2171,408.14,Equity
5043,2,2024-08-26,SELL,1851,57.38,Equity
5044,5,2024-08-26,BUY,2503,429.17,Equity
5045,2,2024-08-26,BUY,2528,57.54,Equity
5046,11,2024-08-26,SELL,3717,98.54,ETF
5047,11,2024-08-26,SELL,2427,98.53,ETF
5048,4,2024-08-26,BUY,472,108.24,Equity
5049,1,2024-08-26,BUY,371,371.2,Equity
5050,9,2024-08-27,BUY,4113,193.02,Equity
5051,11,2024-08-27,SELL,1944,96.13,ETF
5052,14,2024-08-27,SELL,1037,65.23,Commodity
5053,6,2024-08-27,BUY,4896,265.22,Equity
5054,5,2024-08-27,BUY,4674,435.62,Equity
5055,13,2024-08-27,SELL,1977,46.33,Commodity
5056,4,2024-08-27,BUY,1760,108.14,Equity
5057,14,2024-08-27,BUY,4354,65.14,Commodity
5058,14,2024-08-27,SELL,2764,65.15,Commodity
5059,9,2024-08-27,SELL,495,193.87,Equity
5060,15,2024-08-27,BUY,89,267.06,Currency
5061,1,2024-08-27,SELL,1566,369.28,Equity
5062,5,2024-08-27,SELL,4733,436.2,Equity
5063,3,2024-08-27,SELL,4876,98.7,Equity
5064,4,2024-08-27,BUY,2303,108.35,Equity
5065,2,2024-08-27,BUY,3038,57.5,Equity
5066,10,2024-08-27,BUY,2099,54.74,Equity
5067,11,2024-08-27,BUY,375,96.0,ETF
5068,5,2024-08-27,BUY,3724,435.45,Equity
5069,9,2024-08-27,BUY,2259,192.9,Equity
5070,8,2024-08-27,SELL,628,66.58,Equity
5071,11,2024-08-27,SELL,500,95.99,ETF
5072,1,2024-08-27,BUY,909,369.97,Equity
5073,8,2024-08-27,BUY,2541,66.59,Equity
5074,12,2024-08-27,SELL,1672,220.02,Bond
5075,6,2024-08-27,SELL,1824,264.98,Equity
5076,4,2024-08-27,SELL,2635,108.23,Equity
5077,8,2024-08-27,SELL,1085,66.59,Equity
5078,15,2024-08-27,SELL,829,267.31,Currency
5079,15,2024-08-27,BUY,2102,267.64,Currency
5080,11,2024-08-28,BUY,279,97.73,ETF
5081,10,2024-08-28,BUY,4056,56.15,Equity
5082,6,2024-08-28,BUY,4376,272.51,Equity
5083,1,2024-08-28,BUY,1525,374.67,Equity
5084,8,2024-08-28,SELL,114,65.2,Equity
5085,9,2024-08-28,SELL,3057,201.02,Equity
5086,8,2024-08-28,SELL,1127,65.17,Equity
5087,6,2024-08-28,BUY,4607,273.68,Equity
5088,1,2024-08-28,BUY,3563,375.04,Equity
5089,2,2024-08-28,SELL,4805,58.51,Equity
5090,9,2024-08-28,SELL,605,200.3,Equity
5091,4,2024-08-28,SELL,2348,108.67,Equity
5092,11,2024-08-28,BUY,3982,98.02,ETF
5093,7,2024-08-28,BUY,1244,400.84,Equity
5094,6,2024-08-28,BUY,3015,273.35,Equity
5095,8,2024-08-28,BUY,2066,65.13,Equity
5096,14,2024-08-28,BUY,1902,64.56,Commodity
5097,4,2024-08-28,SELL,2241,108.72,Equity
5098,6,2024-08-28,BUY,3197,272.99,Equity
5099,5,2024-08-28,SELL,1816,449.75,Equity
5100,8,2024-08-28,BUY,922,65.2,Equity
5101,11,2024-08-28,BUY,1179,98.0,ETF
5102,4,2024-08-28,BUY,424,108.71,Equity
5103,13,2024-08-28,BUY,1829,45.27,Commodity
5104,2,2024-08-28,BUY,2464,58.47,Equity
5105,6,2024-08-28,SELL,4688,272.91,Equity
5106,13,2024-08-28,SELL,1388,45.12,Commodity
5107,7,2024-08-28,BUY,2077,402.04,Equity
5108,12,2024-08-28,SELL,1929,221.43,Bond
5109,6,2024-08-28,BUY,2477,273.66,Equity
5110,15,2024-08-28,SELL,2767,266.14,Currency
5111,1,2024-08-28,BUY,1887,375.59,Equity
5112,9,2024-08-28,BUY,3238,199.94,Equity
5113,8,2024-08-28,BUY,4771,65.16,Equity
5114,11,2024-08-28,BUY,4028,97.78,ETF
5115,14,2024-08-28,BUY,3979,64.6,Commodity
5116,7,2024-08-28,BUY,2866,401.65,Equity
5117,3,2024-08-28,SELL,3571,100.4,Equity
5118,14,2024-08-28,SELL,1768,64.85,Commodity
5119,11,2024-08-28,SELL,1461,97.68,ETF
5120,4,2024-08-29,BUY,1279,109.83,Equity
5121,8,2024-08-29,BUY,2567,64.23,Equity
5122,4,2024-08-29,BUY,3916,109.97,Equity
5123,5,2024-08-29,BUY,1320,439.48,Equity
5124,6,2024-08-29,SELL,1489,264.1,Equity
5125,9,2024-08-29,BUY,1365,198.59,Equity
5126,12,2024-08-29,BUY,998,219.28,Bond
5127,2,2024-08-29,SELL,2298,57.56,Equity
5128,12,2024-08-29,BUY,2678,220.22,Bond
5129,13,2024-08-29,BUY,2083,44.54,Commodity
5130,9,2024-08-29,BUY,3890,198.58,Equity
5131,11,2024-08-29,SELL,4746,97.35,ETF
5132,10,2024-08-29,SELL,2304,55.38,Equity
5133,2,2024-08-29,BUY,1663,57.59,Equity
5134,3,2024-08-29,SELL,322,100.09,Equity
5135,15,2024-08-29,BUY,2344,265.72,Currency
5136,2,2024-08-29,BUY,1784,57.43,Equity
5137,8,2024-08-29,BUY,2035,64.18,Equity
5138,3,2024-08-29,SELL,2648,100.06,Equity
5139,14,2024-08-29,SELL,1574,65.63,Commodity
5140,9,2024-08-29,BUY,2182,198.45,Equity
5141,15,2024-08-29,SELL,3805,265.73,Currency
5142,11,2024-08-29,BUY,4583,97.36,ETF
5143,8,2024-08-29,SELL,4634,64.05,Equity
5144,13,2024-08-29,BUY,3522,44.59,Commodity
5145,9,2024-08-30,SELL,870,198.2,Equity
5146,2,2024-08-30,BUY,4208,57.22,Equity
5147,15,2024-08-30,BUY,3678,266.24,Currency
5148,11,2024-08-30,SELL,2264,98.15,ETF
5149,6,2024-08-30,BUY,3052,261.6,Equity
5150,7,2024-08-30,BUY,1868,405.63,Equity
5151,12,2024-08-30,BUY,3413,219.02,Bond
5152,13,2024-08-30,BUY,3071,45.08,Commodity
5153,4,2024-08-30,SELL,929,107.37,Equity
5154,5,2024-08-30,SELL,2008,442.29,Equity
5155,1,2024-08-30,BUY,4988,392.6,Equity
5156,9,2024-08-30,BUY,179,197.75,Equity
5157,13,2024-08-30,SELL,1787,44.92,Commodity
5158,2,2024-08-30,BUY,1460,57.1,Equity
5159,12,2024-08-30,SELL,4082,219.01,Bond
5160,5,2024-08-30,SELL,4951,442.68,Equity
5161,7,2024-08-30,SELL,1876,405.27,Equity
5162,3,2024-08-30,BUY,3287,100.01,Equity
5163,4,2024-08-30,SELL,388,107.37,Equity
5164,14,2024-08-30,SELL,2298,67.93,Commodity
5165,10,2024-08-30,BUY,4803,55.26,Equity
5166,15,2024-08-30,SELL,2300,266.55,Currency
5167,13,2024-08-30,BUY,2990,44.93,Commodity
5168,12,2024-08-30,SELL,3201,218.86,Bond
5169,12,2024-09-02,SELL,2394,218.75,Bond
5170,13,2024-09-02,SELL,1103,45.75,Commodity
5171,8,2024-09-02,BUY,4315,64.15,Equity
5172,14,2024-09-02,BUY,3364,67.65,Commodity
5173,1,2024-09-02,BUY,1718,395.54,Equity
5174,10,2024-09-02,BUY,3388,54.59,Equity
5175,4,2024-09-02,BUY,1176,105.96,Equity
5176,12,2024-09-02,SELL,3678,219.85,Bond
5177,10,2024-09-02,SELL,558,54.56,Equity
5178,8,2024-09-02,SELL,1470,63.96,Equity
5179,5,2024-09-02,SELL,1857,450.07,Equity
5180,8,2024-09-02,SELL,4833,64.25,Equity
5181,8,2024-09-02,BUY,3575,64.0,Equity
5182,7,2024-09-02,BUY,2248,401.16,Equity
5183,7,2024-09-02,BUY,3294,401.11,Equity
5184,1,2024-09-02,SELL,4839,395.77,Equity
5185,3,2024-09-02,BUY,1780,99.48,Equity
5186,14,2024-09-02,BUY,3892,67.55,Commodity
5187,13,2024-09-02,BUY,2999,45.76,Commodity
5188,4,2024-09-02,BUY,618,105.95,Equity
5189,8,2024-09-02,BUY,3156,64.0,Equity
5190,11,2024-09-02,SELL,3596,97.3,ETF
5191,12,2024-09-02,BUY,402,219.02,Bond
5192,10,2024-09-03,SELL,1748,54.8,Equity
5193,13,2024-09-03,SELL,4297,43.59,Commodity
5194,1,2024-09-03,BUY,2419,402.11,Equity
5195,11,2024-09-03,SELL,3750,96.92,ETF
5196,13,2024-09-03,BUY,4805,43.56,Commodity
5197,11,2024-09-03,SELL,822,96.7,ETF
5198,7,2024-09-03,BUY,342,404.01,Equity
5199,10,2024-09-03,BUY,4675,54.83,Equity
5200,15,2024-09-03,SELL,1913,263.6,Currency
5201,15,2024-09-03,SELL,4023,263.3,Currency
5202,7,2024-09-03,BUY,3083,403.62,Equity
5203,14,2024-09-03,SELL,1059,68.05,Commodity
5204,7,2024-09-03,BUY,161,404.6,Equity
5205,8,2024-09-03,SELL,3022,63.57,Equity
5206,1,2024-09-03,SELL,945,402.74,Equity
5207,9,2024-09-03,BUY,4110,202.96,Equity
5208,2,2024-09-03,BUY,3773,59.8,Equity
5209,3,2024-09-03,BUY,46,99.13,Equity
5210,15,2024-09-03,SELL,4902,262.6,Currency
5211,8,2024-09-03,SELL,4767,63.82,Equity
5212,12,2024-09-03,SELL,1022,220.17,Bond
5213,3,2024-09-03,SELL,3403,99.07,Equity
5214,7,2024-09-03,SELL,2147,402.79,Equity
5215,3,2024-09-03,BUY,1084,99.18,Equity
5216,9,2024-09-03,BUY,1195,202.47,Equity
5217,3,2024-09-03,SELL,2419,99.15,Equity
5218,7,2024-09-03,BUY,3395,403.48,Equity
5219,8,2024-09-03,SELL,4610,63.73,Equity
5220,7,2024-09-03,BUY,3314,403.55,Equity
5221,8,2024-09-03,BUY,2457,63.92,Equity
5222,9,2024-09-03,BUY,1624,203.18,Equity
5223,3,2024-09-03,BUY,4286,98.81,Equity
5224,10,2024-09-03,BUY,1543,54.96,Equity
5225,15,2024-09-03,BUY,3738,263.22,Currency
5226,5,2024-09-03,SELL,3678,435.71,Equity
5227,15,2024-09-03,SELL,1382,263.28,Currency
5228,14,2024-09-03,SELL,4662,68.08,Commodity
5229,5,2024-09-03,BUY,3753,434.62,Equity
5230,14,2024-09-03,SELL,2467,68.05,Commodity
5231,1,2024-09-03,BUY,3559,401.67,Equity
5232,12,2024-09-04,SELL,1170,218.91,Bond
5233,7,2024-09-04,SELL,4876,406.34,Equity
5234,15,2024-09-04,SELL,917,262.99,Currency
5235,14,2024-09-04,BUY,3527,69.28,Commodity
5236,1,2024-09-04,SELL,1913,397.93,Equity
5237,2,2024-09-04,BUY,245,59.29,Equity
5238,15,2024-09-04,SELL,4671,262.94,Currency
5239,7,2024-09-04,SELL,390,404.47,Equity
5240,3,2024-09-04,BUY,213,98.41,Equity
5241,4,2024-09-04,SELL,2532,106.36,Equity
5242,4,2024-09-04,BUY,1128,106.03,Equity
5243,6,2024-09-04,BUY,1165,277.05,Equity
5244,5,2024-09-04,BUY,1363,435.4,Equity
5245,6,2024-09-04,SELL,1533,278.05,Equity
5246,2,2024-09-04,BUY,199,59.02,Equity
5247,5,2024-09-04,BUY,4736,433.48,Equity
5248,2,2024-09-04,BUY,4672,59.24,Equity
5249,6,2024-09-04,SELL,2861,277.26,Equity
5250,12,2024-09-04,SELL,809,218.73,Bond
5251,7,2024-09-04,SELL,3415,406.09,Equity
5252,9,2024-09-04,BUY,3465,207.12,Equity
5253,10,2024-09-04,SELL,223,54.5,Equity
5254,11,2024-09-04,BUY,3349,95.03,ETF
5255,15,2024-09-04,SELL,3047,263.27,Currency
5256,8,2024-09-04,BUY,496,61.69,Equity
5257,11,2024-09-04,BUY,823,95.11,ETF
5258,4,2024-09-04,BUY,3330,105.94,Equity
5259,4,2024-09-04,BUY,4189,106.19,Equity
5260,6,2024-09-04,SELL,3719,277.06,Equity
5261,11,2024-09-04,BUY,3405,95.29,ETF
5262,12,2024-09-04,BUY,4531,218.89,Bond
5263,4,2024-09-04,SELL,595,105.91,Equity
5264,10,2024-09-05,BUY,4064,52.94,Equity
5265,2,2024-09-05,BUY,3468,58.93,Equity
5266,9,2024-09-05,BUY,3163,205.65,Equity
5267,15,2024-09-05,SELL,4226,263.13,Currency
5268,15,2024-09-05,BUY,1561,263.58,Currency
5269,3,2024-09-05,SELL,3974,100.07,Equity
5270,1,2024-09-05,SELL,1575,398.78,Equity
5271,9,2024-09-05,SELL,2736,204.87,Equity
5272,12,2024-09-05,SELL,1748,216.99,Bond
5273,5,2024-09-05,BUY,4740,434.6,Equity
5274,1,2024-09-05,BUY,4666,398.26,Equity
5275,8,2024-09-05,SELL,1673,60.65,Equity
5276,9,2024-09-05,BUY,260,205.09,Equity
5277,2,2024-09-05,SELL,1596,58.9,Equity
5278,15,2024-09-05,SELL,2569,263.63,Currency
5279,2,2024-09-05,BUY,2172,59.11,Equity
5280,4,2024-09-05,BUY,124,105.79,Equity
5281,12,2024-09-05,SELL,2994,216.75,Bond
5282,3,2024-09-05,BUY,1838,99.86,Equity
5283,8,2024-09-05,BUY,1886,60.68,Equity
5284,3,2024-09-05,BUY,531,100.24,Equity
5285,8,2024-09-05,SELL,3260,60.74,Equity
5286,14,2024-09-05,SELL,1807,71.21,Commodity
5287,6,2024-09-05,BUY,2060,278.56,Equity
5288,15,2024-09-05,SELL,583,263.35,Currency
5289,4,2024-09-05,BUY,1464,105.95,Equity
5290,3,2024-09-05,BUY,4771,99.97,Equity
5291,3,2024-09-05,SELL,3890,100.19,Equity
5292,12,2024-09-05,SELL,945,216.64,Bond
5293,4,2024-09-06,SELL,1683,103.89,Equity
5294,1,2024-09-06,SELL,3152,393.18,Equity
5295,5,2024-09-06,BUY,3687,445.91,Equity
5296,4,2024-09-06,SELL,466,103.69,Equity
5297,14,2024-09-06,SELL,2711,70.45,Commodity
5298,4,2024-09-06,BUY,3154,103.57,Equity
5299,12,2024-09-06,BUY,852,216.87,Bond
5300,14,2024-09-06,SELL,459,70.72,Commodity
5301,9,2024-09-06,BUY,1087,209.95,Equity
5302,4,2024-09-06,BUY,4847,103.54,Equity
5303,2,2024-09-06,BUY,1704,58.05,Equity
5304,1,2024-09-06,SELL,2647,393.81,Equity
5305,1,2024-09-06,BUY,4222,392.92,Equity
5306,1,2024-09-06,SELL,1356,393.41,Equity
5307,4,2024-09-06,BUY,3370,103.54,Equity
5308,8,2024-09-06,BUY,2257,60.7,Equity
5309,3,2024-09-06,SELL,967,100.01,Equity
5310,11,2024-09-06,BUY,4408,96.38,ETF
5311,6,2024-09-06,SELL,4099,285.06,Equity
5312,4,2024-09-06,BUY,3118,104.01,Equity
5313,1,2024-09-06,BUY,3883,393.16,Equity
5314,12,2024-09-09,SELL,4391,216.99,Bond
5315,14,2024-09-09,SELL,2972,70.82,Commodity
5316,15,2024-09-09,BUY,1101,262.31,Currency
5317,1,2024-09-09,SELL,4975,383.25,Equity
5318,6,2024-09-09,SELL,1303,280.83,Equity
5319,2,2024-09-09,BUY,4898,56.0,Equity
5320,4,2024-09-09,BUY,3268,102.12,Equity
5321,6,2024-09-09,SELL,3210,280.14,Equity
5322,9,2024-09-09,SELL,3644,207.61,Equity
5323,4,2024-09-09,SELL,605,101.66,Equity
5324,14,2024-09-09,BUY,4987,70.58,Commodity
5325,9,2024-09-09,BUY,80,207.0,Equity
5326,14,2024-09-09,BUY,4523,70.79,Commodity
5327,6,2024-09-09,BUY,2086,280.11,Equity
5328,7,2024-09-09,SELL,2940,389.62,Equity
5329,6,2024-09-09,BUY,4116,279.89,Equity
5330,5,2024-09-09,SELL,4930,449.72,Equity
5331,14,2024-09-09,BUY,3180,70.76,Commodity
5332,5,2024-09-09,BUY,4757,450.45,Equity
5333,8,2024-09-09,SELL,4472,59.62,Equity
5334,5,2024-09-09,SELL,19,449.4,Equity
5335,3,2024-09-09,SELL,4759,100.47,Equity
5336,1,2024-09-09,SELL,4893,382.03,Equity
5337,6,2024-09-09,BUY,872,280.99,Equity
5338,9,2024-09-09,BUY,1544,207.81,Equity
5339,13,2024-09-09,SELL,3818,43.86,Commodity
5340,9,2024-09-10,BUY,2711,206.04,Equity
5341,3,2024-09-10,BUY,1703,103.84,Equity
5342,7,2024-09-10,SELL,3686,400.15,Equity
5343,3,2024-09-10,SELL,4747,103.8,Equity
5344,4,2024-09-10,SELL,838,102.63,Equity
5345,3,2024-09-10,SELL,4826,104.11,Equity
5346,13,2024-09-10,BUY,1185,44.49,Commodity
5347,15,2024-09-10,BUY,1156,261.05,Currency
5348,9,2024-09-10,SELL,152,206.13,Equity
5349,2,2024-09-10,SELL,1425,56.25,Equity
5350,3,2024-09-10,BUY,806,103.8,Equity
5351,14,2024-09-10,BUY,733,73.43,Commodity
5352,13,2024-09-10,SELL,2476,44.56,Commodity
5353,5,2024-09-10,SELL,136,445.8,Equity
5354,5,2024-09-10,SELL,609,445.46,Equity
5355,12,2024-09-10,BUY,3195,216.6,Bond
5356,2,2024-09-10,BUY,4063,56.12,Equity
5357,15,2024-09-10,SELL,3979,261.01,Currency
5358,14,2024-09-10,SELL,1906,73.11,Commodity
5359,10,2024-09-10,SELL,790,54.76,Equity
5360,11,2024-09-10,SELL,95,98.11,ETF
5361,3,2024-09-11,BUY,2530,102.33,Equity
5362,11,2024-09-11,BUY,2454,98.76,ETF
5363,5,2024-09-11,BUY,850,454.5,Equity
5364,8,2024-09-11,SELL,3489,61.09,Equity
5365,11,2024-09-11,BUY,2552,98.87,ETF
5366,2,2024-09-11,SELL,2771,59.2,Equity
5367,1,2024-09-11,BUY,1291,369.46,Equity
5368,5,2024-09-11,BUY,689,456.56,Equity
5369,9,2024-09-11,SELL,4402,202.98,Equity
5370,7,2024-09-11,SELL,3603,403.13,Equity
5371,5,2024-09-11,SELL,4119,456.17,Equity
5372,4,2024-09-11,SELL,1993,100.87,Equity
5373,3,2024-09-11,BUY,4668,102.48,Equity
5374,12,2024-09-11,BUY,3339,216.52,Bond
5375,6,2024-09-11,BUY,709,295.8,Equity
5376,15,2024-09-11,BUY,4311,259.13,Currency
5377,14,2024-09-11,BUY,560,71.53,Commodity
5378,7,2024-09-11,BUY,4230,403.43,Equity
5379,1,2024-09-11,BUY,3912,369.68,Equity
5380,4,2024-09-11,BUY,2193,101.23,Equity
5381,8,2024-09-11,BUY,740,60.85,Equity
5382,12,2024-09-11,SELL,2305,216.07,Bond
5383,13,2024-09-11,BUY,4172,44.87,Commodity
5384,12,2024-09-11,BUY,1957,216.04,Bond
5385,5,2024-09-11,BUY,3376,456.34,Equity
5386,7,2024-09-11,SELL,3678,403.93,Equity
5387,8,2024-09-11,BUY,1226,60.83,Equity
5388,3,2024-09-11,SELL,4854,102.74,Equity
5389,3,2024-09-11,BUY,720,102.45,Equity
5390,3,2024-09-11,SELL,53,102.87,Equity
5391,2,2024-09-11,SELL,2374,59.22,Equity
5392,6,2024-09-11,SELL,4830,295.67,Equity
5393,3,2024-09-11,SELL,2076,102.87,Equity
5394,1,2024-09-11,SELL,3341,369.5,Equity
5395,11,2024-09-11,BUY,3142,98.8,ETF
5396,12,2024-09-12,BUY,1645,218.12,Bond
5397,4,2024-09-12,BUY,1289,101.51,Equity
5398,9,2024-09-12,BUY,1528,205.14,Equity
5399,7,2024-09-12,BUY,692,404.23,Equity
5400,5,2024-09-12,SELL,3580,454.28,Equity
5401,12,2024-09-12,SELL,487,218.14,Bond
5402,5,2024-09-12,BUY,2374,454.55,Equity
5403,11,2024-09-12,SELL,2591,99.98,ETF
5404,7,2024-09-12,BUY,3246,402.91,Equity
5405,7,2024-09-12,SELL,2027,402.84,Equity
5406,12,2024-09-12,BUY,3603,217.96,Bond
5407,8,2024-09-12,SELL,3180,60.73,Equity
5408,1,2024-09-12,SELL,1795,360.25,Equity
5409,4,2024-09-12,SELL,4342,101.17,Equity
5410,5,2024-09-12,SELL,3092,455.19,Equity
5411,12,2024-09-12,BUY,4048,218.37,Bond
5412,8,2024-09-12,BUY,2509,60.66,Equity
5413,3,2024-09-12,SELL,1393,103.17,Equity
5414,5,2024-09-12,BUY,1453,456.47,Equity
5415,11,2024-09-12,SELL,3386,100.21,ETF
5416,13,2024-09-12,BUY,1104,46.39,Commodity
5417,9,2024-09-12,BUY,3505,205.95,Equity
5418,3,2024-09-12,SELL,4787,103.25,Equity
5419,14,2024-09-12,SELL,3682,73.36,Commodity
5420,10,2024-09-12,SELL,4147,54.47,Equity
5421,5,2024-09-12,BUY,3344,456.09,Equity
5422,2,2024-09-12,BUY,3762,59.15,Equity
5423,2,2024-09-12,BUY,2420,59.35,Equity
5424,9,2024-09-12,SELL,3878,205.77,Equity
5425,4,2024-09-12,BUY,2661,101.53,Equity
5426,15,2024-09-12,SELL,4133,261.45,Currency
5427,9,2024-09-12,BUY,257,205.21,Equity
5428,3,2024-09-12,SELL,3779,102.92,Equity
5429,6,2024-09-13,SELL,1601,289.89,Equity
5430,13,2024-09-13,SELL,2606,45.35,Commodity
5431,3,2024-09-13,BUY,2764,102.47,Equity
5432,6,2024-09-13,BUY,4125,288.85,Equity
5433,8,2024-09-13,SELL,2462,60.26,Equity
5434,8,2024-09-13,BUY,940,60.24,Equity
5435,10,2024-09-13,SELL,1144,54.22,Equity
5436,15,2024-09-13,BUY,1971,259.41,Currency
5437,3,2024-09-13,SELL,258,102.56,Equity
5438,13,2024-09-13,BUY,4595,45.35,Commodity
5439,13,2024-09-13,SELL,4434,45.5,Commodity
5440,7,2024-09-13,BUY,1662,406.61,Equity
5441,14,2024-09-13,BUY,3003,73.55,Commodity
5442,2,2024-09-13,BUY,4830,58.89,Equity
5443,5,2024-09-13,SELL,4474,464.49,Equity
5444,13,2024-09-13,SELL,1804,45.53,Commodity
5445,6,2024-09-13,SELL,1140,289.31,Equity
5446,14,2024-09-13,BUY,2791,73.63,Commodity
5447,1,2024-09-13,SELL,2598,365.0,Equity
5448,12,2024-09-13,BUY,3279,219.38,Bond
5449,13,2024-09-13,SELL,113,45.44,Commodity
5450,9,2024-09-13,BUY,4750,197.89,Equity
5451,3,2024-09-13,SELL,1739,102.67,Equity
5452,11,2024-09-13,BUY,2769,100.91,ETF
5453,11,2024-09-13,BUY,1345,100.4,ETF
5454,6,2024-09-13,SELL,469,289.09,Equity
5455,2,2024-09-13,SELL,4457,58.81,Equity
5456,7,2024-09-13,BUY,1326,407.81,Equity
5457,10,2024-09-13,BUY,4308,54.2,Equity
5458,2,2024-09-13,SELL,4154,58.76,Equity
5459,15,2024-09-13,SELL,3569,260.45,Currency
5460,10,2024-09-13,BUY,3960,54.1,Equity
5461,5,2024-09-16,BUY,3155,452.05,Equity
5462,12,2024-09-16,BUY,2598,219.15,Bond
5463,4,2024-09-16,BUY,3105,99.62,Equity
5464,11,2024-09-16,SELL,2343,101.27,ETF
5465,5,2024-09-16,SELL,2319,450.5,Equity
5466,4,2024-09-16,SELL,1170,99.65,Equity
5467,8,2024-09-16,SELL,2804,58.72,Equity
5468,7,2024-09-16,BUY,902,407.32,Equity
5469,15,2024-09-16,SELL,3278,261.2,Currency
5470,2,2024-09-16,SELL,37,59.07,Equity
5471,7,2024-09-16,SELL,481,406.35,Equity
5472,9,2024-09-16,SELL,3514,197.39,Equity
5473,13,2024-09-16,BUY,3868,45.17,Commodity
5474,3,2024-09-16,SELL,795,103.66,Equity
5475,5,2024-09-16,SELL,1873,449.92,Equity
5476,5,2024-09-16,BUY,1234,451.11,Equity
5477,8,2024-09-16,BUY,4075,58.51,Equity
5478,2,2024-09-16,SELL,4799,58.97,Equity
5479,14,2024-09-16,SELL,1259,76.08,Commodity
5480,5,2024-09-16,SELL,3217,450.73,Equity
5481,10,2024-09-16,SELL,1610,53.39,Equity
5482,7,2024-09-16,SELL,2494,407.51,Equity
5483,12,2024-09-16,BUY,3219,219.99,Bond
5484,5,2024-09-16,BUY,2497,450.89,Equity
5485,15,2024-09-16,SELL,2854,261.8,Currency
5486,13,2024-09-16,SELL,1623,45.06,Commodity
5487,2,2024-09-16,SELL,3484,59.12,Equity
5488,10,2024-09-16,SELL,1083,53.3,Equity
5489,6,2024-09-16,SELL,697,283.18,Equity
5490,1,2024-09-16,BUY,1866,350.97,Equity
5491,13,2024-09-16,SELL,3308,44.97,Commodity
5492,7,2024-09-17,SELL,4943,405.2,Equity
5493,13,2024-09-17,SELL,3231,45.53,Commodity
5494,11,2024-09-17,SELL,3012,101.69,ETF
5495,7,2024-09-17,SELL,4102,404.25,Equity
5496,13,2024-09-17,BUY,3961,45.48,Commodity
5497,4,2024-09-17,SELL,329,100.0,Equity
5498,2,2024-09-17,SELL,2829,58.57,Equity
5499,13,2024-09-17,SELL,2599,45.5,Commodity
5500,4,2024-09-17,SELL,2298,99.69,Equity
5501,1,2024-09-17,BUY,975,346.64,Equity
5502,2,2024-09-17,SELL,1505,58.69,Equity
5503,7,2024-09-17,SELL,3945,404.38,Equity
5504,13,2024-09-17,SELL,4141,45.57,Commodity
5505,14,2024-09-17,BUY,1768,74.79,Commodity
5506,13,2024-09-17,BUY,3117,45.64,Commodity
5507,8,2024-09-17,BUY,543,58.9,Equity
5508,13,2024-09-17,BUY,2505,45.44,Commodity
5509,10,2024-09-17,BUY,1044,53.37,Equity
5510,1,2024-09-17,SELL,3882,347.73,Equity
5511,10,2024-09-17,SELL,1303,53.23,Equity
5512,2,2024-09-17,SELL,3466,58.74,Equity
5513,11,2024-09-17,SELL,3849,101.83,ETF
5514,2,2024-09-18,BUY,4458,57.47,Equity
5515,11,2024-09-18,SELL,2932,101.81,ETF
5516,15,2024-09-18,SELL,2268,260.92,Currency
5517,8,2024-09-18,BUY,2886,58.04,Equity
5518,7,2024-09-18,SELL,2854,409.94,Equity
5519,9,2024-09-18,SELL,1650,197.62,Equity
5520,5,2024-09-18,SELL,3077,465.28,Equity
5521,11,2024-09-18,SELL,4384,102.16,ETF
5522,6,2024-09-18,BUY,1239,278.25,Equity
5523,3,2024-09-18,BUY,161,103.03,Equity
5524,15,2024-09-18,SELL,3928,261.33,Currency
5525,5,2024-09-18,BUY,2442,464.73,Equity
5526,11,2024-09-18,BUY,689,101.94,ETF
5527,1,2024-09-18,BUY,2346,351.99,Equity
5528,1,2024-09-18,SELL,4511,350.98,Equity
5529,15,2024-09-18,BUY,564,261.76,Currency
5530,1,2024-09-18,SELL,3524,350.88,Equity
5531,8,2024-09-18,BUY,4581,58.07,Equity
5532,8,2024-09-18,SELL,1170,58.07,Equity
5533,7,2024-09-18,SELL,900,408.06,Equity
5534,5,2024-09-19,SELL,2819,486.89,Equity
5535,15,2024-09-19,SELL,2998,262.07,Currency
5536,9,2024-09-19,BUY,796,196.8,Equity
5537,7,2024-09-19,SELL,4481,410.51,Equity
5538,2,2024-09-19,BUY,3466,56.17,Equity
5539,12,2024-09-19,BUY,1378,217.84,Bond
5540,3,2024-09-19,BUY,4459,101.99,Equity
5541,2,2024-09-19,BUY,1151,55.94,Equity
5542,14,2024-09-19,BUY,2987,76.65,Commodity
5543,10,2024-09-19,SELL,1945,52.38,Equity
5544,5,2024-09-19,SELL,4520,485.98,Equity
5545,5,2024-09-19,BUY,2189,486.57,Equity
5546,13,2024-09-19,BUY,2140,43.99,Commodity
5547,5,2024-09-19,BUY,3847,487.06,Equity
5548,14,2024-09-19,SELL,1710,76.78,Commodity
5549,5,2024-09-19,BUY,3836,487.81,Equity
5550,7,2024-09-19,SELL,3168,408.72,Equity
5551,10,2024-09-19,SELL,1532,52.22,Equity
5552,3,2024-09-19,BUY,4791,102.34,Equity
5553,10,2024-09-19,SELL,91,52.23,Equity
5554,11,2024-09-19,SELL,3160,101.45,ETF
5555,3,2024-09-20,BUY,3221,100.26,Equity
5556,13,2024-09-20,BUY,4566,44.86,Commodity
5557,7,2024-09-20,SELL,287,405.49,Equity
5558,6,2024-09-20,BUY,947,286.01,Equity
5559,14,2024-09-20,BUY,516,77.74,Commodity
5560,5,2024-09-20,SELL,4192,480.82,Equity
5561,11,2024-09-20,SELL,1538,101.68,ETF
5562,2,2024-09-20,BUY,90,55.7,Equity
5563,13,2024-09-20,BUY,727,44.99,Commodity
5564,6,2024-09-20,BUY,2875,285.22,Equity
5565,4,2024-09-20,BUY,650,98.9,Equity
5566,8,2024-09-20,SELL,2886,56.82,Equity
5567,8,2024-09-20,BUY,1531,56.61,Equity
5568,3,2024-09-20,SELL,2757,100.5,Equity
5569,12,2024-09-20,BUY,4239,217.37,Bond
5570,1,2024-09-20,BUY,4654,357.89,Equity
5571,15,2024-09-20,BUY,1317,261.88,Currency
5572,10,2024-09-20,BUY,2232,51.98,Equity
5573,14,2024-09-20,SELL,234,77.79,Commodity
5574,7,2024-09-20,SELL,712,405.44,Equity
5575,10,2024-09-20,BUY,1058,51.95,Equity
5576,15,2024-09-20,SELL,3163,262.7,Currency
5577,5,2024-09-20,SELL,549,482.16,Equity
5578,12,2024-09-20,BUY,2864,218.02,Bond
5579,6,2024-09-20,BUY,2423,285.32,Equity
5580,13,2024-09-20,BUY,946,44.93,Commodity
5581,5,2024-09-23,SELL,3102,484.26,Equity
5582,13,2024-09-23,SELL,641,45.69,Commodity
5583,1,2024-09-23,BUY,4535,358.79,Equity
5584,13,2024-09-23,SELL,4215,45.55,Commodity
5585,8,2024-09-23,BUY,1646,55.87,Equity
5586,9,2024-09-23,SELL,3633,200.94,Equity
5587,3,2024-09-23,SELL,1279,102.17,Equity
5588,15,2024-09-23,SELL,3813,261.62,Currency
5589,4,2024-09-23,SELL,2990,98.19,Equity
5590,6,2024-09-23,BUY,2598,280.33,Equity
5591,8,2024-09-23,BUY,3937,56.03,Equity
5592,12,2024-09-23,BUY,4936,216.56,Bond
5593,5,2024-09-23,SELL,4729,484.89,Equity
5594,10,2024-09-23,BUY,579,52.6,Equity
5595,3,2024-09-23,BUY,1877,101.91,Equity
5596,3,2024-09-23,SELL,594,101.85,Equity
5597,2,2024-09-23,SELL,3901,55.09,Equity
5598,8,2024-09-23,BUY,1247,55.8,Equity
5599,5,2024-09-23,BUY,320,484.41,Equity
5600,7,2024-09-23,BUY,808,405.58,Equity
5601,4,2024-09-23,BUY,4512,97.98,Equity
5602,3,2024-09-23,BUY,4750,101.67,Equity
5603,12,2024-09-23,BUY,1010,217.65,Bond
5604,4,2024-09-23,SELL,554,98.32,Equity
5605,13,2024-09-23,BUY,750,45.74,Commodity
5606,10,2024-09-24,BUY,1892,51.33,Equity
5607,14,2024-09-24,BUY,662,79.13,Commodity
5608,8,2024-09-24,BUY,4661,55.18,Equity
5609,8,2024-09-24,BUY,4344,55.15,Equity
5610,8,2024-09-24,BUY,1733,55.31,Equity
5611,12,2024-09-24,BUY,2489,217.56,Bond
5612,4,2024-09-24,SELL,3279,96.9,Equity
5613,1,2024-09-24,BUY,125,372.86,Equity
5614,8,2024-09-24,SELL,3507,55.1,Equity
5615,12,2024-09-24,SELL,3751,218.34,Bond
5616,10,2024-09-24,SELL,4350,51.56,Equity
5617,3,2024-09-24,SELL,2024,101.77,Equity
5618,13,2024-09-24,BUY,1551,46.01,Commodity
5619,6,2024-09-24,SELL,567,277.85,Equity
5620,14,2024-09-24,SELL,2149,79.14,Commodity
5621,11,2024-09-24,SELL,1004,98.34,ETF
5622,6,2024-09-24,SELL,2313,279.05,Equity
5623,11,2024-09-24,BUY,1690,98.03,ETF
5624,1,2024-09-24,BUY,3065,372.81,Equity
5625,11,2024-09-24,SELL,2724,98.41,ETF
5626,1,2024-09-24,BUY,857,372.19,Equity
5627,1,2024-09-24,SELL,2250,372.4,Equity
5628,4,2024-09-24,BUY,2791,96.96,Equity
5629,11,2024-09-24,SELL,2364,98.27,ETF
5630,7,2024-09-24,BUY,4590,405.61,Equity
5631,11,2024-09-24,BUY,2784,98.02,ETF
5632,14,2024-09-24,SELL,4093,79.18,Commodity
5633,9,2024-09-24,BUY,3695,196.74,Equity
5634,9,2024-09-24,BUY,3029,196.02,Equity
5635,5,2024-09-24,SELL,4302,483.03,Equity
5636,14,2024-09-24,BUY,104,79.43,Commodity
5637,11,2024-09-24,BUY,3508,97.96,ETF
5638,10,2024-09-24,SELL,2102,51.56,Equity
5639,5,2024-09-24,SELL,4766,485.03,Equity
5640,4,2024-09-24,BUY,3442,96.93,Equity
5641,2,2024-09-24,SELL,610,55.93,Equity
5642,2,2024-09-25,BUY,4052,56.48,Equity
5643,5,2024-09-25,SELL,2805,496.57,Equity
5644,12,2024-09-25,SELL,2374,218.7,Bond
5645,14,2024-09-25,BUY,1965,78.92,Commodity
5646,7,2024-09-25,SELL,544,406.26,Equity
5647,10,2024-09-25,BUY,948,52.57,Equity
5648,5,2024-09-25,SELL,1353,499.12,Equity
5649,3,2024-09-25,SELL,3361,106.34,Equity
5650,15,2024-09-25,SELL,987,261.21,Currency
5651,1,2024-09-25,SELL,2438,375.32,Equity
5652,8,2024-09-25,BUY,4761,54.07,Equity
5653,9,2024-09-25,SELL,2899,190.86,Equity
5654,9,2024-09-25,BUY,1336,191.47,Equity
5655,4,2024-09-25,SELL,4945,98.3,Equity
5656,12,2024-09-25,SELL,939,217.92,Bond
5657,4,2024-09-25,BUY,3356,98.19,Equity
5658,6,2024-09-25,SELL,1618,285.11,Equity
5659,3,2024-09-25,SELL,3412,106.16,Equity
5660,6,2024-09-25,SELL,1020,285.6,Equity
5661,8,2024-09-25,BUY,4079,54.32,Equity
5662,8,2024-09-25,SELL,1303,54.3,Equity
5663,5,2024-09-25,BUY,4619,499.2,Equity
5664,14,2024-09-25,BUY,4122,78.81,Commodity
5665,11,2024-09-25,SELL,1170,97.49,ETF
5666,2,2024-09-25,SELL,3495,56.57,Equity
5667,5,2024-09-25,SELL,2954,498.42,Equity
5668,13,2024-09-25,BUY,4277,45.01,Commodity
5669,14,2024-09-25,BUY,2191,78.79,Commodity
5670,15,2024-09-25,SELL,2465,261.43,Currency
5671,12,2024-09-25,SELL,2518,217.62,Bond
5672,7,2024-09-25,SELL,1234,405.02,Equity
5673,3,2024-09-25,BUY,3261,106.17,Equity
5674,1,2024-09-25,BUY,611,373.69,Equity
5675,11,2024-09-25,SELL,1442,97.28,ETF
5676,4,2024-09-25,BUY,149,98.3,Equity
5677,1,2024-09-25,BUY,2908,375.64,Equity
5678,11,2024-09-25,SELL,3675,97.74,ETF
5679,3,2024-09-25,BUY,4408,106.07,Equity
5680,2,2024-09-25,SELL,400,56.49,Equity
5681,2,2024-09-26,BUY,2008,58.27,Equity
5682,13,2024-09-26,SELL,2227,45.81,Commodity
5683,12,2024-09-26,SELL,4864,217.28,Bond
5684,9,2024-09-26,BUY,2969,190.89,Equity
5685,2,2024-09-26,SELL,390,58.05,Equity
5686,8,2024-09-26,SELL,1986,52.56,Equity
5687,4,2024-09-26,BUY,4209,98.88,Equity
5688,5,2024-09-26,SELL,2412,488.39,Equity
5689,4,2024-09-26,BUY,1361,99.0,Equity
5690,6,2024-09-26,SELL,3339,284.19,Equity
5691,15,2024-09-26,BUY,1895,260.62,Currency
5692,14,2024-09-26,BUY,1515,79.27,Commodity
5693,3,2024-09-26,BUY,4088,107.33,Equity
5694,11,2024-09-26,BUY,875,98.45,ETF
5695,9,2024-09-26,BUY,4389,190.69,Equity
5696,4,2024-09-26,BUY,2652,98.46,Equity
5697,3,2024-09-26,SELL,713,107.32,Equity
5698,6,2024-09-26,BUY,2182,283.51,Equity
5699,14,2024-09-26,SELL,430,79.5,Commodity
5700,7,2024-09-26,BUY,2002,415.94,Equity
5701,4,2024-09-26,BUY,4849,98.57,Equity
5702,10,2024-09-26,SELL,3319,52.12,Equity
5703,9,2024-09-26,SELL,2188,190.26,Equity
5704,13,2024-09-26,SELL,2253,45.63,Commodity
5705,3,2024-09-26,SELL,2129,107.19,Equity
5706,4,2024-09-26,SELL,1711,98.56,Equity
5707,15,2024-09-26,BUY,352,260.31,Currency
5708,1,2024-09-26,SELL,3748,384.16,Equity
5709,11,2024-09-26,SELL,1251,98.52,ETF
5710,11,2024-09-26,BUY,3008,98.53,ETF
5711,11,2024-09-26,BUY,1000,98.92,ETF
5712,11,2024-09-26,BUY,4867,98.55,ETF
5713,13,2024-09-26,BUY,899,45.57,Commodity
5714,6,2024-09-27,BUY,432,281.0,Equity
5715,12,2024-09-27,BUY,4395,218.94,Bond
5716,11,2024-09-27,SELL,810,100.49,ETF
5717,6,2024-09-27,SELL,3431,281.28,Equity
5718,8,2024-09-27,BUY,4053,54.2,Equity
5719,5,2024-09-27,BUY,3899,474.54,Equity
5720,15,2024-09-27,SELL,3019,260.32,Currency
5721,4,2024-09-27,SELL,1971,101.75,Equity
5722,6,2024-09-27,SELL,3516,281.43,Equity
5723,3,2024-09-27,BUY,4396,108.57,Equity
5724,5,2024-09-27,SELL,3324,475.09,Equity
5725,1,2024-09-27,SELL,2523,398.75,Equity
5726,15,2024-09-27,BUY,4724,261.68,Currency
5727,15,2024-09-27,BUY,1272,260.79,Currency
5728,10,2024-09-27,BUY,3069,52.13,Equity
5729,6,2024-09-27,BUY,2447,280.34,Equity
5730,13,2024-09-27,SELL,2445,45.44,Commodity
5731,5,2024-09-27,SELL,2755,475.22,Equity
5732,9,2024-09-27,SELL,3177,189.84,Equity
5733,5,2024-09-27,SELL,4904,476.43,Equity
5734,15,2024-09-27,SELL,4647,261.49,Currency
5735,8,2024-09-27,SELL,3029,54.33,Equity
5736,15,2024-09-27,BUY,1324,260.58,Currency
5737,1,2024-09-27,BUY,680,398.69,Equity
5738,6,2024-09-27,BUY,1474,281.21,Equity
5739,15,2024-09-27,SELL,217,261.18,Currency
5740,6,2024-09-27,BUY,3964,280.9,Equity
5741,10,2024-09-27,SELL,1408,51.96,Equity
5742,3,2024-09-27,BUY,3770,108.08,Equity
5743,3,2024-09-27,BUY,4860,108.19,Equity
5744,5,2024-09-27,BUY,1545,474.05,Equity
5745,15,2024-09-27,BUY,2443,261.71,Currency
5746,2,2024-09-27,SELL,3804,57.88,Equity
5747,9,2024-09-27,SELL,1738,189.53,Equity
5748,11,2024-09-27,BUY,3662,100.4,ETF
5749,1,2024-09-27,SELL,1860,397.64,Equity
5750,2,2024-09-27,BUY,3206,57.98,Equity
5751,9,2024-09-27,SELL,3830,189.49,Equity
5752,9,2024-09-30,SELL,1721,188.23,Equity
5753,14,2024-09-30,SELL,1345,78.44,Commodity
5754,6,2024-09-30,BUY,2618,275.11,Equity
5755,12,2024-09-30,SELL,992,219.61,Bond
5756,2,2024-09-30,SELL,2042,56.36,Equity
5757,1,2024-09-30,SELL,1975,405.33,Equity
5758,3,2024-09-30,SELL,1937,107.67,Equity
5759,9,2024-09-30,SELL,4584,188.24,Equity
5760,12,2024-09-30,BUY,3501,220.31,Bond
5761,11,2024-09-30,BUY,2454,100.1,ETF
5762,3,2024-09-30,SELL,418,108.03,Equity
5763,11,2024-09-30,SELL,4753,100.03,ETF
5764,13,2024-09-30,SELL,2729,45.78,Commodity
5765,10,2024-09-30,BUY,836,52.38,Equity
5766,6,2024-09-30,BUY,4345,275.48,Equity
5767,14,2024-09-30,SELL,1665,78.55,Commodity
5768,9,2024-09-30,SELL,2732,187.69,Equity
5769,1,2024-09-30,SELL,1491,406.35,Equity
5770,10,2024-09-30,SELL,2827,52.35,Equity
5771,1,2024-09-30,SELL,3893,404.99,Equity
5772,9,2024-09-30,BUY,4992,188.01,Equity
5773,14,2024-09-30,SELL,4502,78.4,Commodity
5774,6,2024-09-30,BUY,2921,274.74,Equity
5775,9,2024-09-30,BUY,2274,187.73,Equity
5776,1,2024-09-30,BUY,3760,404.88,Equity
5777,5,2024-09-30,SELL,443,480.45,Equity
5778,5,2024-09-30,BUY,4839,481.07,Equity
5779,4,2024-09-30,BUY,3514,100.0,Equity
5780,7,2024-09-30,BUY,2460,427.72,Equity
5781,15,2024-09-30,BUY,1019,259.81,Currency
5782,6,2024-09-30,SELL,4684,275.43,Equity
5783,11,2024-09-30,SELL,3196,99.94,ETF
5784,6,2024-09-30,BUY,2519,275.62,Equity
5785,4,2024-09-30,BUY,3475,99.9,Equity
5786,7,2024-09-30,BUY,2548,429.19,Equity
5787,7,2024-10-01,BUY,3072,434.72,Equity
5788,8,2024-10-01,SELL,1567,52.68,Equity
5789,10,2024-10-01,BUY,2147,54.25,Equity
5790,11,2024-10-01,SELL,1583,98.36,ETF
5791,3,2024-10-01,BUY,1590,106.81,Equity
5792,11,2024-10-01,BUY,614,98.53,ETF
5793,11,2024-10-01,BUY,393,98.44,ETF
5794,2,2024-10-01,BUY,1786,57.67,Equity
5795,8,2024-10-01,BUY,4500,52.42,Equity
5796,1,2024-10-01,SELL,4101,403.46,Equity
5797,9,2024-10-01,BUY,4690,186.42,Equity
5798,9,2024-10-01,SELL,98,186.43,Equity
5799,7,2024-10-01,SELL,3531,434.11,Equity
5800,9,2024-10-01,SELL,1647,186.57,Equity
5801,2,2024-10-01,SELL,2635,57.5,Equity
5802,9,2024-10-01,BUY,1854,186.66,Equity
5803,2,2024-10-01,BUY,4027,57.54,Equity
5804,5,2024-10-01,BUY,895,470.02,Equity
5805,5,2024-10-01,BUY,2958,468.5,Equity
5806,10,2024-10-01,BUY,2298,54.26,Equity
5807,10,2024-10-01,SELL,3929,54.35,Equity
5808,9,2024-10-01,SELL,2042,186.31,Equity
5809,14,2024-10-01,BUY,4000,80.9,Commodity
5810,6,2024-10-01,BUY,750,273.46,Equity
5811,6,2024-10-01,BUY,3030,272.97,Equity
5812,10,2024-10-01,SELL,1261,54.42,Equity
5813,1,2024-10-01,BUY,1504,403.6,Equity
5814,1,2024-10-01,BUY,99,401.84,Equity
5815,12,2024-10-01,BUY,3119,219.5,Bond
5816,15,2024-10-01,SELL,505,259.76,Currency
5817,8,2024-10-01,BUY,4167,52.52,Equity
5818,12,2024-10-01,SELL,2987,219.1,Bond
5819,6,2024-10-01,BUY,4465,272.27,Equity
5820,14,2024-10-02,SELL,761,81.79,Commodity
5821,7,2024-10-02,SELL,1145,434.16,Equity
5822,4,2024-10-02,SELL,4060,100.18,Equity
5823,12,2024-10-02,BUY,2116,218.28,Bond
5824,12,2024-10-02,BUY,721,217.48,Bond
5825,1,2024-10-02,BUY,1473,397.82,Equity
5826,7,2024-10-02,SELL,854,433.92,Equity
5827,6,2024-10-02,SELL,2128,283.93,Equity
5828,9,2024-10-02,SELL,3324,195.73,Equity
5829,6,2024-10-02,BUY,4037,283.07,Equity
5830,4,2024-10-02,BUY,3640,100.18,Equity
5831,10,2024-10-02,BUY,64,53.73,Equity
5832,4,2024-10-02,SELL,1442,100.49,Equity
5833,7,2024-10-02,SELL,3163,433.97,Equity
5834,4,2024-10-02,SELL,1631,100.46,Equity
5835,4,2024-10-02,SELL,4488,100.22,Equity
5836,2,2024-10-02,BUY,216,58.82,Equity
5837,14,2024-10-02,BUY,210,81.73,Commodity
5838,3,2024-10-02,BUY,601,108.08,Equity
5839,8,2024-10-02,SELL,3086,52.53,Equity
5840,7,2024-10-02,SELL,1098,434.36,Equity
5841,10,2024-10-02,SELL,3867,53.78,Equity
5842,5,2024-10-02,SELL,920,469.04,Equity
5843,12,2024-10-02,SELL,4116,217.83,Bond
5844,2,2024-10-02,SELL,1447,58.9,Equity
5845,8,2024-10-02,SELL,1226,52.31,Equity
5846,12,2024-10-02,SELL,460,218.32,Bond
5847,15,2024-10-02,SELL,3883,260.23,Currency
5848,10,2024-10-02,BUY,1669,53.75,Equity
5849,2,2024-10-02,SELL,584,58.78,Equity
5850,9,2024-10-02,SELL,4828,196.21,Equity
5851,9,2024-10-02,BUY,1261,195.87,Equity
5852,4,2024-10-02,BUY,3708,100.42,Equity
5853,5,2024-10-02,BUY,2520,469.76,Equity
5854,1,2024-10-03,SELL,1969,404.1,Equity
5855,4,2024-10-03,BUY,386,101.49,Equity
5856,9,2024-10-03,SELL,390,197.99,Equity
5857,15,2024-10-03,BUY,2254,263.26,Currency
5858,15,2024-10-03,SELL,1286,262.71,Currency
5859,5,2024-10-03,SELL,1905,461.72,Equity
5860,15,2024-10-03,SELL,3203,263.32,Currency
5861,13,2024-10-03,SELL,3147,44.11,Commodity
5862,5,2024-10-03,SELL,2780,462.53,Equity
5863,4,2024-10-03,BUY,690,101.13,Equity
5864,13,2024-10-03,SELL,1051,44.26,Commodity
5865,12,2024-10-03,BUY,4361,216.66,Bond
5866,15,2024-10-03,SELL,4438,262.77,Currency
5867,3,2024-10-03,BUY,3496,109.41,Equity
5868,12,2024-10-03,SELL,3157,216.58,Bond
5869,11,2024-10-03,BUY,1912,96.48,ETF
5870,6,2024-10-03,BUY,595,278.31,Equity
5871,10,2024-10-03,SELL,1362,53.66,Equity
5872,12,2024-10-03,SELL,4723,217.43,Bond
5873,5,2024-10-03,SELL,3693,461.01,Equity
5874,2,2024-10-03,SELL,3304,59.29,Equity
5875,2,2024-10-03,BUY,719,59.45,Equity
5876,11,2024-10-03,BUY,1307,96.55,ETF
5877,1,2024-10-03,SELL,1550,402.13,Equity
5878,2,2024-10-03,SELL,655,59.19,Equity
5879,4,2024-10-03,SELL,2943,101.39,Equity
5880,5,2024-10-03,SELL,2253,463.7,Equity
5881,13,2024-10-03,SELL,1013,44.3,Commodity
5882,8,2024-10-03,BUY,1597,52.79,Equity
5883,7,2024-10-03,SELL,2158,433.45,Equity
5884,8,2024-10-03,SELL,3031,52.93,Equity
5885,14,2024-10-04,SELL,4625,81.72,Commodity
5886,7,2024-10-04,SELL,2760,414.5,Equity
5887,15,2024-10-04,BUY,3602,262.64,Currency
5888,9,2024-10-04,SELL,2062,196.62,Equity
5889,13,2024-10-04,BUY,3566,42.32,Commodity
5890,2,2024-10-04,SELL,772,59.56,Equity
5891,8,2024-10-04,BUY,1431,54.02,Equity
5892,3,2024-10-04,SELL,2718,109.38,Equity
5893,2,2024-10-04,SELL,2609,59.48,Equity
5894,5,2024-10-04,SELL,816,464.83,Equity
5895,1,2024-10-04,SELL,2206,405.53,Equity
5896,1,2024-10-04,SELL,1851,404.71,Equity
5897,13,2024-10-04,BUY,4969,42.37,Commodity
5898,3,2024-10-04,BUY,3829,109.75,Equity
5899,7,2024-10-04,BUY,4853,413.01,Equity
5900,11,2024-10-04,SELL,4851,98.79,ETF
5901,10,2024-10-04,SELL,2706,54.19,Equity
5902,12,2024-10-04,BUY,1862,216.99,Bond
5903,9,2024-10-04,SELL,190,197.59,Equity
5904,11,2024-10-04,SELL,4264,98.91,ETF
5905,6,2024-10-04,SELL,2147,285.85,Equity
5906,15,2024-10-04,BUY,3469,263.75,Currency
5907,7,2024-10-07,SELL,3561,400.25,Equity
5908,11,2024-10-07,SELL,3535,99.74,ETF
5909,14,2024-10-07,SELL,978,83.68,Commodity
5910,9,2024-10-07,BUY,199,197.66,Equity
5911,9,2024-10-07,SELL,1205,198.19,Equity
5912,6,2024-10-07,SELL,2458,285.35,Equity
5913,2,2024-10-07,SELL,2372,58.66,Equity
5914,2,2024-10-07,SELL,158,58.47,Equity
5915,13,2024-10-07,SELL,742,41.72,Commodity
5916,9,2024-10-07,BUY,669,197.87,Equity
5917,13,2024-10-07,SELL,4393,41.82,Commodity
5918,5,2024-10-07,BUY,4593,474.39,Equity
5919,2,2024-10-07,SELL,3317,58.64,Equity
5920,8,2024-10-07,SELL,3762,54.39,Equity
5921,12,2024-10-07,SELL,4690,217.36,Bond
5922,1,2024-10-07,BUY,1582,407.23,Equity
5923,13,2024-10-07,BUY,2362,41.94,Commodity
5924,11,2024-10-07,SELL,4599,99.56,ETF
5925,11,2024-10-07,SELL,4825,99.81,ETF
5926,8,2024-10-07,BUY,1811,54.44,Equity
5927,11,2024-10-07,SELL,3810,99.45,ETF
5928,2,2024-10-07,SELL,4491,58.68,Equity
5929,2,2024-10-08,BUY,1389,59.04,Equity
5930,15,2024-10-08,BUY,1436,264.11,Currency
5931,13,2024-10-08,SELL,4401,43.62,Commodity
5932,4,2024-10-08,BUY,1673,99.56,Equity
5933,15,2024-10-08,SELL,3822,264.38,Currency
5934,14,2024-10-08,BUY,2262,85.9,Commodity
5935,7,2024-10-08,BUY,3471,397.61,Equity
5936,10,2024-10-08,BUY,1243,53.43,Equity
5937,10,2024-10-08,SELL,1673,53.46,Equity
5938,3,2024-10-08,BUY,55,112.7,Equity
5939,9,2024-10-08,SELL,1642,197.97,Equity
5940,8,2024-10-08,BUY,3609,53.66,Equity
5941,13,2024-10-08,BUY,3552,43.56,Commodity
5942,6,2024-10-08,SELL,4777,284.06,Equity
5943,6,2024-10-08,SELL,1762,284.6,Equity
5944,4,2024-10-08,SELL,2661,99.64,Equity
5945,8,2024-10-08,SELL,3077,53.72,Equity
5946,14,2024-10-08,BUY,4160,86.3,Commodity
5947,9,2024-10-08,BUY,42,198.61,Equity
5948,9,2024-10-08,BUY,4627,198.06,Equity
5949,2,2024-10-08,SELL,432,58.88,Equity
5950,10,2024-10-08,SELL,4008,53.37,Equity
5951,5,2024-10-08,BUY,3663,469.96,Equity
5952,13,2024-10-08,BUY,4796,43.7,Commodity
5953,7,2024-10-08,BUY,3712,398.92,Equity
5954,9,2024-10-08,BUY,302,198.08,Equity
5955,15,2024-10-08,SELL,1207,263.76,Currency
5956,12,2024-10-08,BUY,1759,218.39,Bond
5957,10,2024-10-08,SELL,32,53.57,Equity
5958,15,2024-10-08,SELL,3910,263.82,Currency
5959,2,2024-10-08,SELL,1387,59.1,Equity
5960,11,2024-10-09,BUY,2201,101.1,ETF
5961,2,2024-10-09,BUY,1044,58.99,Equity
5962,4,2024-10-09,BUY,785,99.92,Equity
5963,4,2024-10-09,SELL,3874,100.3,Equity
5964,5,2024-10-09,BUY,301,472.2,Equity
5965,12,2024-10-09,SELL,2168,219.08,Bond
5966,1,2024-10-09,BUY,893,422.41,Equity
5967,9,2024-10-09,BUY,4475,197.59,Equity
5968,13,2024-10-09,SELL,1550,41.8,Commodity
5969,8,2024-10-09,BUY,2482,54.76,Equity
5970,13,2024-10-09,BUY,353,42.03,Commodity
5971,12,2024-10-09,SELL,2838,218.91,Bond
5972,14,2024-10-09,BUY,4057,87.65,Commodity
5973,11,2024-10-09,SELL,4257,101.15,ETF
5974,9,2024-10-09,BUY,4883,198.66,Equity
5975,5,2024-10-09,SELL,3420,472.39,Equity
5976,5,2024-10-09,BUY,1408,471.07,Equity
5977,13,2024-10-09,SELL,2090,41.84,Commodity
5978,6,2024-10-09,BUY,2490,290.09,Equity
5979,8,2024-10-09,BUY,3986,54.58,Equity
5980,7,2024-10-09,SELL,4468,405.78,Equity
5981,13,2024-10-09,SELL,447,42.04,Commodity
5982,7,2024-10-09,SELL,705,406.67,Equity
5983,5,2024-10-09,SELL,218,470.77,Equity
5984,7,2024-10-09,BUY,833,404.84,Equity
5985,11,2024-10-09,SELL,949,101.43,ETF
5986,2,2024-10-09,BUY,3364,58.79,Equity
5987,7,2024-10-09,BUY,839,404.51,Equity
5988,14,2024-10-09,SELL,1345,87.53,Commodity
5989,2,2024-10-10,SELL,4605,59.56,Equity
5990,3,2024-10-10,BUY,1291,114.59,Equity
5991,4,2024-10-10,BUY,2565,100.59,Equity
5992,1,2024-10-10,BUY,2313,436.4,Equity
5993,3,2024-10-10,SELL,2443,114.56,Equity
5994,6,2024-10-10,SELL,4360,286.87,Equity
5995,5,2024-10-10,BUY,4705,480.49,Equity
5996,12,2024-10-10,BUY,4036,219.09,Bond
5997,5,2024-10-10,SELL,1136,480.47,Equity
5998,11,2024-10-10,BUY,569,101.98,ETF
5999,9,2024-10-10,SELL,313,196.46,Equity
6000,1,2024-10-10,SELL,2199,436.75,Equity
6001,1,2024-10-10,BUY,3638,436.47,Equity
6002,5,2024-10-10,SELL,3905,478.37,Equity
6003,10,2024-10-10,BUY,3584,56.06,Equity
6004,4,2024-10-10,SELL,1223,101.06,Equity
6005,2,2024-10-10,SELL,1194,59.8,Equity
6006,2,2024-10-10,SELL,212,59.63,Equity
6007,9,2024-10-10,BUY,1902,197.09,Equity
6008,11,2024-10-10,SELL,2569,102.02,ETF
6009,14,2024-10-10,BUY,4061,88.46,Commodity
6010,9,2024-10-10,BUY,4627,196.29,Equity
6011,8,2024-10-10,BUY,1813,53.96,Equity
6012,3,2024-10-10,SELL,4019,114.59,Equity
6013,11,2024-10-10,SELL,4670,101.74,ETF
6014,6,2024-10-11,SELL,806,292.63,Equity
6015,15,2024-10-11,SELL,416,269.42,Currency
6016,5,2024-10-11,SELL,1345,479.73,Equity
6017,5,2024-10-11,BUY,2310,481.24,Equity
6018,15,2024-10-11,SELL,3523,268.64,Currency
6019,15,2024-10-11,SELL,1797,269.12,Currency
6020,2,2024-10-11,BUY,747,59.76,Equity
6021,15,2024-10-11,BUY,3169,268.48,Currency
6022,6,2024-10-11,SELL,2932,293.01,Equity
6023,10,2024-10-11,SELL,2247,55.43,Equity
6024,6,2024-10-11,SELL,3783,292.52,Equity
6025,5,2024-10-11,SELL,3467,480.4,Equity
6026,7,2024-10-11,SELL,2103,415.75,Equity
6027,12,2024-10-11,BUY,1810,218.14,Bond
6028,9,2024-10-11,BUY,3229,194.52,Equity
6029,13,2024-10-11,SELL,109,42.97,Commodity
6030,5,2024-10-11,BUY,1332,479.29,Equity
6031,12,2024-10-11,SELL,2902,218.01,Bond
6032,3,2024-10-11,SELL,2360,116.24,Equity
6033,3,2024-10-11,BUY,2518,116.04,Equity
6034,1,2024-10-11,BUY,2336,437.61,Equity
6035,4,2024-10-11,SELL,361,103.02,Equity
6036,6,2024-10-11,BUY,4602,292.23,Equity
6037,6,2024-10-11,BUY,2408,292.59,Equity
6038,6,2024-10-14,BUY,4408,297.46,Equity
6039,8,2024-10-14,SELL,2905,54.23,Equity
6040,8,2024-10-14,BUY,307,54.27,Equity
6041,9,2024-10-14,BUY,2103,193.86,Equity
6042,9,2024-10-14,BUY,4089,194.17,Equity
6043,15,2024-10-14,SELL,492,271.0,Currency
6044,4,2024-10-14,SELL,2241,104.66,Equity
6045,6,2024-10-14,BUY,1726,297.47,Equity
6046,5,2024-10-14,BUY,1040,480.63,Equity
6047,10,2024-10-14,SELL,1445,55.17,Equity
6048,3,2024-10-14,BUY,4605,117.75,Equity
6049,6,2024-10-14,BUY,1576,297.61,Equity
6050,2,2024-10-14,BUY,802,60.0,Equity
6051,15,2024-10-14,SELL,4717,270.93,Currency
6052,15,2024-10-14,SELL,4683,271.19,Currency
6053,15,2024-10-14,SELL,584,270.91,Currency
6054,8,2024-10-14,BUY,3560,54.29,Equity
6055,6,2024-10-14,BUY,3115,297.29,Equity
6056,2,2024-10-14,BUY,904,60.1,Equity
6057,13,2024-10-14,BUY,1686,43.16,Commodity
6058,1,2024-10-14,BUY,1248,438.56,Equity
6059,9,2024-10-15,BUY,3261,195.4,Equity
6060,5,2024-10-15,SELL,1002,492.35,Equity
6061,3,2024-10-15,BUY,3437,119.31,Equity
6062,5,2024-10-15,BUY,527,491.26,Equity
6063,14,2024-10-15,SELL,3355,88.99,Commodity
6064,3,2024-10-15,SELL,956,119.16,Equity
6065,4,2024-10-15,SELL,128,102.7,Equity
6066,6,2024-10-15,BUY,4475,302.97,Equity
6067,15,2024-10-15,SELL,2877,268.44,Currency
6068,4,2024-10-15,SELL,2678,102.98,Equity
6069,10,2024-10-15,SELL,3789,56.24,Equity
6070,4,2024-10-15,BUY,1253,102.66,Equity
6071,13,2024-10-15,BUY,1522,44.31,Commodity
6072,5,2024-10-15,SELL,3119,493.02,Equity
6073,3,2024-10-15,BUY,1659,119.73,Equity
6074,13,2024-10-15,SELL,1470,44.25,Commodity
6075,4,2024-10-15,SELL,2122,102.6,Equity
6076,7,2024-10-15,BUY,639,414.86,Equity
6077,5,2024-10-15,SELL,934,493.02,Equity
6078,1,2024-10-15,SELL,4541,444.51,Equity
6079,9,2024-10-15,SELL,2121,196.41,Equity
6080,6,2024-10-15,BUY,1649,302.24,Equity
6081,1,2024-10-15,BUY,3938,444.57,Equity
6082,2,2024-10-15,BUY,1557,60.96,Equity
6083,4,2024-10-15,BUY,3521,103.15,Equity
6084,5,2024-10-15,BUY,3639,492.0,Equity
6085,1,2024-10-16,BUY,3682,453.0,Equity
6086,7,2024-10-16,SELL,4395,399.54,Equity
6087,6,2024-10-16,SELL,4193,301.99,Equity
6088,9,2024-10-16,SELL,4585,198.4,Equity
6089,15,2024-10-16,SELL,732,269.31,Currency
6090,15,2024-10-16,SELL,4279,269.87,Currency
6091,1,2024-10-16,SELL,47,452.5,Equity
6092,4,2024-10-16,BUY,4895,102.77,Equity
6093,14,2024-10-16,BUY,4643,87.63,Commodity
6094,11,2024-10-16,SELL,3175,102.98,ETF
6095,4,2024-10-16,SELL,3500,102.98,Equity
6096,4,2024-10-16,BUY,1760,103.2,Equity
6097,12,2024-10-16,SELL,1472,218.29,Bond
6098,7,2024-10-16,BUY,1683,400.51,Equity
6099,8,2024-10-16,SELL,2531,54.05,Equity
6100,2,2024-10-16,BUY,1497,60.49,Equity
6101,4,2024-10-16,SELL,4989,103.24,Equity
6102,12,2024-10-16,BUY,1872,218.13,Bond
6103,3,2024-10-16,SELL,1404,116.46,Equity
6104,12,2024-10-16,BUY,4373,218.55,Bond
6105,2,2024-10-16,SELL,3423,60.59,Equity
6106,10,2024-10-16,SELL,122,57.26,Equity
6107,3,2024-10-16,SELL,2316,116.31,Equity
6108,8,2024-10-16,BUY,3160,53.98,Equity
6109,2,2024-10-16,BUY,1973,60.58,Equity
6110,9,2024-10-16,BUY,4834,198.46,Equity
6111,5,2024-10-16,SELL,1080,497.39,Equity
6112,6,2024-10-16,BUY,3335,301.64,Equity
6113,5,2024-10-16,BUY,4859,497.44,Equity
6114,13,2024-10-16,BUY,3199,44.85,Commodity
6115,12,2024-10-16,BUY,3469,217.64,Bond
6116,12,2024-10-16,BUY,1895,218.2,Bond
6117,10,2024-10-16,BUY,4804,57.26,Equity
6118,15,2024-10-16,SELL,2292,269.65,Currency
6119,5,2024-10-16,SELL,3447,498.84,Equity
6120,12,2024-10-16,BUY,1583,218.25,Bond
6121,11,2024-10-17,SELL,4141,103.55,ETF
6122,7,2024-10-17,SELL,4781,398.44,Equity
6123,10,2024-10-17,SELL,4238,58.83,Equity
6124,11,2024-10-17,BUY,4975,103.39,ETF
6125,5,2024-10-17,SELL,2341,473.91,Equity
6126,15,2024-10-17,BUY,3783,270.55,Currency
6127,10,2024-10-17,SELL,4960,58.82,Equity
6128,11,2024-10-17,BUY,4821,103.15,ETF
6129,14,2024-10-17,BUY,3280,87.36,Commodity
6130,11,2024-10-17,SELL,3866,103.09,ETF
6131,2,2024-10-17,BUY,4453,58.92,Equity
6132,5,2024-10-17,SELL,365,474.51,Equity
6133,2,2024-10-17,SELL,3673,59.02,Equity
6134,1,2024-10-17,BUY,1640,457.64,Equity
6135,10,2024-10-17,SELL,913,58.96,Equity
6136,3,2024-10-17,SELL,4204,114.65,Equity
6137,3,2024-10-17,SELL,2159,114.69,Equity
6138,3,2024-10-17,SELL,970,114.51,Equity
6139,9,2024-10-17,BUY,2177,199.05,Equity
6140,10,2024-10-17,BUY,1449,59.12,Equity
6141,14,2024-10-17,SELL,959,87.29,Commodity
6142,11,2024-10-17,SELL,2515,103.46,ETF
6143,11,2024-10-17,SELL,3643,103.57,ETF
6144,7,2024-10-17,BUY,3217,398.82,Equity
6145,14,2024-10-17,BUY,3854,87.22,Commodity
6146,8,2024-10-17,BUY,1353,55.6,Equity
6147,8,2024-10-17,BUY,1345,55.65,Equity
6148,7,2024-10-17,BUY,919,399.76,Equity
6149,3,2024-10-17,BUY,1804,114.74,Equity
6150,6,2024-10-17,BUY,1978,287.44,Equity
6151,15,2024-10-17,SELL,2721,269.88,Currency
6152,13,2024-10-17,SELL,1501,46.19,Commodity
6153,6,2024-10-17,BUY,2177,285.82,Equity
6154,6,2024-10-17,SELL,1433,286.17,Equity
6155,13,2024-10-17,SELL,4887,46.01,Commodity
6156,15,2024-10-17,SELL,2943,270.0,Currency
6157,3,2024-10-17,BUY,3605,114.4,Equity
6158,1,2024-10-17,BUY,2999,459.13,Equity
6159,13,2024-10-17,SELL,2919,46.15,Commodity
6160,6,2024-10-17,SELL,2343,286.0,Equity
6161,6,2024-10-18,SELL,4122,287.57,Equity
6162,8,2024-10-18,BUY,4743,55.93,Equity
6163,10,2024-10-18,SELL,3679,59.73,Equity
6164,11,2024-10-18,SELL,1940,102.83,ETF
6165,14,2024-10-18,SELL,1775,86.63,Commodity
6166,1,2024-10-18,BUY,618,450.42,Equity
6167,10,2024-10-18,SELL,2926,59.95,Equity
6168,8,2024-10-18,SELL,1557,55.94,Equity
6169,15,2024-10-18,SELL,988,268.36,Currency
6170,7,2024-10-18,BUY,588,397.96,Equity
6171,12,2024-10-18,SELL,3882,217.63,Bond
6172,9,2024-10-18,SELL,1690,195.02,Equity
6173,14,2024-10-18,SELL,427,86.67,Commodity
6174,1,2024-10-18,BUY,3400,450.29,Equity
6175,14,2024-10-18,SELL,451,86.62,Commodity
6176,11,2024-10-18,SELL,964,102.97,ETF
6177,6,2024-10-18,SELL,172,286.89,Equity
6178,13,2024-10-18,BUY,4363,45.29,Commodity
6179,7,2024-10-18,SELL,4484,396.65,Equity
6180,3,2024-10-18,SELL,3207,115.34,Equity
6181,8,2024-10-18,BUY,3795,55.98,Equity
6182,1,2024-10-21,BUY,2024,452.79,Equity
6183,2,2024-10-21,BUY,3071,60.57,Equity
6184,13,2024-10-21,BUY,4336,45.77,Commodity
6185,14,2024-10-21,BUY,3065,88.21,Commodity
6186,2,2024-10-21,SELL,4644,60.42,Equity
6187,6,2024-10-21,BUY,176,289.87,Equity
6188,1,2024-10-21,SELL,2200,452.99,Equity
6189,5,2024-10-21,BUY,3882,467.2,Equity
6190,2,2024-10-21,BUY,2634,60.34,Equity
6191,5,2024-10-21,SELL,881,465.62,Equity
6192,14,2024-10-21,SELL,2749,88.26,Commodity
6193,15,2024-10-21,SELL,256,268.51,Currency
6194,8,2024-10-21,BUY,450,55.42,Equity
6195,9,2024-10-21,BUY,948,196.2,Equity
6196,1,2024-10-21,BUY,4880,451.37,Equity
6197,2,2024-10-21,BUY,3562,60.49,Equity
6198,6,2024-10-21,BUY,2896,290.22,Equity
6199,3,2024-10-21,BUY,2163,115.85,Equity
6200,13,2024-10-21,BUY,4519,45.8,Commodity
6201,1,2024-10-21,SELL,624,452.87,Equity
6202,14,2024-10-21,BUY,4009,88.62,Commodity
6203,13,2024-10-21,SELL,3148,45.86,Commodity
6204,1,2024-10-21,BUY,3156,452.48,Equity
6205,7,2024-10-21,BUY,2823,395.38,Equity
6206,1,2024-10-21,SELL,2383,450.49,Equity
6207,2,2024-10-21,BUY,4436,60.34,Equity
6208,9,2024-10-21,SELL,190,196.91,Equity
6209,12,2024-10-21,BUY,2417,218.31,Bond
6210,1,2024-10-21,SELL,176,451.16,Equity
6211,15,2024-10-21,BUY,2641,267.6,Currency
6212,8,2024-10-21,BUY,1209,55.67,Equity
6213,7,2024-10-21,BUY,2884,395.82,Equity
6214,6,2024-10-21,BUY,1280,289.33,Equity
6215,2,2024-10-22,BUY,2144,58.94,Equity
6216,15,2024-10-22,BUY,1143,267.88,Currency
6217,9,2024-10-22,BUY,3161,204.44,Equity
6218,12,2024-10-22,BUY,2696,219.33,Bond
6219,3,2024-10-22,SELL,1974,116.67,Equity
6220,14,2024-10-22,SELL,4110,87.63,Commodity
6221,7,2024-10-22,BUY,3362,383.85,Equity
6222,10,2024-10-22,SELL,2672,61.81,Equity
6223,9,2024-10-22,SELL,3606,204.05,Equity
6224,10,2024-10-22,BUY,670,61.76,Equity
6225,8,2024-10-22,SELL,2716,55.45,Equity
6226,3,2024-10-22,BUY,4879,116.81,Equity
6227,14,2024-10-22,SELL,4989,87.48,Commodity
6228,4,2024-10-22,BUY,3802,101.9,Equity
6229,9,2024-10-22,SELL,2704,204.54,Equity
6230,14,2024-10-22,SELL,2061,87.66,Commodity
6231,12,2024-10-22,BUY,1391,219.15,Bond
6232,4,2024-10-22,BUY,3944,102.0,Equity
6233,8,2024-10-22,BUY,2546,55.48,Equity
6234,14,2024-10-22,SELL,269,87.69,Commodity
6235,11,2024-10-22,BUY,4566,102.65,ETF
6236,14,2024-10-22,BUY,634,87.61,Commodity
6237,7,2024-10-23,BUY,268,374.8,Equity
6238,13,2024-10-23,BUY,1804,46.83,Commodity
6239,1,2024-10-23,BUY,917,436.41,Equity
6240,8,2024-10-23,BUY,4176,55.26,Equity
6241,5,2024-10-23,SELL,2082,474.01,Equity
6242,14,2024-10-23,BUY,1108,86.63,Commodity
6243,8,2024-10-23,BUY,742,55.37,Equity
6244,15,2024-10-23,BUY,4620,268.03,Currency
6245,6,2024-10-23,BUY,718,282.27,Equity
6246,5,2024-10-23,SELL,1090,474.43,Equity
6247,15,2024-10-23,BUY,590,267.59,Currency
6248,6,2024-10-23,BUY,2467,283.63,Equity
6249,3,2024-10-23,BUY,11,113.88,Equity
6250,9,2024-10-23,SELL,3461,203.73,Equity
6251,13,2024-10-23,BUY,2535,46.77,Commodity
6252,15,2024-10-23,SELL,1366,267.19,Currency
6253,9,2024-10-23,SELL,2680,204.52,Equity
6254,7,2024-10-23,BUY,650,375.55,Equity
6255,5,2024-10-23,BUY,2918,474.1,Equity
6256,9,2024-10-23,BUY,377,204.25,Equity
6257,8,2024-10-23,BUY,1182,55.2,Equity
6258,14,2024-10-23,BUY,4850,86.8,Commodity
6259,10,2024-10-23,BUY,1950,62.06,Equity
6260,8,2024-10-23,SELL,2033,55.07,Equity
6261,1,2024-10-23,BUY,2623,438.11,Equity
6262,4,2024-10-23,SELL,2618,98.79,Equity
6263,10,2024-10-23,BUY,1717,62.02,Equity
6264,9,2024-10-23,SELL,946,204.22,Equity
6265,6,2024-10-23,BUY,2431,283.24,Equity
6266,1,2024-10-23,BUY,4064,436.99,Equity
6267,14,2024-10-23,SELL,3884,86.52,Commodity
6268,10,2024-10-23,SELL,4284,62.09,Equity
6269,2,2024-10-23,BUY,4309,59.26,Equity
6270,3,2024-10-23,BUY,394,114.18,Equity
6271,6,2024-10-24,SELL,2616,284.79,Equity
6272,11,2024-10-24,SELL,379,101.7,ETF
6273,6,2024-10-24,BUY,3598,285.43,Equity
6274,7,2024-10-24,SELL,3929,363.09,Equity
6275,3,2024-10-24,SELL,2231,115.51,Equity
6276,7,2024-10-24,BUY,3990,363.24,Equity
6277,3,2024-10-24,SELL,1768,115.76,Equity
6278,13,2024-10-24,SELL,1050,45.59,Commodity
6279,1,2024-10-24,SELL,3743,428.86,Equity
6280,3,2024-10-24,BUY,3311,115.69,Equity
6281,12,2024-10-24,SELL,1483,219.36,Bond
6282,11,2024-10-24,SELL,4289,101.93,ETF
6283,12,2024-10-24,BUY,3922,218.86,Bond
6284,3,2024-10-24,BUY,2185,115.22,Equity
6285,9,2024-10-24,SELL,2395,209.37,Equity
6286,14,2024-10-24,BUY,3313,87.39,Commodity
6287,9,2024-10-24,SELL,4158,210.22,Equity
6288,10,2024-10-24,BUY,1202,63.52,Equity
6289,2,2024-10-24,BUY,1555,59.09,Equity
6290,15,2024-10-24,SELL,2445,265.96,Currency
6291,8,2024-10-24,SELL,1732,55.89,Equity
6292,13,2024-10-25,SELL,3420,45.86,Commodity
6293,6,2024-10-25,BUY,2330,278.46,Equity
6294,3,2024-10-25,SELL,213,120.02,Equity
6295,5,2024-10-25,SELL,800,463.79,Equity
6296,4,2024-10-25,BUY,3489,105.32,Equity
6297,12,2024-10-25,SELL,2367,219.18,Bond
6298,8,2024-10-25,BUY,445,56.41,Equity
6299,4,2024-10-25,SELL,4812,104.87,Equity
6300,14,2024-10-25,SELL,2187,85.48,Commodity
6301,2,2024-10-25,BUY,330,58.42,Equity
6302,14,2024-10-25,SELL,185,85.27,Commodity
6303,11,2024-10-25,BUY,4395,102.4,ETF
6304,7,2024-10-25,BUY,1089,351.18,Equity
6305,11,2024-10-25,BUY,4088,101.97,ETF
6306,15,2024-10-25,BUY,3605,269.06,Currency
6307,5,2024-10-25,BUY,518,464.0,Equity
6308,4,2024-10-25,BUY,4609,105.46,Equity
6309,8,2024-10-25,SELL,1205,56.44,Equity
6310,14,2024-10-25,SELL,3217,85.55,Commodity
6311,4,2024-10-25,SELL,2591,105.43,Equity
6312,9,2024-10-25,SELL,518,208.4,Equity
6313,6,2024-10-25,BUY,377,278.82,Equity
6314,13,2024-10-25,SELL,2230,45.95,Commodity
6315,12,2024-10-25,SELL,3195,218.53,Bond
6316,7,2024-10-25,SELL,4798,350.01,Equity
6317,2,2024-10-25,BUY,3623,58.3,Equity
6318,10,2024-10-25,SELL,1171,64.41,Equity
6319,8,2024-10-25,BUY,4214,56.53,Equity
6320,1,2024-10-25,SELL,4148,418.54,Equity
6321,12,2024-10-25,SELL,1159,219.23,Bond
6322,2,2024-10-25,SELL,2101,58.46,Equity
6323,15,2024-10-25,SELL,2136,268.5,Currency
6324,4,2024-10-25,BUY,1108,105.28,Equity
6325,9,2024-10-25,BUY,4802,209.17,Equity
6326,4,2024-10-25,SELL,4551,105.42,Equity
6327,4,2024-10-25,BUY,300,105.06,Equity
6328,4,2024-10-25,SELL,1186,105.48,Equity
6329,15,2024-10-28,SELL,4655,269.51,Currency
6330,6,2024-10-28,BUY,4944,277.92,Equity
6331,4,2024-10-28,BUY,2824,105.41,Equity
6332,2,2024-10-28,SELL,3122,57.92,Equity
6333,5,2024-10-28,BUY,2309,462.0,Equity
6334,7,2024-10-28,BUY,237,358.39,Equity
6335,1,2024-10-28,SELL,543,409.47,Equity
6336,12,2024-10-28,BUY,3088,218.95,Bond
6337,10,2024-10-28,BUY,1226,65.92,Equity
6338,9,2024-10-28,SELL,2666,208.21,Equity
6339,7,2024-10-28,SELL,934,357.23,Equity
6340,1,2024-10-28,BUY,4543,408.24,Equity
6341,8,2024-10-28,SELL,476,56.04,Equity
6342,14,2024-10-28,SELL,2474,82.48,Commodity
6343,4,2024-10-28,SELL,622,105.17,Equity
6344,2,2024-10-28,SELL,1370,58.13,Equity
6345,11,2024-10-28,SELL,808,102.29,ETF
6346,15,2024-10-28,BUY,1078,269.82,Currency
6347,6,2024-10-28,BUY,556,276.75,Equity
6348,13,2024-10-28,BUY,1749,44.56,Commodity
6349,4,2024-10-28,BUY,379,105.49,Equity
6350,1,2024-10-28,BUY,1318,410.07,Equity
6351,13,2024-10-28,SELL,4942,44.63,Commodity
6352,12,2024-10-28,SELL,3787,219.13,Bond
6353,12,2024-10-28,SELL,3020,219.41,Bond
6354,12,2024-10-28,SELL,852,218.86,Bond
6355,10,2024-10-28,SELL,3040,65.75,Equity
6356,8,2024-10-28,BUY,2774,55.93,Equity
6357,5,2024-10-28,BUY,1591,460.82,Equity
6358,5,2024-10-28,SELL,662,459.98,Equity
6359,4,2024-10-28,BUY,4869,105.38,Equity
6360,15,2024-10-28,SELL,2626,269.9,Currency
6361,12,2024-10-28,BUY,3077,219.26,Bond
6362,14,2024-10-28,SELL,1036,82.2,Commodity
6363,6,2024-10-28,BUY,2133,276.64,Equity
6364,4,2024-10-28,SELL,1670,105.15,Equity
6365,15,2024-10-28,SELL,4334,270.57,Currency
6366,14,2024-10-28,BUY,1936,82.22,Commodity
6367,4,2024-10-28,BUY,98,105.27,Equity
6368,2,2024-10-28,BUY,893,57.89,Equity
6369,12,2024-10-29,BUY,4045,218.86,Bond
6370,4,2024-10-29,SELL,3855,107.2,Equity
6371,10,2024-10-29,BUY,4201,63.62,Equity
6372,2,2024-10-29,BUY,3044,60.77,Equity
6373,3,2024-10-29,BUY,635,116.5,Equity
6374,2,2024-10-29,BUY,4241,60.72,Equity
6375,10,2024-10-29,BUY,410,63.74,Equity
6376,10,2024-10-29,BUY,1803,63.63,Equity
6377,10,2024-10-29,BUY,1552,63.75,Equity
6378,11,2024-10-29,BUY,4985,102.64,ETF
6379,13,2024-10-29,SELL,182,44.3,Commodity
6380,14,2024-10-29,BUY,4612,83.35,Commodity
6381,11,2024-10-29,BUY,4479,102.37,ETF
6382,4,2024-10-29,BUY,2613,107.33,Equity
6383,11,2024-10-29,SELL,1478,102.9,ETF
6384,4,2024-10-29,SELL,4150,107.2,Equity
6385,1,2024-10-29,SELL,4456,414.29,Equity
6386,13,2024-10-29,SELL,3991,44.43,Commodity
6387,14,2024-10-29,SELL,4108,83.09,Commodity
6388,7,2024-10-29,SELL,4670,365.04,Equity
6389,5,2024-10-29,SELL,3440,482.26,Equity
6390,3,2024-10-29,BUY,2831,116.58,Equity
6391,9,2024-10-29,SELL,2236,212.38,Equity
6392,1,2024-10-29,BUY,3874,413.06,Equity
6393,3,2024-10-29,BUY,3979,116.56,Equity
6394,5,2024-10-29,BUY,1262,484.19,Equity
6395,11,2024-10-29,SELL,4551,102.65,ETF
6396,1,2024-10-29,BUY,2477,414.14,Equity
6397,9,2024-10-29,BUY,3300,211.97,Equity
6398,11,2024-10-29,BUY,2761,102.84,ETF
6399,7,2024-10-29,SELL,4183,365.76,Equity
6400,11,2024-10-29,BUY,2247,102.33,ETF
6401,4,2024-10-29,SELL,4423,107.29,Equity
6402,15,2024-10-29,SELL,2280,270.61,Currency
6403,7,2024-10-29,SELL,4652,366.73,Equity
6404,14,2024-10-29,BUY,1421,83.52,Commodity
6405,4,2024-10-29,BUY,2144,106.96,Equity
6406,8,2024-10-29,BUY,4161,54.52,Equity
6407,2,2024-10-29,SELL,2953,60.86,Equity
6408,15,2024-10-29,SELL,3352,271.4,Currency
6409,5,2024-10-30,SELL,3196,479.4,Equity
6410,11,2024-10-30,SELL,4804,101.29,ETF
6411,12,2024-10-30,SELL,3865,219.65,Bond
6412,8,2024-10-30,BUY,3156,53.86,Equity
6413,5,2024-10-30,BUY,1450,478.81,Equity
6414,4,2024-10-30,SELL,4837,106.74,Equity
6415,7,2024-10-30,SELL,4278,364.83,Equity
6416,6,2024-10-30,BUY,1466,272.45,Equity
6417,10,2024-10-30,SELL,197,65.02,Equity
6418,5,2024-10-30,SELL,1766,479.58,Equity
6419,13,2024-10-30,SELL,4385,43.64,Commodity
6420,5,2024-10-30,SELL,553,479.87,Equity
6421,8,2024-10-30,SELL,2657,53.96,Equity
6422,6,2024-10-30,SELL,3308,271.86,Equity
6423,3,2024-10-30,SELL,1759,118.61,Equity
6424,10,2024-10-30,BUY,307,65.14,Equity
6425,10,2024-10-30,SELL,1927,65.04,Equity
6426,1,2024-10-30,BUY,3483,417.56,Equity
6427,10,2024-10-30,BUY,3820,64.97,Equity
6428,7,2024-10-30,SELL,2064,364.57,Equity
6429,5,2024-10-30,BUY,4651,480.37,Equity
6430,8,2024-10-30,BUY,2635,53.93,Equity
6431,13,2024-10-30,BUY,912,43.69,Commodity
6432,11,2024-10-30,BUY,1702,101.37,ETF
6433,13,2024-10-30,SELL,1872,43.7,Commodity
6434,13,2024-10-30,SELL,1108,43.76,Commodity
6435,8,2024-10-30,SELL,3470,54.04,Equity
6436,2,2024-10-30,SELL,1930,61.87,Equity
6437,1,2024-10-30,BUY,3214,418.91,Equity
6438,2,2024-10-31,SELL,4275,60.54,Equity
6439,14,2024-10-31,BUY,3132,82.7,Commodity
6440,3,2024-10-31,BUY,696,116.56,Equity
6441,12,2024-10-31,SELL,3857,219.62,Bond
6442,12,2024-10-31,SELL,3440,219.18,Bond
6443,1,2024-10-31,SELL,2388,408.24,Equity
6444,12,2024-10-31,BUY,749,219.67,Bond
6445,7,2024-10-31,BUY,3859,364.93,Equity
6446,4,2024-10-31,SELL,388,107.06,Equity
6447,9,2024-10-31,BUY,2326,204.87,Equity
6448,13,2024-10-31,SELL,2108,45.53,Commodity
6449,15,2024-10-31,BUY,4131,270.5,Currency
6450,3,2024-10-31,SELL,661,116.98,Equity
6451,15,2024-10-31,BUY,1595,270.6,Currency
6452,10,2024-10-31,SELL,4316,63.88,Equity
6453,9,2024-10-31,BUY,3834,204.69,Equity
6454,4,2024-10-31,SELL,1729,107.52,Equity
6455,5,2024-10-31,SELL,1918,483.11,Equity
6456,12,2024-10-31,BUY,4368,220.04,Bond
6457,13,2024-10-31,SELL,4412,45.71,Commodity
6458,6,2024-10-31,SELL,3880,272.87,Equity
6459,5,2024-11-01,SELL,3785,480.95,Equity
6460,14,2024-11-01,SELL,1525,82.14,Commodity
6461,11,2024-11-01,SELL,4888,101.02,ETF
6462,2,2024-11-01,BUY,3632,58.65,Equity
6463,4,2024-11-01,BUY,3483,109.02,Equity
6464,2,2024-11-01,BUY,890,58.74,Equity
6465,5,2024-11-01,BUY,1807,481.9,Equity
6466,10,2024-11-01,SELL,3713,62.68,Equity
6467,1,2024-11-01,SELL,853,405.13,Equity
6468,12,2024-11-01,SELL,4437,218.53,Bond
6469,7,2024-11-01,BUY,1784,369.05,Equity
6470,4,2024-11-01,BUY,2005,108.97,Equity
6471,13,2024-11-01,BUY,3274,44.84,Commodity
6472,15,2024-11-01,SELL,3710,269.21,Currency
6473,6,2024-11-01,SELL,4114,264.01,Equity
6474,14,2024-11-01,BUY,2326,82.0,Commodity
6475,13,2024-11-01,BUY,4899,44.93,Commodity
6476,10,2024-11-01,SELL,3771,62.59,Equity
6477,1,2024-11-01,BUY,4690,405.51,Equity
6478,7,2024-11-01,SELL,3632,369.44,Equity
6479,14,2024-11-01,BUY,4052,82.38,Commodity
6480,11,2024-11-01,BUY,3193,100.84,ETF
6481,1,2024-11-01,SELL,4774,405.79,Equity
6482,1,2024-11-01,SELL,4380,406.83,Equity
6483,11,2024-11-01,BUY,144,100.76,ETF
6484,15,2024-11-01,BUY,2003,269.53,Currency
6485,15,2024-11-01,BUY,895,270.16,Currency
6486,4,2024-11-01,SELL,1077,108.92,Equity
6487,9,2024-11-01,BUY,679,206.03,Equity
6488,13,2024-11-01,BUY,3110,44.85,Commodity
6489,7,2024-11-01,SELL,2352,370.11,Equity
6490,15,2024-11-01,SELL,3378,269.81,Currency
6491,4,2024-11-01,BUY,1194,109.35,Equity
6492,15,2024-11-01,SELL,194,269.28,Currency
6493,7,2024-11-04,SELL,4289,364.73,Equity
6494,14,2024-11-04,SELL,4112,82.74,Commodity
6495,14,2024-11-04,BUY,3076,82.6,Commodity
6496,5,2024-11-04,SELL,2359,482.25,Equity
6497,1,2024-11-04,BUY,4377,388.11,Equity
6498,12,2024-11-04,BUY,1848,216.89,Bond
6499,4,2024-11-04,SELL,780,108.75,Equity
6500,14,2024-11-04,BUY,2338,82.41,Commodity
6501,9,2024-11-04,BUY,1015,205.13,Equity
6502,12,2024-11-04,SELL,1469,217.36,Bond
6503,10,2024-11-04,BUY,4396,63.48,Equity
6504,5,2024-11-04,BUY,4693,482.89,Equity
6505,13,2024-11-04,SELL,2602,45.2,Commodity
6506,9,2024-11-04,SELL,1924,205.6,Equity
6507,6,2024-11-04,BUY,1450,265.56,Equity
6508,1,2024-11-04,SELL,1133,386.0,Equity
6509,14,2024-11-04,SELL,4682,82.65,Commodity
6510,11,2024-11-04,BUY,2713,100.84,ETF
6511,3,2024-11-04,BUY,1239,117.67,Equity
6512,11,2024-11-04,BUY,1901,100.71,ETF
6513,15,2024-11-04,BUY,1949,270.6,Currency
6514,12,2024-11-04,BUY,3810,217.19,Bond
6515,15,2024-11-04,BUY,497,269.96,Currency
6516,5,2024-11-04,BUY,3360,482.53,Equity
6517,3,2024-11-04,BUY,4600,118.15,Equity
6518,6,2024-11-04,SELL,3010,264.14,Equity
6519,11,2024-11-04,BUY,1445,101.08,ETF
6520,14,2024-11-04,BUY,320,82.65,Commodity
6521,12,2024-11-04,BUY,1058,217.54,Bond
6522,5,2024-11-04,SELL,4863,482.07,Equity
6523,1,2024-11-04,SELL,837,385.8,Equity
6524,6,2024-11-04,SELL,3990,264.16,Equity
6525,2,2024-11-04,BUY,3348,56.55,Equity
6526,13,2024-11-04,SELL,2255,45.33,Commodity
6527,6,2024-11-04,BUY,1024,264.88,Equity
6528,3,2024-11-04,BUY,2365,117.56,Equity
6529,11,2024-11-04,BUY,4737,100.83,ETF
6530,2,2024-11-04,BUY,1051,56.54,Equity
6531,4,2024-11-04,BUY,1001,108.27,Equity
6532,10,2024-11-04,BUY,4435,63.39,Equity
6533,15,2024-11-05,BUY,2329,268.43,Currency
6534,8,2024-11-05,BUY,2606,54.23,Equity
6535,3,2024-11-05,BUY,2211,120.4,Equity
6536,13,2024-11-05,BUY,3225,46.81,Commodity
6537,1,2024-11-05,BUY,4922,379.82,Equity
6538,10,2024-11-05,SELL,1842,64.62,Equity
6539,2,2024-11-05,BUY,2702,55.18,Equity
6540,9,2024-11-05,SELL,1477,207.37,Equity
6541,14,2024-11-05,BUY,2412,81.22,Commodity
6542,14,2024-11-05,BUY,2661,81.18,Commodity
6543,12,2024-11-05,SELL,1010,217.98,Bond
6544,10,2024-11-05,SELL,4977,64.66,Equity
6545,14,2024-11-05,BUY,3987,80.96,Commodity
6546,1,2024-11-05,BUY,4880,379.81,Equity
6547,12,2024-11-05,BUY,894,217.62,Bond
6548,13,2024-11-05,BUY,943,46.8,Commodity
6549,12,2024-11-05,SELL,434,217.27,Bond
6550,5,2024-11-05,BUY,20,484.17,Equity
6551,5,2024-11-05,BUY,234,482.63,Equity
6552,11,2024-11-05,SELL,3126,99.63,ETF
6553,11,2024-11-05,BUY,219,99.43,ETF
6554,4,2024-11-05,BUY,4063,108.67,Equity
6555,13,2024-11-05,SELL,1198,46.75,Commodity
6556,11,2024-11-05,BUY,3742,99.14,ETF
6557,11,2024-11-05,BUY,430,99.51,ETF
6558,11,2024-11-05,SELL,3112,99.27,ETF
6559,12,2024-11-05,SELL,784,218.32,Bond
6560,7,2024-11-05,SELL,597,355.09,Equity
6561,3,2024-11-05,SELL,2555,120.42,Equity
6562,12,2024-11-05,BUY,803,217.46,Bond
6563,6,2024-11-05,SELL,1079,268.83,Equity
6564,4,2024-11-05,BUY,1362,108.75,Equity
6565,11,2024-11-05,SELL,366,99.34,ETF
6566,4,2024-11-05,BUY,3254,108.91,Equity
6567,14,2024-11-05,SELL,4524,81.18,Commodity
6568,14,2024-11-05,BUY,4715,80.86,Commodity
6569,12,2024-11-06,BUY,1164,217.71,Bond
6570,6,2024-11-06,SELL,379,263.29,Equity
6571,3,2024-11-06,SELL,766,122.92,Equity
6572,7,2024-11-06,SELL,2628,348.65,Equity
6573,2,2024-11-06,SELL,3547,56.03,Equity
6574,3,2024-11-06,BUY,2815,123.19,Equity
6575,5,2024-11-06,BUY,156,490.23,Equity
6576,5,2024-11-06,SELL,4461,489.58,Equity
6577,8,2024-11-06,BUY,2329,55.6,Equity
6578,1,2024-11-06,SELL,3569,387.28,Equity
6579,13,2024-11-06,SELL,797,46.17,Commodity
6580,3,2024-11-06,BUY,1404,122.9,Equity
6581,9,2024-11-06,BUY,2579,206.32,Equity
6582,4,2024-11-06,SELL,2953,106.32,Equity
6583,9,2024-11-06,SELL,1717,205.33,Equity
6584,11,2024-11-06,BUY,3430,97.68,ETF
6585,9,2024-11-06,BUY,1725,205.45,Equity
6586,12,2024-11-06,BUY,419,217.65,Bond
6587,12,2024-11-06,BUY,364,217.84,Bond
6588,7,2024-11-06,SELL,2779,348.5,Equity
6589,1,2024-11-06,BUY,2125,387.17,Equity
6590,9,2024-11-07,SELL,3590,208.35,Equity
6591,10,2024-11-07,SELL,656,67.28,Equity
6592,8,2024-11-07,SELL,2006,55.34,Equity
6593,13,2024-11-07,SELL,294,46.58,Commodity
6594,15,2024-11-07,SELL,2474,268.04,Currency
6595,12,2024-11-07,BUY,153,218.96,Bond
6596,5,2024-11-07,SELL,3002,489.75,Equity
6597,10,2024-11-07,BUY,1505,67.35,Equity
6598,4,2024-11-07,BUY,811,103.06,Equity
6599,15,2024-11-07,SELL,4791,267.12,Currency
6600,5,2024-11-07,BUY,1515,491.43,Equity
6601,4,2024-11-07,BUY,4706,102.77,Equity
6602,9,2024-11-07,SELL,2434,208.1,Equity
6603,15,2024-11-07,SELL,1808,266.65,Currency
6604,5,2024-11-07,SELL,2804,489.03,Equity
6605,13,2024-11-07,SELL,3626,46.66,Commodity
6606,11,2024-11-07,SELL,2345,98.23,ETF
6607,7,2024-11-07,BUY,4485,353.81,Equity
6608,3,2024-11-07,BUY,119,125.72,Equity
6609,6,2024-11-07,BUY,2858,269.23,Equity
6610,2,2024-11-07,BUY,4138,56.49,Equity
6611,15,2024-11-07,SELL,3132,266.9,Currency
6612,2,2024-11-07,BUY,3565,56.62,Equity
6613,7,2024-11-07,SELL,3031,353.47,Equity
6614,15,2024-11-07,SELL,1833,266.65,Currency
6615,15,2024-11-07,SELL,1593,266.97,Currency
6616,10,2024-11-07,BUY,655,67.19,Equity
6617,14,2024-11-07,SELL,114,84.34,Commodity
6618,15,2024-11-07,SELL,2709,267.8,Currency
6619,10,2024-11-07,SELL,761,67.16,Equity
6620,12,2024-11-08,SELL,1735,219.19,Bond
6621,3,2024-11-08,BUY,3148,125.22,Equity
6622,6,2024-11-08,SELL,3755,273.67,Equity
6623,2,2024-11-08,SELL,1013,58.17,Equity
6624,15,2024-11-08,SELL,2991,267.1,Currency
6625,7,2024-11-08,SELL,3803,345.9,Equity
6626,1,2024-11-08,SELL,1751,393.33,Equity
6627,6,2024-11-08,SELL,4177,273.88,Equity
6628,8,2024-11-08,BUY,700,54.96,Equity
6629,10,2024-11-08,SELL,3774,67.19,Equity
6630,10,2024-11-08,BUY,1514,67.07,Equity
6631,10,2024-11-08,SELL,1274,67.05,Equity
6632,5,2024-11-08,BUY,3475,475.64,Equity
6633,3,2024-11-08,SELL,694,124.87,Equity
6634,3,2024-11-08,BUY,4078,125.06,Equity
6635,5,2024-11-08,SELL,3674,475.72,Equity
6636,2,2024-11-08,SELL,1777,57.96,Equity
6637,4,2024-11-08,SELL,467,100.52,Equity
6638,8,2024-11-08,SELL,3924,55.07,Equity
6639,11,2024-11-08,BUY,3022,96.63,ETF
6640,12,2024-11-08,SELL,309,219.01,Bond
6641,15,2024-11-08,BUY,3517,267.51,Currency
6642,13,2024-11-08,SELL,2544,46.63,Commodity
6643,15,2024-11-08,BUY,3227,266.6,Currency
6644,14,2024-11-08,SELL,3139,83.85,Commodity
6645,13,2024-11-08,SELL,3093,46.46,Commodity
6646,9,2024-11-08,SELL,3711,209.51,Equity
6647,5,2024-11-08,SELL,220,474.5,Equity
6648,7,2024-11-08,BUY,1394,346.89,Equity
6649,3,2024-11-08,SELL,3325,124.75,Equity
6650,8,2024-11-08,BUY,1171,54.97,Equity
6651,4,2024-11-08,SELL,3182,100.9,Equity
6652,7,2024-11-11,SELL,3754,344.49,Equity
6653,10,2024-11-11,BUY,3105,68.32,Equity
6654,13,2024-11-11,BUY,4012,46.24,Commodity
6655,8,2024-11-11,SELL,1346,55.8,Equity
6656,11,2024-11-11,BUY,3397,96.44,ETF
6657,8,2024-11-11,SELL,625,55.81,Equity
6658,8,2024-11-11,SELL,3378,55.61,Equity
6659,13,2024-11-11,SELL,978,46.11,Commodity
6660,1,2024-11-11,BUY,1302,390.6,Equity
6661,12,2024-11-11,BUY,1613,219.76,Bond
6662,15,2024-11-11,SELL,2789,272.11,Currency
6663,3,2024-11-11,SELL,2160,128.6,Equity
6664,2,2024-11-11,SELL,3536,58.16,Equity
6665,12,2024-11-11,BUY,3472,219.55,Bond
6666,13,2024-11-11,BUY,221,46.15,Commodity
6667,15,2024-11-11,SELL,3928,271.76,Currency
6668,2,2024-11-11,BUY,1678,58.25,Equity
6669,13,2024-11-11,BUY,4033,46.27,Commodity
6670,4,2024-11-11,BUY,959,101.87,Equity
6671,13,2024-11-11,SELL,3969,45.99,Commodity
6672,4,2024-11-11,BUY,339,101.98,Equity
6673,6,2024-11-11,BUY,4920,274.77,Equity
6674,9,2024-11-11,SELL,481,201.6,Equity
6675,7,2024-11-11,BUY,2529,346.07,Equity
6676,9,2024-11-11,SELL,3423,202.01,Equity
6677,2,2024-11-11,BUY,361,58.36,Equity
6678,1,2024-11-11,SELL,2946,390.92,Equity
6679,4,2024-11-11,BUY,2128,101.69,Equity
6680,5,2024-11-11,SELL,810,472.92,Equity
6681,2,2024-11-11,SELL,3334,58.29,Equity
6682,4,2024-11-12,BUY,3265,101.69,Equity
6683,5,2024-11-12,SELL,1597,474.44,Equity
6684,7,2024-11-12,BUY,115,346.17,Equity
6685,9,2024-11-12,BUY,4228,207.12,Equity
6686,1,2024-11-12,SELL,3929,394.14,Equity
6687,14,2024-11-12,SELL,2960,81.97,Commodity
6688,5,2024-11-12,BUY,1396,473.66,Equity
6689,10,2024-11-12,BUY,4119,68.46,Equity
6690,14,2024-11-12,BUY,4421,82.01,Commodity
6691,13,2024-11-12,BUY,3765,45.96,Commodity
6692,4,2024-11-12,SELL,2314,102.03,Equity
6693,14,2024-11-12,SELL,2211,81.88,Commodity
6694,15,2024-11-12,BUY,2811,273.05,Currency
6695,8,2024-11-12,BUY,519,55.97,Equity
6696,10,2024-11-12,SELL,1093,68.44,Equity
6697,13,2024-11-12,SELL,2898,46.02,Commodity
6698,8,2024-11-12,BUY,2427,55.78,Equity
6699,11,2024-11-12,SELL,3488,97.73,ETF
6700,4,2024-11-12,BUY,2948,101.63,Equity
6701,9,2024-11-12,BUY,3378,206.66,Equity
6702,8,2024-11-12,SELL,1882,55.95,Equity
6703,8,2024-11-12,BUY,1622,55.91,Equity
6704,4,2024-11-12,SELL,3253,101.9,Equity
6705,7,2024-11-13,SELL,3675,343.62,Equity
6706,12,2024-11-13,BUY,947,222.06,Bond
6707,1,2024-11-13,BUY,2225,394.14,Equity
6708,14,2024-11-13,SELL,1267,80.17,Commodity
6709,4,2024-11-13,SELL,3328,105.5,Equity
6710,14,2024-11-13,BUY,2155,80.27,Commodity
6711,4,2024-11-13,SELL,3670,105.44,Equity
6712,13,2024-11-13,BUY,145,47.06,Commodity
6713,6,2024-11-13,SELL,2550,282.17,Equity
6714,14,2024-11-13,BUY,1805,80.19,Commodity
6715,7,2024-11-13,BUY,3122,344.58,Equity
6716,9,2024-11-13,SELL,1100,202.29,Equity
6717,11,2024-11-13,SELL,282,95.91,ETF
6718,5,2024-11-13,SELL,3298,470.74,Equity
6719,12,2024-11-13,SELL,1920,222.81,Bond
6720,11,2024-11-13,BUY,3863,96.06,ETF
6721,10,2024-11-13,BUY,3922,69.18,Equity
6722,13,2024-11-13,SELL,343,46.96,Commodity
6723,7,2024-11-13,SELL,2516,344.08,Equity
6724,11,2024-11-13,SELL,4811,96.27,ETF
6725,5,2024-11-13,SELL,4047,472.47,Equity
6726,7,2024-11-13,BUY,2981,345.35,Equity
6727,11,2024-11-13,SELL,1703,95.97,ETF
6728,1,2024-11-13,SELL,674,393.7,Equity
6729,12,2024-11-13,BUY,1997,222.54,Bond
6730,4,2024-11-13,BUY,1483,105.5,Equity
6731,4,2024-11-13,SELL,4081,105.48,Equity
6732,5,2024-11-14,SELL,1884,485.97,Equity
6733,1,2024-11-14,BUY,3377,386.08,Equity
6734,1,2024-11-14,BUY,2816,384.77,Equity
6735,12,2024-11-14,SELL,1058,221.84,Bond
6736,3,2024-11-14,SELL,4329,144.31,Equity
6737,5,2024-11-14,BUY,2400,485.66,Equity
6738,9,2024-11-14,SELL,826,210.42,Equity
6739,11,2024-11-14,SELL,4314,97.71,ETF
6740,12,2024-11-14,BUY,4800,222.0,Bond
6741,14,2024-11-14,BUY,2569,77.56,Commodity
6742,11,2024-11-14,SELL,4069,97.61,ETF
6743,9,2024-11-14,SELL,1924,209.87,Equity
6744,13,2024-11-14,SELL,3177,47.36,Commodity
6745,15,2024-11-14,SELL,3520,273.71,Currency
6746,7,2024-11-14,BUY,1711,345.78,Equity
6747,1,2024-11-14,SELL,1720,385.79,Equity
6748,4,2024-11-14,SELL,4057,104.93,Equity
6749,7,2024-11-14,SELL,1912,346.73,Equity
6750,6,2024-11-14,BUY,4309,287.8,Equity
6751,3,2024-11-14,SELL,3704,143.69,Equity
6752,5,2024-11-14,SELL,2863,483.8,Equity
6753,9,2024-11-14,BUY,3018,210.43,Equity
6754,9,2024-11-14,SELL,2090,209.85,Equity
6755,1,2024-11-14,SELL,1922,386.69,Equity
6756,1,2024-11-14,SELL,2316,386.29,Equity
6757,8,2024-11-14,SELL,4195,59.12,Equity
6758,4,2024-11-14,BUY,992,105.07,Equity
6759,14,2024-11-14,SELL,415,77.62,Commodity
6760,1,2024-11-14,SELL,3021,386.53,Equity
6761,4,2024-11-14,BUY,4842,105.09,Equity
6762,6,2024-11-14,SELL,3708,288.22,Equity
6763,7,2024-11-14,BUY,246,347.46,Equity
6764,12,2024-11-14,SELL,1495,222.42,Bond
6765,10,2024-11-14,BUY,4943,68.71,Equity
6766,13,2024-11-14,SELL,2399,47.46,Commodity
6767,14,2024-11-14,SELL,1624,77.51,Commodity
6768,13,2024-11-15,BUY,3017,46.7,Commodity
6769,15,2024-11-15,SELL,1904,272.94,Currency
6770,13,2024-11-15,BUY,3182,46.78,Commodity
6771,1,2024-11-15,SELL,3647,381.12,Equity
6772,13,2024-11-15,BUY,2833,46.82,Commodity
6773,13,2024-11-15,SELL,2061,46.74,Commodity
6774,3,2024-11-15,BUY,3046,143.8,Equity
6775,5,2024-11-15,BUY,2361,479.5,Equity
6776,9,2024-11-15,SELL,2130,212.45,Equity
6777,3,2024-11-15,BUY,4160,143.85,Equity
6778,2,2024-11-15,BUY,2849,57.53,Equity
6779,8,2024-11-15,SELL,4274,57.87,Equity
6780,10,2024-11-15,SELL,3122,69.36,Equity
6781,15,2024-11-15,SELL,688,273.16,Currency
6782,12,2024-11-15,SELL,522,223.17,Bond
6783,11,2024-11-15,SELL,4529,99.29,ETF
6784,13,2024-11-15,SELL,979,46.65,Commodity
6785,7,2024-11-15,SELL,1599,356.3,Equity
6786,7,2024-11-15,BUY,2275,355.33,Equity
6787,15,2024-11-15,BUY,1486,274.07,Currency
6788,6,2024-11-15,SELL,4456,289.61,Equity
6789,6,2024-11-15,BUY,2756,289.17,Equity
6790,7,2024-11-15,SELL,3213,355.41,Equity
6791,4,2024-11-15,SELL,240,102.51,Equity
6792,3,2024-11-15,BUY,921,143.91,Equity
6793,12,2024-11-15,BUY,2281,223.25,Bond
6794,2,2024-11-18,SELL,2260,56.26,Equity
6795,10,2024-11-18,SELL,2184,68.97,Equity
6796,2,2024-11-18,SELL,553,56.3,Equity
6797,7,2024-11-18,BUY,1309,351.08,Equity
6798,7,2024-11-18,BUY,4377,351.31,Equity
6799,1,2024-11-18,BUY,1807,382.78,Equity
6800,1,2024-11-18,SELL,4861,382.62,Equity
6801,3,2024-11-18,BUY,1860,141.89,Equity
6802,9,2024-11-18,BUY,2274,213.54,Equity
6803,4,2024-11-18,BUY,4030,101.17,Equity
6804,3,2024-11-18,BUY,2243,141.47,Equity
6805,15,2024-11-18,SELL,2595,276.01,Currency
6806,12,2024-11-18,BUY,850,224.34,Bond
6807,6,2024-11-18,SELL,3665,287.08,Equity
6808,9,2024-11-18,SELL,587,213.12,Equity
6809,11,2024-11-18,SELL,3627,97.78,ETF
6810,2,2024-11-18,SELL,1669,56.14,Equity
6811,6,2024-11-18,BUY,4299,285.55,Equity
6812,13,2024-11-18,SELL,1175,47.91,Commodity
6813,15,2024-11-18,SELL,4199,275.66,Currency
6814,15,2024-11-18,BUY,775,275.28,Currency
6815,10,2024-11-18,BUY,4646,68.75,Equity
6816,4,2024-11-18,SELL,2209,100.72,Equity
6817,3,2024-11-18,SELL,382,141.87,Equity
6818,15,2024-11-18,BUY,2736,275.52,Currency
6819,15,2024-11-18,SELL,2320,275.47,Currency
6820,4,2024-11-18,SELL,2511,100.73,Equity
6821,15,2024-11-18,SELL,4504,274.9,Currency
6822,14,2024-11-18,BUY,2463,73.68,Commodity
6823,6,2024-11-18,SELL,1477,286.33,Equity
6824,7,2024-11-18,SELL,2787,350.98,Equity
6825,6,2024-11-18,BUY,4275,286.16,Equity
6826,9,2024-11-18,BUY,2564,214.21,Equity
6827,4,2024-11-19,BUY,2522,104.52,Equity
6828,14,2024-11-19,BUY,1671,73.22,Commodity
6829,4,2024-11-19,BUY,3247,104.42,Equity
6830,14,2024-11-19,BUY,4273,73.05,Commodity
6831,11,2024-11-19,SELL,2550,97.18,ETF
6832,10,2024-11-19,BUY,1204,69.41,Equity
6833,5,2024-11-19,BUY,3840,498.86,Equity
6834,10,2024-11-19,BUY,4693,69.8,Equity
6835,2,2024-11-19,SELL,3913,56.86,Equity
6836,9,2024-11-19,SELL,2116,219.9,Equity
6837,12,2024-11-19,BUY,4627,225.9,Bond
6838,2,2024-11-19,BUY,113,56.79,Equity
6839,6,2024-11-19,BUY,4192,291.73,Equity
6840,1,2024-11-19,BUY,4719,374.51,Equity
6841,3,2024-11-19,SELL,3505,139.74,Equity
6842,6,2024-11-19,BUY,548,292.04,Equity
6843,13,2024-11-19,BUY,1250,46.63,Commodity
6844,3,2024-11-19,SELL,2389,139.09,Equity
6845,7,2024-11-19,BUY,1289,350.8,Equity
6846,15,2024-11-19,BUY,3482,276.13,Currency
6847,6,2024-11-19,SELL,3017,292.55,Equity
6848,15,2024-11-19,SELL,4068,275.52,Currency
6849,4,2024-11-19,SELL,403,104.28,Equity
6850,2,2024-11-19,BUY,4646,56.83,Equity
6851,15,2024-11-19,SELL,3000,276.23,Currency
6852,6,2024-11-19,BUY,4168,292.49,Equity
6853,12,2024-11-19,BUY,2817,225.67,Bond
6854,8,2024-11-19,SELL,1696,58.29,Equity
6855,2,2024-11-19,SELL,597,56.81,Equity
6856,12,2024-11-19,SELL,3315,225.46,Bond
6857,12,2024-11-19,BUY,3880,225.76,Bond
6858,9,2024-11-19,BUY,4116,219.71,Equity
6859,13,2024-11-19,SELL,4146,46.74,Commodity
6860,6,2024-11-19,BUY,4339,292.05,Equity
6861,7,2024-11-19,BUY,1942,350.54,Equity
6862,8,2024-11-19,SELL,477,58.3,Equity
6863,8,2024-11-19,BUY,4720,58.25,Equity
6864,2,2024-11-19,SELL,3305,56.86,Equity
6865,15,2024-11-19,BUY,879,275.45,Currency
6866,1,2024-11-19,BUY,2126,376.44,Equity
6867,13,2024-11-20,SELL,375,47.86,Commodity
6868,6,2024-11-20,SELL,4236,284.58,Equity
6869,10,2024-11-20,BUY,461,67.98,Equity
6870,8,2024-11-20,BUY,4449,57.79,Equity
6871,15,2024-11-20,BUY,2488,276.88,Currency
6872,4,2024-11-20,BUY,452,100.45,Equity
6873,14,2024-11-20,SELL,2413,72.32,Commodity
6874,8,2024-11-20,BUY,3664,57.81,Equity
6875,7,2024-11-20,BUY,1951,351.73,Equity
6876,14,2024-11-20,SELL,3874,72.24,Commodity
6877,2,2024-11-20,BUY,3235,54.14,Equity
6878,12,2024-11-20,SELL,3343,225.11,Bond
6879,12,2024-11-20,BUY,1065,224.44,Bond
6880,10,2024-11-20,BUY,1925,68.06,Equity
6881,1,2024-11-20,BUY,1911,380.73,Equity
6882,14,2024-11-20,BUY,2070,72.55,Commodity
6883,14,2024-11-20,SELL,3591,72.34,Commodity
6884,3,2024-11-20,SELL,1083,141.38,Equity
6885,2,2024-11-20,BUY,4523,53.92,Equity
6886,2,2024-11-20,SELL,4275,54.09,Equity
6887,4,2024-11-20,SELL,4842,100.41,Equity
6888,12,2024-11-20,SELL,4143,224.15,Bond
6889,4,2024-11-21,SELL,2319,101.19,Equity
6890,15,2024-11-21,BUY,2443,278.27,Currency
6891,10,2024-11-21,BUY,4989,64.7,Equity
6892,9,2024-11-21,BUY,1784,227.48,Equity
6893,2,2024-11-21,SELL,1227,53.49,Equity
6894,3,2024-11-21,BUY,1853,141.97,Equity
6895,12,2024-11-21,SELL,2628,224.59,Bond
6896,13,2024-11-21,BUY,4350,47.85,Commodity
6897,6,2024-11-21,SELL,2349,291.75,Equity
6898,1,2024-11-21,SELL,2445,384.29,Equity
6899,6,2024-11-21,BUY,1508,290.86,Equity
6900,2,2024-11-21,BUY,3458,53.75,Equity
6901,10,2024-11-21,BUY,3916,64.51,Equity
6902,14,2024-11-21,BUY,2462,71.29,Commodity
6903,2,2024-11-21,SELL,871,53.43,Equity
6904,8,2024-11-21,BUY,3876,58.84,Equity
6905,8,2024-11-21,SELL,4071,58.82,Equity
6906,12,2024-11-21,BUY,3145,225.41,Bond
6907,1,2024-11-21,SELL,2577,384.9,Equity
6908,5,2024-11-21,SELL,4090,510.23,Equity
6909,3,2024-11-21,SELL,3038,141.64,Equity
6910,4,2024-11-21,SELL,1710,101.02,Equity
6911,7,2024-11-21,SELL,1657,345.93,Equity
6912,5,2024-11-21,SELL,2254,510.11,Equity
6913,8,2024-11-21,BUY,1348,58.88,Equity
6914,7,2024-11-21,SELL,608,345.59,Equity
6915,15,2024-11-21,BUY,3420,278.71,Currency
6916,15,2024-11-21,BUY,502,278.68,Currency
6917,13,2024-11-21,BUY,2843,47.92,Commodity
6918,9,2024-11-21,SELL,1941,228.37,Equity
6919,12,2024-11-21,BUY,1111,224.99,Bond
6920,15,2024-11-21,BUY,4171,279.26,Currency
6921,6,2024-11-21,BUY,4168,292.09,Equity
6922,8,2024-11-22,BUY,3575,56.82,Equity
6923,1,2024-11-22,BUY,1691,391.6,Equity
6924,8,2024-11-22,SELL,4551,56.79,Equity
6925,14,2024-11-22,SELL,4570,70.72,Commodity
6926,7,2024-11-22,BUY,4026,350.18,Equity
6927,3,2024-11-22,SELL,3267,141.82,Equity
6928,6,2024-11-22,BUY,924,283.8,Equity
6929,1,2024-11-22,SELL,2468,391.1,Equity
6930,10,2024-11-22,SELL,220,64.07,Equity
6931,13,2024-11-22,SELL,857,46.42,Commodity
6932,5,2024-11-22,BUY,3361,513.32,Equity
6933,4,2024-11-22,SELL,3449,104.05,Equity
6934,3,2024-11-22,SELL,97,142.52,Equity
6935,2,2024-11-22,BUY,2975,53.25,Equity
6936,13,2024-11-22,BUY,3986,46.56,Commodity
6937,15,2024-11-22,SELL,2014,278.64,Currency
6938,9,2024-11-22,BUY,3788,232.26,Equity
6939,12,2024-11-22,SELL,59,225.78,Bond
6940,9,2024-11-22,SELL,3888,232.39,Equity
6941,6,2024-11-22,BUY,623,284.2,Equity
6942,12,2024-11-22,BUY,2979,226.02,Bond
6943,5,2024-11-22,SELL,534,512.28,Equity
6944,4,2024-11-22,BUY,4838,103.99,Equity
6945,9,2024-11-22,BUY,3170,232.76,Equity
6946,14,2024-11-22,SELL,22,70.4,Commodity
6947,8,2024-11-22,SELL,870,56.88,Equity
6948,9,2024-11-22,SELL,4527,232.68,Equity
6949,13,2024-11-22,SELL,2898,46.47,Commodity
6950,2,2024-11-22,SELL,1542,53.44,Equity
6951,11,2024-11-22,BUY,435,100.11,ETF
6952,6,2024-11-22,SELL,3887,284.28,Equity
6953,7,2024-11-22,BUY,3119,350.04,Equity
6954,9,2024-11-22,SELL,831,232.62,Equity
6955,4,2024-11-22,BUY,313,104.11,Equity
6956,10,2024-11-22,BUY,1328,64.01,Equity
6957,7,2024-11-22,SELL,3301,349.75,Equity
6958,7,2024-11-22,SELL,4008,349.74,Equity
6959,9,2024-11-22,BUY,3423,232.67,Equity
6960,10,2024-11-22,SELL,684,64.23,Equity
6961,3,2024-11-25,BUY,4898,142.17,Equity
6962,12,2024-11-25,BUY,1457,224.56,Bond
6963,13,2024-11-25,BUY,4590,48.19,Commodity
6964,2,2024-11-25,SELL,889,54.64,Equity
6965,3,2024-11-25,BUY,3539,142.09,Equity
6966,13,2024-11-25,BUY,3628,48.31,Commodity
6967,10,2024-11-25,BUY,2835,63.54,Equity
6968,4,2024-11-25,SELL,1927,103.17,Equity
6969,9,2024-11-25,BUY,1054,230.53,Equity
6970,6,2024-11-25,BUY,1226,288.94,Equity
6971,3,2024-11-25,SELL,408,141.86,Equity
6972,11,2024-11-25,BUY,4429,98.06,ETF
6973,15,2024-11-25,BUY,2012,280.87,Currency
6974,8,2024-11-25,BUY,4310,54.52,Equity
6975,14,2024-11-25,BUY,636,72.44,Commodity
6976,3,2024-11-25,BUY,1125,142.05,Equity
6977,4,2024-11-25,SELL,2878,103.14,Equity
6978,14,2024-11-25,BUY,503,72.2,Commodity
6979,8,2024-11-25,SELL,2734,54.4,Equity
6980,14,2024-11-25,BUY,2860,72.47,Commodity
6981,10,2024-11-26,BUY,557,63.03,Equity
6982,12,2024-11-26,SELL,966,223.57,Bond
6983,1,2024-11-26,SELL,1020,395.1,Equity
6984,12,2024-11-26,BUY,2654,223.17,Bond
6985,12,2024-11-26,SELL,888,223.36,Bond
6986,3,2024-11-26,SELL,498,138.16,Equity
6987,2,2024-11-26,BUY,4136,54.02,Equity
6988,13,2024-11-26,SELL,501,50.01,Commodity
6989,3,2024-11-26,SELL,3839,138.13,Equity
6990,4,2024-11-26,BUY,4835,102.49,Equity
6991,9,2024-11-26,BUY,3604,232.4,Equity
6992,2,2024-11-26,SELL,4967,54.18,Equity
6993,8,2024-11-26,BUY,4927,54.79,Equity
6994,5,2024-11-26,SELL,917,535.17,Equity
6995,5,2024-11-26,SELL,4417,535.81,Equity
6996,2,2024-11-26,SELL,2615,54.11,Equity
6997,2,2024-11-26,BUY,4646,53.98,Equity
6998,4,2024-11-26,SELL,4429,102.64,Equity
6999,6,2024-11-26,BUY,1314,290.45,Equity
7000,15,2024-11-26,BUY,3426,278.52,Currency
7001,5,2024-11-26,SELL,468,535.33,Equity
7002,11,2024-11-27,BUY,2532,99.89,ETF
7003,1,2024-11-27,BUY,3975,386.37,Equity
7004,6,2024-11-27,SELL,1578,303.54,Equity
7005,7,2024-11-27,SELL,297,332.0,Equity
7006,15,2024-11-27,SELL,4330,278.11,Currency
7007,9,2024-11-27,BUY,832,228.88,Equity
7008,6,2024-11-27,SELL,3902,302.03,Equity
7009,1,2024-11-27,SELL,3707,385.93,Equity
7010,7,2024-11-27,SELL,1089,332.01,Equity
7011,8,2024-11-27,BUY,487,54.56,Equity
7012,12,2024-11-27,SELL,857,223.8,Bond
7013,5,2024-11-27,BUY,280,544.27,Equity
7014,8,2024-11-27,BUY,2868,54.36,Equity
7015,7,2024-11-27,BUY,4110,330.18,Equity
7016,10,2024-11-27,SELL,4403,61.97,Equity
7017,12,2024-11-27,SELL,4608,223.04,Bond
7018,2,2024-11-27,SELL,4965,54.91,Equity
7019,14,2024-11-27,SELL,2020,72.87,Commodity
7020,8,2024-11-27,SELL,2587,54.31,Equity
7021,8,2024-11-27,SELL,4309,54.32,Equity
7022,5,2024-11-27,SELL,1951,545.95,Equity
7023,5,2024-11-27,SELL,3374,545.89,Equity
7024,3,2024-11-27,SELL,3277,138.22,Equity
7025,13,2024-11-27,BUY,4899,48.95,Commodity
7026,2,2024-11-27,BUY,1879,55.08,Equity
7027,15,2024-11-27,BUY,1555,277.01,Currency
7028,12,2024-11-27,SELL,660,222.96,Bond
7029,15,2024-11-28,BUY,4710,278.6,Currency
7030,14,2024-11-28,BUY,3795,74.18,Commodity
7031,11,2024-11-28,SELL,739,100.6,ETF
7032,9,2024-11-28,SELL,971,227.17,Equity
7033,7,2024-11-28,BUY,488,328.78,Equity
7034,2,2024-11-28,BUY,1996,55.65,Equity
7035,15,2024-11-28,SELL,4118,278.11,Currency
7036,13,2024-11-28,SELL,4971,49.28,Commodity
7037,11,2024-11-28,BUY,4692,101.0,ETF
7038,1,2024-11-28,BUY,3702,378.49,Equity
7039,3,2024-11-28,SELL,4550,138.15,Equity
7040,14,2024-11-28,BUY,4975,74.26,Commodity
7041,14,2024-11-28,SELL,1541,74.26,Commodity
7042,1,2024-11-28,SELL,3354,377.93,Equity
7043,11,2024-11-28,SELL,40,100.69,ETF
7044,15,2024-11-28,BUY,3420,278.23,Currency
7045,1,2024-11-28,BUY,2986,378.02,Equity
7046,12,2024-11-28,BUY,4151,223.84,Bond
7047,13,2024-11-28,SELL,1628,49.19,Commodity
7048,9,2024-11-28,SELL,219,226.52,Equity
7049,1,2024-11-28,SELL,952,377.65,Equity
7050,3,2024-11-28,SELL,998,138.25,Equity
7051,11,2024-11-28,BUY,4071,100.76,ETF
7052,3,2024-11-28,BUY,4092,138.38,Equity
7053,8,2024-11-28,BUY,273,55.2,Equity
7054,1,2024-11-28,SELL,1847,378.17,Equity
7055,4,2024-11-28,BUY,959,100.63,Equity
7056,3,2024-11-28,SELL,1028,138.61,Equity
7057,9,2024-11-28,SELL,2321,226.53,Equity
7058,5,2024-11-28,SELL,2610,558.13,Equity
7059,2,2024-11-29,BUY,3694,55.71,Equity
7060,13,2024-11-29,SELL,2227,49.49,Commodity
7061,2,2024-11-29,SELL,3109,55.5,Equity
7062,4,2024-11-29,SELL,821,97.66,Equity
7063,12,2024-11-29,BUY,97,223.51,Bond
7064,9,2024-11-29,BUY,4193,230.86,Equity
7065,9,2024-11-29,BUY,462,230.77,Equity
7066,1,2024-11-29,BUY,890,375.22,Equity
7067,13,2024-11-29,BUY,3323,49.52,Commodity
7068,3,2024-11-29,BUY,3972,139.81,Equity
7069,11,2024-11-29,SELL,3875,100.85,ETF
7070,12,2024-11-29,SELL,2574,223.77,Bond
7071,2,2024-11-29,SELL,4923,55.65,Equity
7072,8,2024-11-29,BUY,3019,54.66,Equity
7073,1,2024-11-29,SELL,4886,374.22,Equity
7074,7,2024-11-29,SELL,4226,320.77,Equity
7075,12,2024-11-29,SELL,4838,223.79,Bond
7076,14,2024-11-29,BUY,988,74.19,Commodity
7077,2,2024-11-29,BUY,75,55.68,Equity
7078,11,2024-11-29,BUY,4052,100.82,ETF
7079,2,2024-11-29,BUY,2713,55.67,Equity
7080,2,2024-11-29,BUY,4851,55.61,Equity
7081,12,2024-11-29,SELL,3493,223.82,Bond
7082,8,2024-11-29,SELL,2963,54.82,Equity
7083,9,2024-11-29,BUY,4317,231.74,Equity
7084,15,2024-11-29,BUY,3822,279.1,Currency
7085,7,2024-12-02,BUY,3701,313.93,Equity
7086,6,2024-12-02,SELL,463,290.94,Equity
7087,6,2024-12-02,SELL,4709,289.73,Equity
7088,2,2024-12-02,SELL,4397,54.2,Equity
7089,14,2024-12-02,SELL,2189,74.15,Commodity
7090,13,2024-12-02,BUY,2219,49.45,Commodity
7091,5,2024-12-02,SELL,1706,589.19,Equity
7092,3,2024-12-02,SELL,2572,138.12,Equity
7093,2,2024-12-02,BUY,4197,54.3,Equity
7094,2,2024-12-02,SELL,2580,54.42,Equity
7095,7,2024-12-02,BUY,2577,314.71,Equity
7096,1,2024-12-02,BUY,4167,378.53,Equity
7097,7,2024-12-02,BUY,1333,313.9,Equity
7098,8,2024-12-02,BUY,4544,55.85,Equity
7099,7,2024-12-02,SELL,2384,314.23,Equity
7100,1,2024-12-02,BUY,1013,378.67,Equity
7101,7,2024-12-02,BUY,4311,314.94,Equity
7102,11,2024-12-02,BUY,1102,99.83,ETF
7103,15,2024-12-02,SELL,3348,280.94,Currency
7104,10,2024-12-02,BUY,2551,61.99,Equity
7105,8,2024-12-03,SELL,367,56.48,Equity
7106,2,2024-12-03,BUY,4378,52.64,Equity
7107,3,2024-12-03,SELL,2988,136.52,Equity
7108,15,2024-12-03,BUY,2582,279.4,Currency
7109,2,2024-12-03,BUY,3209,52.46,Equity
7110,3,2024-12-03,SELL,967,136.93,Equity
7111,7,2024-12-03,SELL,3362,316.34,Equity
7112,14,2024-12-03,SELL,2937,75.09,Commodity
7113,6,2024-12-03,SELL,276,288.6,Equity
7114,11,2024-12-03,BUY,519,98.1,ETF
7115,8,2024-12-03,SELL,4786,56.77,Equity
7116,4,2024-12-03,SELL,2462,98.87,Equity
7117,8,2024-12-03,BUY,1317,56.73,Equity
7118,12,2024-12-03,BUY,2462,225.62,Bond
7119,12,2024-12-03,SELL,3553,225.66,Bond
7120,5,2024-12-03,BUY,2643,595.09,Equity
7121,14,2024-12-03,BUY,1002,75.01,Commodity
7122,15,2024-12-03,BUY,690,278.55,Currency
7123,7,2024-12-03,BUY,4850,317.19,Equity
7124,15,2024-12-03,BUY,1392,279.45,Currency
7125,9,2024-12-03,BUY,4734,233.02,Equity
7126,8,2024-12-03,BUY,1473,56.71,Equity
7127,8,2024-12-03,BUY,638,56.52,Equity
7128,6,2024-12-03,BUY,1873,288.44,Equity
7129,7,2024-12-03,SELL,4993,316.09,Equity
7130,3,2024-12-03,SELL,4601,136.53,Equity
7131,8,2024-12-03,SELL,2296,56.55,Equity
7132,4,2024-12-03,BUY,2384,98.85,Equity
7133,2,2024-12-03,SELL,3004,52.44,Equity
7134,13,2024-12-03,SELL,4434,49.19,Commodity
7135,3,2024-12-03,SELL,3302,136.39,Equity
7136,2,2024-12-03,BUY,4461,52.38,Equity
7137,8,2024-12-03,BUY,3991,56.48,Equity
7138,10,2024-12-03,SELL,2235,62.11,Equity
7139,11,2024-12-03,BUY,4782,98.2,ETF
7140,5,2024-12-04,SELL,338,586.92,Equity
7141,5,2024-12-04,BUY,4801,586.14,Equity
7142,6,2024-12-04,SELL,2231,293.12,Equity
7143,8,2024-12-04,BUY,1363,56.75,Equity
7144,8,2024-12-04,BUY,732,56.86,Equity
7145,1,2024-12-04,BUY,3128,377.72,Equity
7146,3,2024-12-04,SELL,1165,133.64,Equity
7147,11,2024-12-04,SELL,3596,98.8,ETF
7148,8,2024-12-04,SELL,1632,56.77,Equity
7149,10,2024-12-04,BUY,4741,62.04,Equity
7150,8,2024-12-04,SELL,4984,56.93,Equity
7151,6,2024-12-04,SELL,969,292.41,Equity
7152,11,2024-12-04,SELL,4210,98.67,ETF
7153,7,2024-12-04,SELL,954,315.55,Equity
7154,9,2024-12-04,BUY,1913,224.2,Equity
7155,7,2024-12-04,SELL,384,316.75,Equity
7156,7,2024-12-04,BUY,3471,316.56,Equity
7157,9,2024-12-04,SELL,4027,223.55,Equity
7158,2,2024-12-04,BUY,3256,50.78,Equity
7159,14,2024-12-04,BUY,3608,74.52,Commodity
7160,9,2024-12-04,SELL,309,223.98,Equity
7161,3,2024-12-04,SELL,541,133.76,Equity
7162,5,2024-12-04,BUY,2825,584.73,Equity
7163,5,2024-12-04,SELL,176,586.4,Equity
7164,8,2024-12-04,SELL,1406,57.01,Equity
7165,12,2024-12-05,BUY,601,225.01,Bond
7166,6,2024-12-05,BUY,2409,291.25,Equity
7167,4,2024-12-05,SELL,3695,105.02,Equity
7168,5,2024-12-05,BUY,1249,575.97,Equity
7169,8,2024-12-05,BUY,630,55.88,Equity
7170,12,2024-12-05,SELL,1973,224.66,Bond
7171,15,2024-12-05,SELL,4904,284.41,Currency
7172,11,2024-12-05,BUY,4812,98.96,ETF
7173,2,2024-12-05,BUY,1982,51.23,Equity
7174,2,2024-12-05,BUY,4542,51.37,Equity
7175,5,2024-12-05,BUY,463,575.36,Equity
7176,5,2024-12-05,BUY,1184,574.0,Equity
7177,9,2024-12-05,SELL,1746,219.83,Equity
7178,4,2024-12-05,SELL,3159,104.7,Equity
7179,12,2024-12-05,BUY,2627,224.9,Bond
7180,3,2024-12-05,SELL,2250,136.27,Equity
7181,5,2024-12-05,SELL,1420,575.62,Equity
7182,3,2024-12-05,SELL,2357,136.29,Equity
7183,3,2024-12-05,BUY,2016,135.71,Equity
7184,12,2024-12-05,BUY,1309,225.25,Bond
7185,1,2024-12-05,BUY,1486,376.65,Equity
7186,6,2024-12-06,SELL,831,294.9,Equity
7187,15,2024-12-06,SELL,4332,283.07,Currency
7188,11,2024-12-06,SELL,596,98.16,ETF
7189,4,2024-12-06,BUY,4165,103.22,Equity
7190,12,2024-12-06,BUY,4233,225.98,Bond
7191,12,2024-12-06,BUY,2377,225.95,Bond
7192,14,2024-12-06,BUY,2303,73.23,Commodity
7193,14,2024-12-06,BUY,4921,73.37,Commodity
7194,4,2024-12-06,SELL,4945,103.03,Equity
7195,3,2024-12-06,BUY,4210,135.81,Equity
7196,4,2024-12-06,BUY,265,103.19,Equity
7197,4,2024-12-06,SELL,2154,103.1,Equity
7198,1,2024-12-06,BUY,4975,365.38,Equity
7199,4,2024-12-06,SELL,3636,102.99,Equity
7200,6,2024-12-06,BUY,2267,295.68,Equity
7201,6,2024-12-06,SELL,4876,294.57,Equity
7202,5,2024-12-06,SELL,1164,585.73,Equity
7203,10,2024-12-06,SELL,1832,60.04,Equity
7204,7,2024-12-06,BUY,1350,320.98,Equity
7205,4,2024-12-06,SELL,4376,102.85,Equity
7206,8,2024-12-06,SELL,3056,56.43,Equity
7207,8,2024-12-06,BUY,4045,56.27,Equity
7208,2,2024-12-06,BUY,4877,50.33,Equity
7209,15,2024-12-06,BUY,887,284.18,Currency
7210,7,2024-12-06,SELL,1776,319.68,Equity
7211,14,2024-12-06,SELL,2076,73.33,Commodity
7212,7,2024-12-06,SELL,3653,321.21,Equity
7213,14,2024-12-06,SELL,296,73.34,Commodity
7214,2,2024-12-06,SELL,776,50.38,Equity
7215,11,2024-12-06,BUY,4432,97.81,ETF
7216,4,2024-12-06,BUY,1913,102.95,Equity
7217,3,2024-12-06,SELL,2768,135.26,Equity
7218,4,2024-12-06,SELL,4524,102.91,Equity
7219,13,2024-12-06,BUY,1998,49.66,Commodity
7220,2,2024-12-09,BUY,3623,51.41,Equity
7221,11,2024-12-09,BUY,203,99.23,ETF
7222,11,2024-12-09,BUY,1093,98.69,ETF
7223,8,2024-12-09,BUY,4434,55.84,Equity
7224,14,2024-12-09,BUY,3533,72.92,Commodity
7225,1,2024-12-09,SELL,4425,372.41,Equity
7226,14,2024-12-09,SELL,3460,72.68,Commodity
7227,13,2024-12-09,SELL,145,50.05,Commodity
7228,7,2024-12-09,SELL,4465,316.03,Equity
7229,7,2024-12-09,BUY,4883,315.63,Equity
7230,9,2024-12-09,SELL,2572,222.46,Equity
7231,9,2024-12-09,BUY,4729,221.42,Equity
7232,10,2024-12-09,SELL,4713,61.91,Equity
7233,2,2024-12-09,BUY,157,51.39,Equity
7234,15,2024-12-09,SELL,4776,283.86,Currency
7235,9,2024-12-09,BUY,2630,221.21,Equity
7236,10,2024-12-09,BUY,1209,61.97,Equity
7237,6,2024-12-09,BUY,1062,293.72,Equity
7238,7,2024-12-09,SELL,4111,315.62,Equity
7239,4,2024-12-09,BUY,462,103.48,Equity
7240,2,2024-12-09,BUY,117,51.61,Equity
7241,14,2024-12-09,SELL,1625,72.67,Commodity
7242,10,2024-12-10,SELL,4999,61.64,Equity
7243,2,2024-12-10,SELL,3124,51.11,Equity
7244,11,2024-12-10,BUY,615,100.13,ETF
7245,12,2024-12-10,SELL,2413,226.21,Bond
7246,13,2024-12-10,SELL,3392,48.78,Commodity
7247,10,2024-12-10,BUY,1581,61.85,Equity
7248,13,2024-12-10,SELL,4883,48.68,Commodity
7249,3,2024-12-10,SELL,4799,138.42,Equity
7250,9,2024-12-10,BUY,39,219.91,Equity
7251,1,2024-12-10,BUY,1544,374.98,Equity
7252,1,2024-12-10,BUY,4337,375.76,Equity
7253,14,2024-12-10,SELL,1564,71.49,Commodity
7254,2,2024-12-10,BUY,2200,51.21,Equity
7255,4,2024-12-10,BUY,185,106.63,Equity
7256,4,2024-12-10,BUY,836,106.5,Equity
7257,10,2024-12-10,BUY,2557,61.94,Equity
7258,12,2024-12-10,SELL,1331,225.76,Bond
7259,14,2024-12-10,BUY,1961,71.41,Commodity
7260,2,2024-12-10,SELL,282,51.25,Equity
7261,1,2024-12-10,SELL,1224,376.3,Equity
7262,14,2024-12-10,BUY,4365,71.17,Commodity
7263,3,2024-12-10,BUY,331,138.48,Equity
7264,6,2024-12-10,BUY,56,295.2,Equity
7265,1,2024-12-10,SELL,4226,375.3,Equity
7266,8,2024-12-10,BUY,2316,55.56,Equity
7267,11,2024-12-10,BUY,285,100.28,ETF
7268,11,2024-12-10,SELL,3330,100.44,ETF
7269,11,2024-12-11,BUY,850,97.99,ETF
7270,1,2024-12-11,SELL,2746,387.11,Equity
7271,10,2024-12-11,SELL,1153,59.45,Equity
7272,4,2024-12-11,SELL,2689,106.11,Equity
7273,4,2024-12-11,BUY,3883,105.69,Equity
7274,15,2024-12-11,SELL,1473,280.72,Currency
7275,6,2024-12-11,BUY,3957,288.8,Equity
7276,13,2024-12-11,BUY,1616,49.5,Commodity
7277,3,2024-12-11,SELL,3061,137.68,Equity
7278,11,2024-12-11,SELL,2538,97.9,ETF
7279,15,2024-12-11,SELL,4225,280.01,Currency
7280,8,2024-12-11,SELL,4770,55.65,Equity
7281,4,2024-12-11,SELL,84,106.15,Equity
7282,2,2024-12-11,SELL,679,50.41,Equity
7283,9,2024-12-11,SELL,3151,217.32,Equity
7284,1,2024-12-11,SELL,1649,387.73,Equity
7285,3,2024-12-11,SELL,3950,137.95,Equity
7286,5,2024-12-11,BUY,3310,549.43,Equity
7287,2,2024-12-11,SELL,277,50.31,Equity
7288,4,2024-12-11,BUY,58,105.73,Equity
7289,6,2024-12-11,SELL,4558,288.06,Equity
7290,3,2024-12-11,BUY,1911,138.21,Equity
7291,14,2024-12-11,SELL,4349,71.09,Commodity
7292,4,2024-12-11,SELL,1170,106.06,Equity
7293,4,2024-12-11,SELL,1084,105.73,Equity
7294,5,2024-12-11,BUY,146,549.14,Equity
7295,11,2024-12-11,SELL,1166,97.53,ETF
7296,1,2024-12-11,SELL,3131,388.56,Equity
7297,13,2024-12-11,SELL,3597,49.57,Commodity
7298,1,2024-12-11,SELL,894,388.12,Equity
7299,3,2024-12-11,SELL,1027,138.05,Equity
7300,4,2024-12-11,SELL,1422,105.72,Equity
7301,9,2024-12-11,SELL,1931,218.33,Equity
7302,14,2024-12-12,BUY,4655,69.2,Commodity
7303,12,2024-12-12,BUY,3575,224.2,Bond
7304,5,2024-12-12,SELL,3548,541.76,Equity
7305,1,2024-12-12,BUY,3224,394.76,Equity
7306,12,2024-12-12,SELL,2401,224.39,Bond
7307,6,2024-12-12,BUY,851,290.87,Equity
7308,15,2024-12-12,SELL,3508,277.7,Currency
7309,5,2024-12-12,SELL,3087,541.68,Equity
7310,9,2024-12-12,SELL,4808,218.59,Equity
7311,7,2024-12-12,SELL,3514,301.83,Equity
7312,15,2024-12-12,SELL,3021,278.5,Currency
7313,15,2024-12-12,BUY,1508,278.42,Currency
7314,3,2024-12-12,SELL,3736,140.36,Equity
7315,7,2024-12-12,SELL,4472,301.14,Equity
7316,12,2024-12-12,SELL,2577,224.02,Bond
7317,4,2024-12-12,SELL,2425,103.41,Equity
7318,11,2024-12-12,BUY,344,99.78,ETF
7319,4,2024-12-12,SELL,3175,103.23,Equity
7320,6,2024-12-12,BUY,4288,290.23,Equity
7321,8,2024-12-12,BUY,2172,55.84,Equity
7322,13,2024-12-12,BUY,2367,48.1,Commodity
7323,6,2024-12-12,BUY,2574,290.37,Equity
7324,11,2024-12-12,SELL,516,100.34,ETF
7325,13,2024-12-12,SELL,1111,48.08,Commodity
7326,8,2024-12-12,SELL,4698,55.97,Equity
7327,15,2024-12-12,BUY,398,277.75,Currency
7328,12,2024-12-12,BUY,1585,223.44,Bond
7329,4,2024-12-12,BUY,409,103.48,Equity
7330,8,2024-12-12,SELL,4634,56.06,Equity
7331,12,2024-12-12,BUY,764,223.56,Bond
7332,2,2024-12-12,SELL,1608,47.95,Equity
7333,9,2024-12-12,SELL,520,219.12,Equity
7334,10,2024-12-12,SELL,3045,59.82,Equity
7335,15,2024-12-12,SELL,1331,278.32,Currency
7336,9,2024-12-12,BUY,426,218.5,Equity
7337,2,2024-12-12,SELL,2343,47.98,Equity
7338,9,2024-12-12,BUY,3548,218.5,Equity
7339,5,2024-12-13,SELL,1158,537.44,Equity
7340,13,2024-12-13,BUY,3465,48.63,Commodity
7341,7,2024-12-13,SELL,709,304.91,Equity
7342,7,2024-12-13,SELL,2058,306.34,Equity
7343,14,2024-12-13,BUY,3962,70.75,Commodity
7344,3,2024-12-13,BUY,2495,133.63,Equity
7345,3,2024-12-13,BUY,4555,133.9,Equity
7346,13,2024-12-13,SELL,497,48.76,Commodity
7347,1,2024-12-13,SELL,2230,399.24,Equity
7348,1,2024-12-13,SELL,4902,397.55,Equity
7349,6,2024-12-13,SELL,3274,293.39,Equity
7350,4,2024-12-13,BUY,1535,107.16,Equity
7351,6,2024-12-13,SELL,1595,294.68,Equity
7352,11,2024-12-13,BUY,3533,98.14,ETF
7353,7,2024-12-13,BUY,56,305.04,Equity
7354,7,2024-12-13,BUY,1070,305.83,Equity
7355,1,2024-12-13,SELL,272,398.12,Equity
7356,8,2024-12-13,BUY,3250,54.72,Equity
7357,9,2024-12-13,BUY,1991,219.39,Equity
7358,14,2024-12-13,SELL,3576,70.74,Commodity
7359,12,2024-12-13,BUY,2210,225.95,Bond
7360,11,2024-12-13,SELL,188,98.14,ETF
7361,6,2024-12-13,BUY,540,294.0,Equity
7362,5,2024-12-13,BUY,2252,536.25,Equity
7363,12,2024-12-13,BUY,3194,224.85,Bond
7364,10,2024-12-13,BUY,1539,59.7,Equity
7365,8,2024-12-13,BUY,3422,54.8,Equity
7366,3,2024-12-13,SELL,2765,134.28,Equity
7367,8,2024-12-13,SELL,889,54.79,Equity
7368,5,2024-12-13,SELL,366,537.07,Equity
7369,10,2024-12-13,BUY,3564,59.56,Equity
7370,4,2024-12-13,SELL,1918,107.21,Equity
7371,11,2024-12-16,BUY,3128,99.91,ETF
7372,2,2024-12-16,SELL,4644,49.92,Equity
7373,4,2024-12-16,BUY,2045,104.5,Equity
7374,5,2024-12-16,SELL,1423,544.59,Equity
7375,5,2024-12-16,BUY,1557,543.43,Equity
7376,13,2024-12-16,SELL,2121,49.83,Commodity
7377,14,2024-12-16,SELL,4193,72.14,Commodity
7378,5,2024-12-16,SELL,3416,545.82,Equity
7379,13,2024-12-16,SELL,1305,49.94,Commodity
7380,7,2024-12-16,BUY,2695,308.63,Equity
7381,10,2024-12-16,BUY,2972,59.94,Equity
7382,5,2024-12-16,BUY,3997,545.1,Equity
7383,10,2024-12-16,SELL,4688,59.82,Equity
7384,11,2024-12-16,BUY,3480,99.39,ETF
7385,12,2024-12-16,BUY,1150,227.63,Bond
7386,14,2024-12-16,BUY,3228,72.12,Commodity
7387,12,2024-12-16,BUY,1221,227.52,Bond
7388,9,2024-12-16,SELL,558,219.85,Equity
7389,1,2024-12-16,SELL,4009,388.31,Equity
7390,7,2024-12-16,SELL,279,308.64,Equity
7391,13,2024-12-16,BUY,164,49.8,Commodity
7392,2,2024-12-16,SELL,3661,50.13,Equity
7393,13,2024-12-16,SELL,2495,49.99,Commodity
7394,8,2024-12-16,BUY,2551,55.03,Equity
7395,7,2024-12-16,BUY,682,307.57,Equity
7396,7,2024-12-16,BUY,1170,307.4,Equity
7397,7,2024-12-16,BUY,2731,307.59,Equity
7398,10,2024-12-16,SELL,536,59.84,Equity
7399,6,2024-12-16,BUY,3466,292.95,Equity
7400,14,2024-12-16,BUY,4121,72.42,Commodity
7401,1,2024-12-16,BUY,3139,389.61,Equity
7402,13,2024-12-16,SELL,1476,50.03,Commodity
7403,14,2024-12-16,SELL,4098,72.23,Commodity
7404,10,2024-12-16,SELL,4281,59.91,Equity
7405,2,2024-12-16,BUY,3468,50.14,Equity
7406,2,2024-12-16,SELL,4430,49.86,Equity
7407,5,2024-12-16,SELL,3091,543.6,Equity
7408,6,2024-12-16,BUY,358,292.87,Equity
7409,3,2024-12-17,SELL,1132,130.55,Equity
7410,8,2024-12-17,BUY,2194,54.08,Equity
7411,3,2024-12-17,BUY,1489,130.55,Equity
7412,6,2024-12-17,SELL,562,284.94,Equity
7413,4,2024-12-17,SELL,1389,104.72,Equity
7414,14,2024-12-17,BUY,753,72.32,Commodity
7415,12,2024-12-17,SELL,4803,227.55,Bond
7416,1,2024-12-17,SELL,4205,383.46,Equity
7417,9,2024-12-17,BUY,2775,224.15,Equity
7418,15,2024-12-17,BUY,898,285.52,Currency
7419,11,2024-12-17,BUY,4467,99.79,ETF
7420,3,2024-12-17,BUY,1370,130.79,Equity
7421,4,2024-12-17,BUY,546,104.68,Equity
7422,3,2024-12-17,BUY,659,130.13,Equity
7423,14,2024-12-17,SELL,3967,72.34,Commodity
7424,10,2024-12-17,SELL,79,58.7,Equity
7425,10,2024-12-17,BUY,650,58.89,Equity
7426,12,2024-12-17,BUY,151,227.71,Bond
7427,1,2024-12-17,SELL,1894,384.64,Equity
7428,14,2024-12-17,SELL,2012,72.31,Commodity
7429,3,2024-12-17,SELL,2851,130.73,Equity
7430,2,2024-12-17,BUY,4903,49.53,Equity
7431,10,2024-12-17,BUY,4398,58.78,Equity
7432,9,2024-12-17,SELL,1663,222.98,Equity
7433,8,2024-12-17,SELL,4695,54.33,Equity
7434,5,2024-12-17,SELL,3406,541.06,Equity
7435,3,2024-12-17,SELL,1786,130.07,Equity
7436,1,2024-12-17,BUY,437,385.22,Equity
7437,2,2024-12-17,SELL,508,49.59,Equity
7438,7,2024-12-17,BUY,1220,300.93,Equity
7439,3,2024-12-17,SELL,467,130.13,Equity
7440,7,2024-12-17,BUY,4186,301.26,Equity
7441,2,2024-12-17,SELL,4439,49.57,Equity
7442,15,2024-12-17,SELL,1991,285.53,Currency
7443,15,2024-12-17,BUY,4714,284.68,Currency
7444,6,2024-12-17,BUY,3734,284.78,Equity
7445,2,2024-12-17,BUY,3539,49.46,Equity
7446,15,2024-12-17,SELL,467,285.02,Currency
7447,7,2024-12-17,SELL,3044,300.0,Equity
7448,15,2024-12-17,BUY,421,285.25,Currency
7449,11,2024-12-18,SELL,686,100.92,ETF
7450,8,2024-12-18,BUY,3756,54.54,Equity
7451,4,2024-12-18,SELL,2132,102.31,Equity
7452,11,2024-12-18,BUY,3514,100.72,ETF
7453,2,2024-12-18,SELL,4847,48.49,Equity
7454,15,2024-12-18,SELL,1420,286.32,Currency
7455,2,2024-12-18,SELL,4732,48.4,Equity
7456,15,2024-12-18,BUY,432,286.81,Currency
7457,15,2024-12-18,SELL,2258,286.24,Currency
7458,3,2024-12-18,SELL,3390,128.57,Equity
7459,9,2024-12-18,SELL,3295,219.69,Equity
7460,7,2024-12-18,SELL,1031,297.73,Equity
7461,6,2024-12-18,SELL,307,290.55,Equity
7462,2,2024-12-18,BUY,4708,48.39,Equity
7463,15,2024-12-18,SELL,1901,285.96,Currency
7464,15,2024-12-18,SELL,3300,285.75,Currency
7465,11,2024-12-18,SELL,954,101.04,ETF
7466,6,2024-12-18,SELL,1362,290.24,Equity
7467,4,2024-12-18,SELL,576,102.17,Equity
7468,9,2024-12-18,SELL,2578,218.96,Equity
7469,7,2024-12-18,SELL,1894,298.69,Equity
7470,3,2024-12-18,SELL,1405,128.22,Equity
7471,10,2024-12-18,BUY,3272,59.46,Equity
7472,6,2024-12-18,BUY,1001,289.52,Equity
7473,2,2024-12-18,SELL,618,48.54,Equity
7474,1,2024-12-18,BUY,4972,384.65,Equity
7475,10,2024-12-18,BUY,1440,59.34,Equity
7476,10,2024-12-18,BUY,2249,59.31,Equity
7477,7,2024-12-18,BUY,1795,298.75,Equity
7478,2,2024-12-18,BUY,1566,48.6,Equity
7479,15,2024-12-18,BUY,3734,286.0,Currency
7480,12,2024-12-18,BUY,474,228.22,Bond
7481,2,2024-12-18,BUY,484,48.62,Equity
7482,12,2024-12-19,SELL,4764,226.5,Bond
7483,8,2024-12-19,SELL,3095,52.73,Equity
7484,11,2024-12-19,SELL,2649,100.93,ETF
7485,12,2024-12-19,SELL,3212,226.93,Bond
7486,2,2024-12-19,SELL,3157,48.55,Equity
7487,4,2024-12-19,BUY,84,104.24,Equity
7488,8,2024-12-19,BUY,3212,52.72,Equity
7489,13,2024-12-19,SELL,3929,50.32,Commodity
7490,14,2024-12-19,BUY,4254,69.39,Commodity
7491,2,2024-12-19,BUY,3740,48.65,Equity
7492,15,2024-12-19,BUY,1764,284.2,Currency
7493,9,2024-12-19,BUY,3372,215.85,Equity
7494,12,2024-12-19,SELL,3258,226.55,Bond
7495,13,2024-12-19,SELL,2995,50.17,Commodity
7496,15,2024-12-19,BUY,555,282.99,Currency
7497,1,2024-12-19,BUY,3370,380.41,Equity
7498,9,2024-12-19,SELL,2548,216.87,Equity
7499,3,2024-12-19,SELL,2624,128.14,Equity
7500,2,2024-12-19,SELL,4297,48.68,Equity
7501,2,2024-12-19,BUY,3064,48.61,Equity
7502,10,2024-12-19,BUY,3331,59.9,Equity
7503,13,2024-12-19,SELL,4658,50.11,Commodity
7504,8,2024-12-19,SELL,89,52.68,Equity
7505,15,2024-12-19,SELL,4526,283.99,Currency
7506,14,2024-12-19,SELL,4321,69.72,Commodity
7507,5,2024-12-19,BUY,3652,532.79,Equity
7508,6,2024-12-19,SELL,2721,290.95,Equity
7509,3,2024-12-19,BUY,1230,128.01,Equity
7510,4,2024-12-20,BUY,4281,106.47,Equity
7511,15,2024-12-20,BUY,1127,285.09,Currency
7512,12,2024-12-20,SELL,1603,227.13,Bond
7513,2,2024-12-20,SELL,306,47.81,Equity
7514,3,2024-12-20,BUY,4692,128.73,Equity
7515,5,2024-12-20,BUY,4838,513.48,Equity
7516,15,2024-12-20,SELL,341,285.02,Currency
7517,14,2024-12-20,SELL,2141,69.88,Commodity
7518,15,2024-12-20,BUY,4657,285.11,Currency
7519,9,2024-12-20,BUY,1160,221.3,Equity
7520,6,2024-12-20,BUY,926,288.16,Equity
7521,12,2024-12-20,SELL,3708,226.33,Bond
7522,13,2024-12-20,BUY,2435,49.87,Commodity
7523,2,2024-12-20,SELL,4742,48.02,Equity
7524,4,2024-12-20,SELL,3755,106.41,Equity
7525,13,2024-12-20,SELL,3805,49.8,Commodity
7526,10,2024-12-20,SELL,2245,61.25,Equity
7527,7,2024-12-20,SELL,4980,297.76,Equity
7528,1,2024-12-20,SELL,1213,386.62,Equity
7529,13,2024-12-20,SELL,4553,49.73,Commodity
7530,11,2024-12-20,BUY,3972,99.66,ETF
7531,1,2024-12-20,BUY,3322,388.07,Equity
7532,11,2024-12-20,SELL,3233,99.47,ETF
7533,9,2024-12-20,SELL,2041,221.31,Equity
7534,15,2024-12-23,SELL,1572,286.91,Currency
7535,6,2024-12-23,SELL,1590,280.69,Equity
7536,2,2024-12-23,BUY,3006,46.66,Equity
7537,10,2024-12-23,BUY,2578,60.71,Equity
7538,8,2024-12-23,SELL,2629,51.47,Equity
7539,15,2024-12-23,SELL,2568,287.47,Currency
7540,2,2024-12-23,BUY,1353,46.83,Equity
7541,2,2024-12-23,SELL,3173,46.6,Equity
7542,7,2024-12-23,BUY,1806,297.63,Equity
7543,11,2024-12-23,BUY,290,96.5,ETF
7544,7,2024-12-23,BUY,4248,297.8,Equity
7545,7,2024-12-23,SELL,2446,296.13,Equity
7546,3,2024-12-23,SELL,4340,133.04,Equity
7547,14,2024-12-23,BUY,900,71.15,Commodity
7548,10,2024-12-23,SELL,848,60.79,Equity
7549,8,2024-12-23,BUY,4439,51.59,Equity
7550,9,2024-12-23,BUY,2620,223.8,Equity
7551,3,2024-12-23,SELL,3710,132.86,Equity
7552,2,2024-12-23,SELL,1338,46.72,Equity
7553,12,2024-12-23,BUY,3825,227.18,Bond
7554,4,2024-12-23,SELL,688,106.9,Equity
7555,14,2024-12-23,BUY,1544,70.94,Commodity
7556,1,2024-12-23,SELL,2057,400.05,Equity
7557,14,2024-12-23,BUY,1598,71.09,Commodity
7558,11,2024-12-23,BUY,4773,96.56,ETF
7559,8,2024-12-23,BUY,865,51.59,Equity
7560,4,2024-12-23,BUY,3899,106.51,Equity
7561,7,2024-12-23,SELL,747,297.49,Equity
7562,13,2024-12-23,SELL,3758,50.52,Commodity
7563,10,2024-12-23,SELL,4841,60.86,Equity
7564,7,2024-12-23,SELL,4304,296.19,Equity
7565,3,2024-12-23,SELL,3120,132.69,Equity
7566,13,2024-12-23,SELL,535,50.38,Commodity
7567,9,2024-12-23,BUY,3344,223.44,Equity
7568,10,2024-12-24,SELL,346,60.34,Equity
7569,4,2024-12-24,BUY,919,107.52,Equity
7570,3,2024-12-24,SELL,609,134.61,Equity
7571,15,2024-12-24,BUY,707,286.84,Currency
7572,2,2024-12-24,SELL,165,47.69,Equity
7573,7,2024-12-24,BUY,3767,288.6,Equity
7574,13,2024-12-24,SELL,3900,50.18,Commodity
7575,5,2024-12-24,BUY,4549,500.43,Equity
7576,3,2024-12-24,SELL,4009,134.49,Equity
7577,12,2024-12-24,BUY,3675,227.51,Bond
7578,5,2024-12-24,BUY,2664,498.81,Equity
7579,6,2024-12-24,BUY,1058,283.64,Equity
7580,2,2024-12-24,BUY,3102,47.66,Equity
7581,8,2024-12-24,BUY,3859,51.41,Equity
7582,5,2024-12-24,SELL,4124,499.28,Equity
7583,2,2024-12-24,SELL,4321,47.7,Equity
7584,10,2024-12-24,BUY,4045,60.52,Equity
7585,2,2024-12-24,BUY,2938,47.69,Equity
7586,4,2024-12-24,BUY,4625,107.32,Equity
7587,2,2024-12-24,SELL,4746,47.58,Equity
7588,9,2024-12-24,SELL,2188,226.56,Equity
7589,6,2024-12-24,BUY,670,285.16,Equity
7590,3,2024-12-24,SELL,555,134.87,Equity
7591,10,2024-12-24,BUY,1116,60.51,Equity
7592,3,2024-12-24,SELL,4000,134.32,Equity
7593,11,2024-12-24,SELL,1575,98.38,ETF
7594,13,2024-12-24,BUY,4031,50.25,Commodity
7595,11,2024-12-24,SELL,1880,98.58,ETF
7596,3,2024-12-24,SELL,2525,134.87,Equity
7597,3,2024-12-24,SELL,3410,134.69,Equity
7598,8,2024-12-24,BUY,237,51.43,Equity
7599,14,2024-12-25,BUY,2797,73.24,Commodity
7600,8,2024-12-25,SELL,1970,50.53,Equity
7601,15,2024-12-25,SELL,603,286.95,Currency
7602,15,2024-12-25,SELL,1171,287.07,Currency
7603,8,2024-12-25,SELL,3581,50.53,Equity
7604,9,2024-12-25,SELL,4284,226.03,Equity
7605,11,2024-12-25,SELL,3154,97.03,ETF
7606,2,2024-12-25,BUY,662,48.74,Equity
7607,7,2024-12-25,SELL,3232,291.79,Equity
7608,1,2024-12-25,BUY,4073,396.23,Equity
7609,5,2024-12-25,SELL,973,496.52,Equity
7610,12,2024-12-25,SELL,3374,229.25,Bond
7611,10,2024-12-25,BUY,633,59.89,Equity
7612,13,2024-12-25,BUY,3305,50.67,Commodity
7613,1,2024-12-25,SELL,2784,397.95,Equity
7614,14,2024-12-25,SELL,20,73.37,Commodity
7615,11,2024-12-25,SELL,1791,97.29,ETF
7616,3,2024-12-25,SELL,1415,135.63,Equity
7617,8,2024-12-25,SELL,187,50.55,Equity
7618,12,2024-12-25,SELL,1726,229.45,Bond
7619,3,2024-12-25,SELL,92,135.62,Equity
7620,8,2024-12-25,SELL,3197,50.73,Equity
7621,15,2024-12-25,BUY,2330,287.22,Currency
7622,7,2024-12-25,BUY,3712,291.62,Equity
7623,12,2024-12-26,SELL,2930,229.37,Bond
7624,14,2024-12-26,BUY,1191,73.09,Commodity
7625,1,2024-12-26,SELL,543,393.76,Equity
7626,6,2024-12-26,SELL,2514,286.1,Equity
7627,1,2024-12-26,SELL,3697,395.89,Equity
7628,2,2024-12-26,SELL,4308,48.3,Equity
7629,10,2024-12-26,SELL,1084,59.55,Equity
7630,1,2024-12-26,SELL,2248,395.64,Equity
7631,6,2024-12-26,SELL,148,286.81,Equity
7632,8,2024-12-26,SELL,2129,51.3,Equity
7633,7,2024-12-26,BUY,4698,291.49,Equity
7634,5,2024-12-26,BUY,4680,486.86,Equity
7635,3,2024-12-26,SELL,515,137.9,Equity
7636,13,2024-12-26,BUY,3291,50.11,Commodity
7637,12,2024-12-26,SELL,659,229.46,Bond
7638,2,2024-12-26,SELL,422,48.2,Equity
7639,3,2024-12-26,BUY,1253,137.54,Equity
7640,6,2024-12-26,SELL,4048,287.54,Equity
7641,10,2024-12-26,BUY,3450,59.59,Equity
7642,5,2024-12-26,BUY,2287,488.34,Equity
7643,12,2024-12-26,BUY,3807,229.74,Bond
7644,11,2024-12-26,BUY,2484,97.56,ETF
7645,12,2024-12-26,BUY,4410,229.49,Bond
7646,7,2024-12-26,SELL,4584,291.84,Equity
7647,5,2024-12-26,SELL,1255,487.63,Equity
7648,14,2024-12-26,BUY,640,73.37,Commodity
7649,4,2024-12-26,SELL,4419,113.23,Equity
7650,6,2024-12-26,SELL,2264,287.73,Equity
7651,3,2024-12-26,BUY,4173,137.58,Equity
7652,8,2024-12-26,BUY,2063,51.29,Equity
7653,15,2024-12-26,SELL,591,284.87,Currency
7654,10,2024-12-26,SELL,531,59.53,Equity
7655,10,2024-12-26,BUY,2090,59.46,Equity
7656,1,2024-12-26,SELL,1161,395.34,Equity
7657,9,2024-12-26,BUY,2610,229.97,Equity
7658,6,2024-12-26,SELL,837,286.51,Equity
7659,8,2024-12-26,BUY,4816,51.27,Equity
7660,2,2024-12-26,BUY,1506,48.45,Equity
7661,2,2024-12-26,BUY,2758,48.41,Equity
7662,14,2024-12-27,SELL,1887,72.49,Commodity
7663,4,2024-12-27,BUY,2370,113.42,Equity
7664,14,2024-12-27,SELL,3405,72.25,Commodity
7665,3,2024-12-27,BUY,3497,139.12,Equity
7666,6,2024-12-27,SELL,3388,296.83,Equity
7667,15,2024-12-27,BUY,38,288.57,Currency
7668,9,2024-12-27,SELL,2498,228.37,Equity
7669,14,2024-12-27,BUY,984,72.35,Commodity
7670,1,2024-12-27,BUY,2948,389.31,Equity
7671,13,2024-12-27,SELL,746,49.98,Commodity
7672,6,2024-12-27,SELL,2093,296.72,Equity
7673,8,2024-12-27,SELL,756,51.79,Equity
7674,2,2024-12-27,BUY,2562,49.09,Equity
7675,3,2024-12-27,SELL,3338,138.89,Equity
7676,7,2024-12-27,BUY,217,285.49,Equity
7677,5,2024-12-27,SELL,1289,491.46,Equity
7678,6,2024-12-27,BUY,4121,297.15,Equity
7679,14,2024-12-27,SELL,3159,72.19,Commodity
7680,2,2024-12-27,BUY,3993,48.87,Equity
7681,13,2024-12-27,BUY,874,49.76,Commodity
7682,4,2024-12-27,BUY,2491,113.52,Equity
7683,9,2024-12-27,SELL,1885,228.84,Equity
7684,9,2024-12-27,BUY,1445,229.11,Equity
7685,6,2024-12-27,SELL,4471,296.05,Equity
7686,10,2024-12-27,SELL,2707,59.84,Equity
7687,15,2024-12-27,BUY,3384,287.94,Currency
7688,13,2024-12-27,SELL,321,49.97,Commodity
7689,6,2024-12-27,SELL,1152,296.37,Equity
7690,5,2024-12-27,SELL,1589,492.93,Equity
7691,13,2024-12-27,BUY,276,49.93,Commodity
7692,15,2024-12-27,BUY,773,288.08,Currency
7693,12,2024-12-27,SELL,1468,230.24,Bond
7694,4,2024-12-27,SELL,3562,113.4,Equity
7695,7,2024-12-27,BUY,2666,285.63,Equity
7696,1,2024-12-27,BUY,1677,390.39,Equity
7697,11,2024-12-27,BUY,1026,98.14,ETF
7698,1,2024-12-27,SELL,4209,391.05,Equity
7699,1,2024-12-27,BUY,4074,390.32,Equity
7700,8,2024-12-30,BUY,2974,50.34,Equity
7701,15,2024-12-30,SELL,3169,289.9,Currency
7702,12,2024-12-30,BUY,4722,229.71,Bond
7703,8,2024-12-30,SELL,2538,50.5,Equity
7704,14,2024-12-30,BUY,2320,71.62,Commodity
7705,8,2024-12-30,SELL,66,50.4,Equity
7706,2,2024-12-30,BUY,4814,48.45,Equity
7707,10,2024-12-30,BUY,2944,59.17,Equity
7708,14,2024-12-30,BUY,1059,71.43,Commodity
7709,14,2024-12-30,SELL,1107,71.58,Commodity
7710,6,2024-12-30,BUY,458,300.21,Equity
7711,6,2024-12-30,BUY,216,300.71,Equity
7712,13,2024-12-30,BUY,1966,50.28,Commodity
7713,14,2024-12-30,BUY,2273,71.44,Commodity
7714,15,2024-12-30,SELL,3441,290.82,Currency
7715,12,2024-12-30,SELL,4545,229.67,Bond
7716,15,2024-12-30,SELL,53,290.4,Currency
7717,5,2024-12-30,BUY,473,500.05,Equity
7718,10,2024-12-30,BUY,72,59.2,Equity
7719,3,2024-12-30,SELL,4068,145.02,Equity
7720,5,2024-12-30,SELL,2887,498.88,Equity
7721,14,2024-12-30,SELL,304,71.67,Commodity
7722,5,2024-12-30,BUY,2329,500.91,Equity
7723,2,2024-12-30,SELL,638,48.55,Equity
7724,1,2024-12-30,BUY,2817,385.36,Equity
7725,11,2024-12-30,BUY,2750,97.86,ETF
7726,4,2024-12-30,BUY,2533,113.0,Equity
7727,5,2024-12-30,BUY,4005,499.38,Equity
7728,6,2024-12-30,BUY,3529,300.16,Equity
7729,15,2024-12-30,SELL,1719,290.64,Currency
7730,9,2024-12-31,SELL,1689,234.7,Equity
7731,10,2024-12-31,BUY,2072,60.8,Equity
7732,2,2024-12-31,BUY,2990,48.91,Equity
7733,7,2024-12-31,SELL,840,287.26,Equity
7734,6,2024-12-31,BUY,3544,290.34,Equity
7735,5,2024-12-31,BUY,1873,494.51,Equity
7736,1,2024-12-31,SELL,2426,395.5,Equity
7737,12,2024-12-31,SELL,4679,230.56,Bond
7738,2,2024-12-31,SELL,4198,48.91,Equity
7739,14,2024-12-31,BUY,3746,71.95,Commodity
7740,7,2024-12-31,BUY,2039,286.2,Equity
7741,10,2024-12-31,BUY,1280,60.54,Equity
7742,13,2024-12-31,BUY,758,50.3,Commodity
7743,2,2024-12-31,SELL,2893,49.08,Equity
7744,7,2024-12-31,SELL,1993,286.33,Equity
7745,8,2024-12-31,SELL,1294,50.36,Equity
7746,2,2024-12-31,SELL,1093,48.9,Equity
7747,12,2024-12-31,BUY,3560,231.0,Bond
7748,15,2024-12-31,BUY,3449,289.94,Currency
7749,10,2024-12-31,SELL,333,60.61,Equity
7750,14,2024-12-31,SELL,2991,71.94,Commodity
7751,2,2024-12-31,BUY,1980,49.06,Equity
7752,10,2024-12-31,SELL,4443,60.63,Equity
7753,13,2024-12-31,SELL,1603,50.26,Commodity
7754,5,2024-12-31,BUY,1162,492.72,Equity
7755,14,2025-01-01,SELL,3113,74.08,Commodity
7756,5,2025-01-01,SELL,2051,494.02,Equity
7757,12,2025-01-01,SELL,305,231.53,Bond
7758,5,2025-01-01,BUY,1129,493.73,Equity
7759,4,2025-01-01,SELL,566,114.34,Equity
7760,4,2025-01-01,BUY,1274,114.08,Equity
7761,10,2025-01-01,BUY,2466,58.88,Equity
7762,12,2025-01-01,BUY,4442,231.97,Bond
7763,5,2025-01-01,SELL,2269,492.81,Equity
7764,3,2025-01-01,SELL,2236,140.53,Equity
7765,5,2025-01-01,SELL,2067,493.18,Equity
7766,6,2025-01-01,SELL,4664,291.83,Equity
7767,3,2025-01-01,SELL,616,141.21,Equity
7768,3,2025-01-01,BUY,3862,140.7,Equity
7769,2,2025-01-01,BUY,2415,47.41,Equity
7770,7,2025-01-01,BUY,4992,284.06,Equity
7771,12,2025-01-01,SELL,4173,231.85,Bond
7772,3,2025-01-01,SELL,2657,140.61,Equity
7773,2,2025-01-01,BUY,4697,47.43,Equity
7774,15,2025-01-01,SELL,3564,289.4,Currency
7775,14,2025-01-01,SELL,107,74.15,Commodity
7776,14,2025-01-01,BUY,4757,74.0,Commodity
7777,15,2025-01-01,BUY,3474,288.94,Currency
7778,8,2025-01-01,BUY,552,49.76,Equity
7779,2,2025-01-01,SELL,721,47.37,Equity
7780,5,2025-01-01,SELL,2328,493.41,Equity
7781,1,2025-01-01,BUY,504,402.61,Equity
7782,11,2025-01-01,BUY,748,96.26,ETF
7783,11,2025-01-01,BUY,1050,95.8,ETF
7784,14,2025-01-01,SELL,2460,74.01,Commodity
7785,3,2025-01-01,BUY,1284,140.82,Equity
7786,5,2025-01-01,SELL,2950,495.23,Equity
7787,15,2025-01-01,BUY,4135,289.01,Currency
7788,4,2025-01-01,SELL,3953,114.33,Equity
7789,5,2025-01-01,SELL,1511,494.74,Equity
7790,3,2025-01-02,SELL,1642,142.64,Equity
7791,8,2025-01-02,SELL,1489,51.11,Equity
7792,7,2025-01-02,SELL,527,285.24,Equity
7793,9,2025-01-02,SELL,1986,238.9,Equity
7794,2,2025-01-02,SELL,2953,47.32,Equity
7795,12,2025-01-02,SELL,1110,231.5,Bond
7796,6,2025-01-02,SELL,1884,288.79,Equity
7797,6,2025-01-02,SELL,2875,288.85,Equity
7798,6,2025-01-02,BUY,4346,288.89,Equity
7799,15,2025-01-02,BUY,1810,288.67,Currency
7800,8,2025-01-02,SELL,2074,51.15,Equity
7801,10,2025-01-02,SELL,4555,59.61,Equity
7802,12,2025-01-02,BUY,1023,232.0,Bond
7803,13,2025-01-02,BUY,1837,51.66,Commodity
7804,13,2025-01-02,BUY,1196,51.61,Commodity
7805,15,2025-01-02,BUY,1536,287.25,Currency
7806,14,2025-01-02,SELL,839,74.78,Commodity
7807,15,2025-01-02,SELL,3447,287.31,Currency
7808,2,2025-01-02,SELL,1705,47.3,Equity
7809,2,2025-01-02,BUY,1222,47.28,Equity
7810,11,2025-01-02,BUY,1799,96.76,ETF
7811,3,2025-01-02,SELL,2679,142.82,Equity
7812,3,2025-01-02,BUY,23,142.87,Equity
7813,15,2025-01-02,SELL,2331,288.45,Currency
7814,13,2025-01-02,SELL,628,51.66,Commodity
7815,6,2025-01-02,SELL,4293,288.42,Equity
7816,13,2025-01-03,BUY,4565,51.67,Commodity
7817,1,2025-01-03,SELL,3361,402.93,Equity
7818,9,2025-01-03,BUY,2586,239.35,Equity
7819,10,2025-01-03,BUY,3106,58.83,Equity
7820,15,2025-01-03,BUY,1983,286.31,Currency
7821,4,2025-01-03,SELL,2271,113.59,Equity
7822,10,2025-01-03,SELL,2201,58.97,Equity
7823,5,2025-01-03,SELL,2956,505.51,Equity
7824,15,2025-01-03,BUY,133,285.32,Currency
7825,9,2025-01-03,SELL,431,238.8,Equity
7826,4,2025-01-03,BUY,3026,113.38,Equity
7827,2,2025-01-03,SELL,1523,46.26,Equity
7828,10,2025-01-03,BUY,3949,59.09,Equity
7829,3,2025-01-03,SELL,4974,142.82,Equity
7830,3,2025-01-03,BUY,1069,142.74,Equity
7831,10,2025-01-03,SELL,3433,58.82,Equity
7832,15,2025-01-03,BUY,2795,286.06,Currency
7833,8,2025-01-03,BUY,578,50.53,Equity
7834,1,2025-01-03,BUY,4514,402.63,Equity
7835,8,2025-01-03,SELL,4260,50.64,Equity
7836,3,2025-01-03,BUY,3933,142.82,Equity
7837,5,2025-01-03,SELL,4865,505.27,Equity
7838,15,2025-01-03,BUY,4064,285.58,Currency
7839,6,2025-01-03,SELL,4147,296.17,Equity
7840,15,2025-01-03,SELL,1691,285.17,Currency
7841,6,2025-01-03,BUY,4434,295.42,Equity
7842,8,2025-01-03,SELL,3608,50.63,Equity
7843,1,2025-01-03,BUY,3948,404.09,Equity
7844,8,2025-01-06,SELL,3905,51.98,Equity
7845,9,2025-01-06,BUY,1672,234.69,Equity
7846,15,2025-01-06,BUY,4720,282.6,Currency
7847,10,2025-01-06,SELL,3320,59.8,Equity
7848,14,2025-01-06,BUY,732,73.24,Commodity
7849,6,2025-01-06,SELL,4321,297.32,Equity
7850,3,2025-01-06,BUY,2236,143.7,Equity
7851,10,2025-01-06,SELL,309,59.86,Equity
7852,4,2025-01-06,SELL,409,114.4,Equity
7853,7,2025-01-06,BUY,3029,275.69,Equity
7854,7,2025-01-06,SELL,2540,274.69,Equity
7855,9,2025-01-06,SELL,4024,234.74,Equity
7856,11,2025-01-06,SELL,2785,95.27,ETF
7857,10,2025-01-06,SELL,1004,59.71,Equity
7858,4,2025-01-06,SELL,4232,114.62,Equity
7859,1,2025-01-06,BUY,4811,398.29,Equity
7860,3,2025-01-06,BUY,3605,143.37,Equity
7861,5,2025-01-06,SELL,4325,498.89,Equity
7862,2,2025-01-06,SELL,2920,45.81,Equity
7863,6,2025-01-06,BUY,2759,298.55,Equity
7864,4,2025-01-06,BUY,1504,114.62,Equity
7865,6,2025-01-06,SELL,1145,298.69,Equity
7866,1,2025-01-06,BUY,1586,396.6,Equity
7867,10,2025-01-06,SELL,1651,59.88,Equity
7868,8,2025-01-06,SELL,425,51.93,Equity
7869,8,2025-01-06,SELL,469,52.02,Equity
7870,3,2025-01-07,BUY,2784,148.46,Equity
7871,9,2025-01-07,BUY,3321,236.65,Equity
7872,4,2025-01-07,BUY,4195,114.18,Equity
7873,9,2025-01-07,SELL,3822,237.75,Equity
7874,4,2025-01-07,SELL,194,113.82,Equity
7875,11,2025-01-07,BUY,1986,97.07,ETF
7876,12,2025-01-07,BUY,3604,229.97,Bond
7877,6,2025-01-07,BUY,3560,293.57,Equity
7878,1,2025-01-07,SELL,3817,400.91,Equity
7879,2,2025-01-07,BUY,3203,45.26,Equity
7880,11,2025-01-07,SELL,599,97.33,ETF
7881,4,2025-01-07,BUY,4805,113.7,Equity
7882,13,2025-01-07,SELL,1348,49.97,Commodity
7883,8,2025-01-07,BUY,137,50.67,Equity
7884,7,2025-01-07,SELL,1683,280.36,Equity
7885,7,2025-01-07,SELL,3195,280.87,Equity
7886,1,2025-01-07,SELL,4503,400.23,Equity
7887,2,2025-01-07,BUY,3708,45.2,Equity
7888,10,2025-01-07,SELL,1012,59.07,Equity
7889,6,2025-01-07,SELL,4207,293.49,Equity
7890,9,2025-01-07,BUY,1814,237.63,Equity
7891,2,2025-01-07,SELL,1197,45.21,Equity
7892,5,2025-01-07,BUY,2342,502.48,Equity
7893,2,2025-01-07,SELL,3419,45.3,Equity
7894,4,2025-01-07,BUY,1700,113.98,Equity
7895,15,2025-01-07,BUY,910,279.86,Currency
7896,3,2025-01-07,BUY,295,147.89,Equity
7897,15,2025-01-08,SELL,4034,280.02,Currency
7898,12,2025-01-08,SELL,985,230.22,Bond
7899,6,2025-01-08,BUY,1612,291.63,Equity
7900,5,2025-01-08,SELL,3017,496.39,Equity
7901,10,2025-01-08,BUY,75,59.87,Equity
7902,10,2025-01-08,BUY,175,60.14,Equity
7903,15,2025-01-08,SELL,289,279.99,Currency
7904,4,2025-01-08,BUY,1281,115.49,Equity
7905,13,2025-01-08,BUY,1695,48.22,Commodity
7906,9,2025-01-08,BUY,4081,241.21,Equity
7907,11,2025-01-08,SELL,2141,96.65,ETF
7908,10,2025-01-08,SELL,3309,59.84,Equity
7909,11,2025-01-08,SELL,4011,96.91,ETF
7910,9,2025-01-08,BUY,1369,241.39,Equity
7911,13,2025-01-08,BUY,3464,48.49,Commodity
7912,14,2025-01-08,BUY,431,72.5,Commodity
7913,10,2025-01-08,BUY,3055,59.94,Equity
7914,15,2025-01-08,BUY,725,279.05,Currency
7915,1,2025-01-08,BUY,782,419.12,Equity
7916,1,2025-01-08,BUY,2326,418.38,Equity
7917,8,2025-01-08,SELL,600,51.18,Equity
7918,8,2025-01-08,BUY,1392,51.29,Equity
7919,15,2025-01-08,BUY,2020,278.78,Currency
7920,5,2025-01-08,SELL,2111,496.36,Equity
7921,13,2025-01-09,BUY,708,48.12,Commodity
7922,11,2025-01-09,SELL,4244,95.99,ETF
7923,7,2025-01-09,BUY,925,291.15,Equity
7924,3,2025-01-09,SELL,3410,145.59,Equity
7925,7,2025-01-09,SELL,3597,291.33,Equity
7926,8,2025-01-09,SELL,1245,51.25,Equity
7927,5,2025-01-09,BUY,3357,508.03,Equity
7928,6,2025-01-09,BUY,1149,301.53,Equity
7929,3,2025-01-09,BUY,196,145.6,Equity
7930,2,2025-01-09,BUY,2168,44.37,Equity
7931,1,2025-01-09,SELL,2329,412.05,Equity
7932,9,2025-01-09,BUY,63,243.24,Equity
7933,10,2025-01-09,SELL,536,61.29,Equity
7934,13,2025-01-09,SELL,2087,48.01,Commodity
7935,7,2025-01-09,BUY,4896,290.41,Equity
7936,7,2025-01-09,SELL,2036,291.24,Equity
7937,1,2025-01-09,BUY,1794,413.1,Equity
7938,11,2025-01-09,SELL,4991,96.4,ETF
7939,14,2025-01-09,BUY,1509,72.35,Commodity
7940,3,2025-01-09,BUY,3127,146.13,Equity
7941,8,2025-01-09,BUY,4905,51.4,Equity
7942,14,2025-01-09,SELL,1678,72.46,Commodity
7943,3,2025-01-09,SELL,553,145.71,Equity
7944,2,2025-01-09,BUY,2605,44.27,Equity
7945,11,2025-01-10,BUY,999,96.54,ETF
7946,15,2025-01-10,SELL,1113,277.77,Currency
7947,10,2025-01-10,BUY,21,60.74,Equity
7948,9,2025-01-10,SELL,1019,241.67,Equity
7949,13,2025-01-10,BUY,3321,48.21,Commodity
7950,9,2025-01-10,BUY,2538,242.49,Equity
7951,13,2025-01-10,BUY,858,48.39,Commodity
7952,3,2025-01-10,BUY,1079,149.41,Equity
7953,1,2025-01-10,BUY,3492,413.06,Equity
7954,1,2025-01-10,BUY,4691,413.28,Equity
7955,7,2025-01-10,SELL,2201,293.63,Equity
7956,14,2025-01-10,SELL,3605,71.63,Commodity
7957,4,2025-01-10,SELL,4690,115.81,Equity
7958,2,2025-01-10,SELL,1917,44.81,Equity
7959,4,2025-01-10,SELL,4464,115.43,Equity
7960,6,2025-01-10,SELL,2565,296.71,Equity
7961,9,2025-01-10,SELL,3613,241.81,Equity
7962,15,2025-01-10,SELL,693,278.15,Currency
7963,2,2025-01-10,SELL,2749,44.73,Equity
7964,9,2025-01-10,SELL,2080,241.72,Equity
7965,3,2025-01-10,SELL,3222,149.59,Equity
7966,4,2025-01-10,BUY,4385,115.92,Equity
7967,6,2025-01-13,SELL,25,303.5,Equity
7968,4,2025-01-13,BUY,3188,113.59,Equity
7969,4,2025-01-13,BUY,4917,113.55,Equity
7970,3,2025-01-13,BUY,2326,145.24,Equity
7971,5,2025-01-13,BUY,922,535.54,Equity
7972,6,2025-01-13,BUY,585,303.25,Equity
7973,4,2025-01-13,BUY,425,113.49,Equity
7974,9,2025-01-13,SELL,1963,242.6,Equity
7975,12,2025-01-13,BUY,2342,230.77,Bond
7976,2,2025-01-13,SELL,1340,45.68,Equity
7977,14,2025-01-13,SELL,3905,71.5,Commodity
7978,4,2025-01-13,BUY,1565,113.52,Equity
7979,7,2025-01-13,SELL,1454,290.85,Equity
7980,2,2025-01-13,SELL,4385,45.65,Equity
7981,8,2025-01-13,BUY,2378,52.08,Equity
7982,10,2025-01-13,BUY,4507,59.77,Equity
7983,8,2025-01-13,BUY,2272,52.13,Equity
7984,13,2025-01-13,SELL,3788,48.64,Commodity
7985,9,2025-01-13,SELL,507,241.66,Equity
7986,6,2025-01-13,SELL,1254,304.05,Equity
7987,3,2025-01-13,SELL,334,145.33,Equity
7988,15,2025-01-13,SELL,3075,277.72,Currency
7989,15,2025-01-13,BUY,294,278.4,Currency
7990,12,2025-01-14,SELL,1929,230.3,Bond
7991,9,2025-01-14,BUY,4548,240.3,Equity
7992,5,2025-01-14,BUY,2577,559.42,Equity
7993,13,2025-01-14,BUY,4472,47.96,Commodity
7994,2,2025-01-14,SELL,4016,46.66,Equity
7995,12,2025-01-14,BUY,1351,230.94,Bond
7996,10,2025-01-14,SELL,2076,60.05,Equity
7997,15,2025-01-14,BUY,3042,275.31,Currency
7998,1,2025-01-14,BUY,1236,427.5,Equity
7999,12,2025-01-14,BUY,3652,230.0,Bond
8000,7,2025-01-14,SELL,1473,286.9,Equity
8001,7,2025-01-14,BUY,4078,287.02,Equity
8002,15,2025-01-14,SELL,3731,276.48,Currency
8003,14,2025-01-14,SELL,3864,70.39,Commodity
8004,1,2025-01-14,SELL,540,426.81,Equity
8005,4,2025-01-14,BUY,2931,111.51,Equity
8006,11,2025-01-14,SELL,2996,97.05,ETF
8007,11,2025-01-14,SELL,2785,97.4,ETF
8008,7,2025-01-14,BUY,918,287.09,Equity
8009,14,2025-01-14,BUY,307,70.65,Commodity
8010,7,2025-01-14,SELL,2603,287.4,Equity
8011,1,2025-01-15,SELL,177,424.6,Equity
8012,12,2025-01-15,SELL,1641,229.82,Bond
8013,10,2025-01-15,BUY,4358,59.85,Equity
8014,15,2025-01-15,SELL,89,274.77,Currency
8015,15,2025-01-15,SELL,4974,275.17,Currency
8016,4,2025-01-15,SELL,1452,113.36,Equity
8017,4,2025-01-15,SELL,2063,113.55,Equity
8018,3,2025-01-15,BUY,1242,138.68,Equity
8019,1,2025-01-15,BUY,3872,423.54,Equity
8020,7,2025-01-15,BUY,3997,280.48,Equity
8021,2,2025-01-15,BUY,4478,46.77,Equity
8022,13,2025-01-15,BUY,4462,46.52,Commodity
8023,11,2025-01-15,SELL,2143,96.22,ETF
8024,11,2025-01-15,SELL,4099,96.51,ETF
8025,2,2025-01-15,BUY,4586,46.73,Equity
8026,13,2025-01-15,BUY,4165,46.53,Commodity
8027,1,2025-01-15,SELL,4537,425.61,Equity
8028,8,2025-01-15,BUY,2071,53.94,Equity
8029,12,2025-01-15,BUY,4658,229.22,Bond
8030,2,2025-01-15,SELL,1805,46.69,Equity
8031,12,2025-01-15,BUY,2686,229.09,Bond
8032,15,2025-01-15,SELL,434,275.0,Currency
8033,3,2025-01-15,BUY,2028,138.48,Equity
8034,1,2025-01-15,SELL,4650,425.31,Equity
8035,12,2025-01-15,BUY,4539,229.96,Bond
8036,9,2025-01-15,BUY,2001,245.13,Equity
8037,4,2025-01-15,SELL,4280,113.5,Equity
8038,6,2025-01-16,BUY,2683,291.12,Equity
8039,9,2025-01-16,BUY,4809,250.14,Equity
8040,10,2025-01-16,SELL,4667,61.03,Equity
8041,2,2025-01-16,SELL,4249,45.36,Equity
8042,6,2025-01-16,SELL,557,290.28,Equity
8043,7,2025-01-16,SELL,2256,278.38,Equity
8044,3,2025-01-16,BUY,3799,139.17,Equity
8045,1,2025-01-16,SELL,1973,426.67,Equity
8046,8,2025-01-16,BUY,2286,53.55,Equity
8047,8,2025-01-16,BUY,2416,53.56,Equity
8048,9,2025-01-16,BUY,2230,250.13,Equity
8049,9,2025-01-16,BUY,4956,248.95,Equity
8050,5,2025-01-16,SELL,3638,538.95,Equity
8051,4,2025-01-16,SELL,4012,116.29,Equity
8052,10,2025-01-16,BUY,4190,60.76,Equity
8053,5,2025-01-16,SELL,343,537.95,Equity
8054,14,2025-01-16,BUY,1641,72.56,Commodity
8055,7,2025-01-16,BUY,2224,278.69,Equity
8056,10,2025-01-16,BUY,4049,60.97,Equity
8057,8,2025-01-16,BUY,2727,53.44,Equity
8058,15,2025-01-16,SELL,1783,273.12,Currency
8059,9,2025-01-16,BUY,1429,249.47,Equity
8060,2,2025-01-16,BUY,3468,45.26,Equity
8061,14,2025-01-16,BUY,2611,72.29,Commodity
8062,9,2025-01-16,SELL,598,250.24,Equity
8063,1,2025-01-16,BUY,1227,426.0,Equity
8064,2,2025-01-16,BUY,1815,45.44,Equity
8065,9,2025-01-17,SELL,567,249.29,Equity
8066,7,2025-01-17,BUY,3878,272.48,Equity
8067,13,2025-01-17,SELL,663,44.98,Commodity
8068,10,2025-01-17,SELL,4072,62.13,Equity
8069,5,2025-01-17,BUY,3377,545.06,Equity
8070,12,2025-01-17,SELL,2879,230.36,Bond
8071,4,2025-01-17,SELL,4651,116.69,Equity
8072,11,2025-01-17,BUY,327,98.72,ETF
8073,6,2025-01-17,BUY,2542,290.45,Equity
8074,4,2025-01-17,SELL,4080,116.61,Equity
8075,10,2025-01-17,BUY,1747,62.09,Equity
8076,9,2025-01-17,BUY,421,249.17,Equity
8077,10,2025-01-17,BUY,2224,62.21,Equity
8078,6,2025-01-17,BUY,1848,291.47,Equity
8079,1,2025-01-17,SELL,1390,451.45,Equity
8080,14,2025-01-17,SELL,2650,73.16,Commodity
8081,12,2025-01-17,BUY,3085,229.58,Bond
8082,12,2025-01-17,BUY,3620,230.6,Bond
8083,14,2025-01-17,BUY,1503,73.0,Commodity
8084,6,2025-01-17,BUY,1149,291.23,Equity
8085,8,2025-01-17,BUY,1151,53.54,Equity
8086,4,2025-01-17,SELL,924,116.67,Equity
8087,8,2025-01-17,BUY,3125,53.43,Equity
8088,4,2025-01-17,BUY,2788,116.39,Equity
8089,13,2025-01-17,SELL,4162,44.82,Commodity
8090,13,2025-01-17,SELL,1266,44.88,Commodity
8091,6,2025-01-17,BUY,1549,290.98,Equity
8092,11,2025-01-17,BUY,3011,98.33,ETF
8093,2,2025-01-17,BUY,1649,45.69,Equity
8094,11,2025-01-17,SELL,3888,98.51,ETF
8095,7,2025-01-17,BUY,2549,274.04,Equity
8096,5,2025-01-17,BUY,505,544.31,Equity
8097,10,2025-01-17,SELL,4962,62.28,Equity
8098,4,2025-01-17,BUY,2803,116.14,Equity
8099,8,2025-01-17,BUY,912,53.25,Equity
8100,8,2025-01-17,SELL,3572,53.36,Equity
8101,7,2025-01-20,SELL,1948,263.39,Equity
8102,11,2025-01-20,BUY,218,99.75,ETF
8103,12,2025-01-20,SELL,2852,229.44,Bond
8104,4,2025-01-20,BUY,423,118.76,Equity
8105,14,2025-01-20,BUY,2377,71.26,Commodity
8106,15,2025-01-20,SELL,3818,274.14,Currency
8107,1,2025-01-20,SELL,1292,457.95,Equity
8108,5,2025-01-20,SELL,407,543.14,Equity
8109,4,2025-01-20,SELL,3963,118.64,Equity
8110,6,2025-01-20,BUY,4602,290.04,Equity
8111,3,2025-01-20,BUY,190,135.6,Equity
8112,15,2025-01-20,SELL,2656,272.9,Currency
8113,15,2025-01-20,BUY,1320,273.29,Currency
8114,5,2025-01-20,SELL,3082,540.91,Equity
8115,2,2025-01-20,BUY,1041,44.39,Equity
8116,12,2025-01-20,BUY,230,229.32,Bond
8117,7,2025-01-20,SELL,4266,263.72,Equity
8118,6,2025-01-20,SELL,944,290.09,Equity
8119,15,2025-01-20,SELL,4278,273.91,Currency
8120,3,2025-01-20,BUY,4277,135.78,Equity
8121,3,2025-01-20,SELL,4751,135.64,Equity
8122,4,2025-01-21,SELL,4567,121.97,Equity
8123,10,2025-01-21,SELL,4266,62.21,Equity
8124,5,2025-01-21,BUY,3303,544.46,Equity
8125,1,2025-01-21,BUY,3674,446.44,Equity
8126,2,2025-01-21,SELL,3924,44.3,Equity
8127,8,2025-01-21,SELL,275,56.26,Equity
8128,2,2025-01-21,SELL,4229,44.24,Equity
8129,8,2025-01-21,BUY,3511,56.33,Equity
8130,12,2025-01-21,BUY,4999,229.57,Bond
8131,9,2025-01-21,BUY,958,246.36,Equity
8132,1,2025-01-21,BUY,4648,445.56,Equity
8133,14,2025-01-21,BUY,4889,73.48,Commodity
8134,1,2025-01-21,SELL,3639,446.59,Equity
8135,10,2025-01-21,SELL,2441,62.53,Equity
8136,5,2025-01-21,BUY,4586,544.58,Equity
8137,9,2025-01-21,SELL,98,246.39,Equity
8138,8,2025-01-21,BUY,562,56.49,Equity
8139,10,2025-01-21,BUY,231,62.32,Equity
8140,2,2025-01-21,BUY,4269,44.38,Equity
8141,9,2025-01-21,BUY,4811,247.24,Equity
8142,1,2025-01-21,SELL,3449,445.92,Equity
8143,13,2025-01-21,SELL,1910,45.87,Commodity
8144,5,2025-01-21,BUY,1147,543.37,Equity
8145,6,2025-01-21,SELL,1899,291.97,Equity
8146,5,2025-01-21,BUY,4965,545.7,Equity
8147,8,2025-01-21,SELL,4137,56.23,Equity
8148,6,2025-01-21,BUY,2008,291.47,Equity
8149,6,2025-01-21,SELL,3887,291.12,Equity
8150,4,2025-01-21,BUY,4980,122.25,Equity
8151,6,2025-01-21,SELL,2908,291.13,Equity
8152,13,2025-01-21,BUY,2978,45.64,Commodity
8153,15,2025-01-21,SELL,2078,271.12,Currency
8154,13,2025-01-21,BUY,3872,45.81,Commodity
8155,5,2025-01-21,SELL,2044,543.23,Equity
8156,8,2025-01-21,BUY,31,56.24,Equity
8157,13,2025-01-21,BUY,1530,45.67,Commodity
8158,3,2025-01-21,BUY,3719,136.61,Equity
8159,1,2025-01-21,BUY,1288,447.2,Equity
8160,11,2025-01-21,BUY,4313,99.49,ETF
8161,10,2025-01-22,SELL,494,62.11,Equity
8162,11,2025-01-22,SELL,258,99.91,ETF
8163,6,2025-01-22,BUY,510,281.69,Equity
8164,13,2025-01-22,BUY,259,46.98,Commodity
8165,9,2025-01-22,SELL,904,244.85,Equity
8166,13,2025-01-22,SELL,4788,47.03,Commodity
8167,12,2025-01-22,SELL,3892,228.11,Bond
8168,8,2025-01-22,SELL,1551,55.38,Equity
8169,4,2025-01-22,SELL,1580,121.93,Equity
8170,8,2025-01-22,SELL,1693,55.39,Equity
8171,12,2025-01-22,SELL,1201,227.33,Bond
8172,9,2025-01-22,SELL,3870,243.79,Equity
8173,3,2025-01-22,BUY,2196,140.66,Equity
8174,4,2025-01-22,SELL,4941,121.51,Equity
8175,12,2025-01-22,SELL,1543,228.18,Bond
8176,9,2025-01-22,BUY,4394,244.2,Equity
8177,15,2025-01-22,BUY,4772,270.37,Currency
8178,9,2025-01-22,BUY,4707,244.85,Equity
8179,2,2025-01-22,SELL,2462,43.16,Equity
8180,12,2025-01-22,BUY,3692,228.22,Bond
8181,11,2025-01-22,BUY,4071,100.4,ETF
8182,15,2025-01-22,BUY,2069,270.27,Currency
8183,15,2025-01-22,BUY,1429,269.96,Currency
8184,4,2025-01-22,SELL,1321,121.85,Equity
8185,5,2025-01-22,BUY,572,537.6,Equity
8186,10,2025-01-22,BUY,4030,62.03,Equity
8187,1,2025-01-22,BUY,4530,445.79,Equity
8188,11,2025-01-22,BUY,1844,100.45,ETF
8189,11,2025-01-22,SELL,2124,100.23,ETF
8190,13,2025-01-22,BUY,3547,46.97,Commodity
8191,8,2025-01-22,BUY,3478,55.26,Equity
8192,10,2025-01-22,SELL,1219,62.07,Equity
8193,4,2025-01-22,BUY,4931,121.47,Equity
8194,1,2025-01-22,BUY,4451,445.14,Equity
8195,6,2025-01-22,SELL,102,281.61,Equity
8196,8,2025-01-22,SELL,2356,55.26,Equity
8197,14,2025-01-22,BUY,1816,74.42,Commodity
8198,12,2025-01-23,SELL,808,228.88,Bond
8199,5,2025-01-23,SELL,2392,535.55,Equity
8200,15,2025-01-23,BUY,3894,268.74,Currency
8201,4,2025-01-23,BUY,4318,122.05,Equity
8202,4,2025-01-23,SELL,2045,122.07,Equity
8203,4,2025-01-23,BUY,2719,122.34,Equity
8204,7,2025-01-23,BUY,420,279.96,Equity
8205,8,2025-01-23,BUY,3171,53.74,Equity
8206,14,2025-01-23,BUY,1010,71.7,Commodity
8207,12,2025-01-23,SELL,4111,229.28,Bond
8208,3,2025-01-23,BUY,4278,136.36,Equity
8209,6,2025-01-23,BUY,4937,269.08,Equity
8210,7,2025-01-23,BUY,4769,279.22,Equity
8211,11,2025-01-23,SELL,2319,99.16,ETF
8212,5,2025-01-23,BUY,2402,535.5,Equity
8213,10,2025-01-23,BUY,2090,61.93,Equity
8214,13,2025-01-23,BUY,3362,47.93,Commodity
8215,15,2025-01-23,SELL,2096,268.24,Currency
8216,4,2025-01-23,BUY,2067,121.87,Equity
8217,1,2025-01-23,SELL,2535,435.49,Equity
8218,14,2025-01-23,SELL,99,71.36,Commodity
8219,4,2025-01-23,SELL,4026,122.36,Equity
8220,9,2025-01-24,SELL,4099,249.99,Equity
8221,13,2025-01-24,SELL,3320,48.03,Commodity
8222,1,2025-01-24,SELL,1604,444.27,Equity
8223,12,2025-01-24,SELL,1028,227.47,Bond
8224,2,2025-01-24,SELL,4210,41.79,Equity
8225,6,2025-01-24,SELL,316,267.61,Equity
8226,5,2025-01-24,SELL,1109,524.88,Equity
8227,2,2025-01-24,SELL,3386,41.96,Equity
8228,13,2025-01-24,BUY,387,47.86,Commodity
8229,15,2025-01-24,SELL,3242,271.01,Currency
8230,8,2025-01-24,SELL,3243,55.13,Equity
8231,6,2025-01-24,BUY,1702,267.82,Equity
8232,13,2025-01-24,SELL,2230,47.95,Commodity
8233,14,2025-01-24,SELL,3124,69.78,Commodity
8234,4,2025-01-24,SELL,4670,121.47,Equity
8235,11,2025-01-24,BUY,3667,98.4,ETF
8236,7,2025-01-24,BUY,1499,285.58,Equity
8237,1,2025-01-24,SELL,2905,446.07,Equity
8238,8,2025-01-24,SELL,3369,55.04,Equity
8239,12,2025-01-24,SELL,477,227.78,Bond
8240,6,2025-01-24,BUY,3253,268.6,Equity
8241,15,2025-01-24,BUY,2868,271.78,Currency
8242,12,2025-01-24,BUY,721,227.91,Bond
8243,6,2025-01-24,SELL,2822,268.9,Equity
8244,13,2025-01-24,BUY,1163,47.95,Commodity
8245,2,2025-01-27,BUY,3329,43.4,Equity
8246,11,2025-01-27,BUY,2191,97.41,ETF
8247,8,2025-01-27,BUY,1640,53.38,Equity
8248,10,2025-01-27,SELL,450,63.4,Equity
8249,8,2025-01-27,SELL,1294,53.42,Equity
8250,7,2025-01-27,BUY,896,282.47,Equity
8251,2,2025-01-27,BUY,2606,43.55,Equity
8252,1,2025-01-27,BUY,4971,438.7,Equity
8253,14,2025-01-27,SELL,676,69.35,Commodity
8254,2,2025-01-27,BUY,139,43.58,Equity
8255,2,2025-01-27,BUY,4776,43.37,Equity
8256,8,2025-01-27,SELL,1895,53.48,Equity
8257,9,2025-01-27,SELL,1442,258.09,Equity
8258,8,2025-01-27,SELL,3812,53.33,Equity
8259,2,2025-01-27,SELL,2813,43.5,Equity
8260,5,2025-01-27,SELL,1573,518.72,Equity
8261,5,2025-01-27,BUY,36,518.76,Equity
8262,2,2025-01-27,BUY,2930,43.58,Equity
8263,2,2025-01-27,BUY,2176,43.36,Equity
8264,15,2025-01-27,SELL,3476,272.18,Currency
8265,8,2025-01-27,SELL,840,53.4,Equity
8266,7,2025-01-27,SELL,2382,282.62,Equity
8267,4,2025-01-27,BUY,3743,122.0,Equity
8268,2,2025-01-27,BUY,3605,43.57,Equity
8269,14,2025-01-27,SELL,3597,69.39,Commodity
8270,4,2025-01-27,BUY,337,122.18,Equity
8271,8,2025-01-27,BUY,3020,53.28,Equity
8272,10,2025-01-27,SELL,2170,63.37,Equity
8273,15,2025-01-27,SELL,751,271.27,Currency
8274,13,2025-01-27,SELL,3941,48.39,Commodity
8275,10,2025-01-27,BUY,1446,63.51,Equity
8276,3,2025-01-27,BUY,1625,138.39,Equity
8277,15,2025-01-27,SELL,598,271.26,Currency
8278,10,2025-01-27,SELL,2945,63.47,Equity
8279,15,2025-01-27,SELL,4094,272.42,Currency
8280,1,2025-01-27,BUY,2354,438.76,Equity
8281,11,2025-01-27,SELL,364,97.64,ETF
8282,3,2025-01-28,BUY,4612,141.8,Equity
8283,4,2025-01-28,SELL,827,121.81,Equity
8284,15,2025-01-28,BUY,3220,270.73,Currency
8285,7,2025-01-28,BUY,298,283.01,Equity
8286,9,2025-01-28,BUY,449,260.57,Equity
8287,4,2025-01-28,SELL,1140,121.77,Equity
8288,8,2025-01-28,BUY,381,53.51,Equity
8289,6,2025-01-28,SELL,316,270.03,Equity
8290,7,2025-01-28,BUY,4579,284.48,Equity
8291,13,2025-01-28,SELL,710,49.52,Commodity
8292,7,2025-01-28,BUY,4470,283.39,Equity
8293,2,2025-01-28,SELL,2163,44.17,Equity
8294,7,2025-01-28,BUY,2956,283.7,Equity
8295,3,2025-01-28,BUY,1386,141.98,Equity
8296,2,2025-01-28,BUY,4690,44.14,Equity
8297,7,2025-01-28,SELL,1618,283.76,Equity
8298,4,2025-01-28,BUY,2690,121.41,Equity
8299,12,2025-01-28,SELL,932,230.86,Bond
8300,2,2025-01-28,SELL,4556,44.16,Equity
8301,2,2025-01-28,BUY,3802,44.19,Equity
8302,10,2025-01-28,SELL,3388,63.45,Equity
8303,12,2025-01-28,SELL,3731,230.99,Bond
8304,8,2025-01-28,SELL,3147,53.42,Equity
8305,12,2025-01-29,SELL,4909,231.26,Bond
8306,7,2025-01-29,SELL,2867,281.3,Equity
8307,15,2025-01-29,SELL,1798,273.13,Currency
8308,11,2025-01-29,SELL,4316,95.87,ETF
8309,14,2025-01-29,SELL,2213,69.26,Commodity
8310,15,2025-01-29,BUY,1033,271.61,Currency
8311,15,2025-01-29,BUY,770,272.35,Currency
8312,13,2025-01-29,BUY,3083,48.94,Commodity
8313,2,2025-01-29,BUY,1295,42.77,Equity
8314,15,2025-01-29,BUY,3005,272.4,Currency
8315,6,2025-01-29,SELL,3913,274.8,Equity
8316,9,2025-01-29,BUY,4375,266.36,Equity
8317,3,2025-01-29,SELL,1427,138.3,Equity
8318,8,2025-01-29,BUY,4424,52.26,Equity
8319,7,2025-01-29,BUY,3584,282.26,Equity
8320,8,2025-01-29,BUY,3269,52.25,Equity
8321,1,2025-01-29,BUY,3871,435.06,Equity
8322,10,2025-01-29,BUY,3314,64.39,Equity
8323,2,2025-01-29,BUY,4999,42.94,Equity
8324,15,2025-01-29,SELL,502,272.81,Currency
8325,11,2025-01-29,BUY,1490,95.73,ETF
8326,7,2025-01-30,SELL,1977,277.98,Equity
8327,6,2025-01-30,SELL,400,270.75,Equity
8328,10,2025-01-30,SELL,1763,62.91,Equity
8329,2,2025-01-30,BUY,195,41.74,Equity
8330,3,2025-01-30,SELL,1395,139.14,Equity
8331,7,2025-01-30,BUY,560,278.13,Equity
8332,11,2025-01-30,BUY,4877,97.3,ETF
8333,9,2025-01-30,BUY,3698,270.66,Equity
8334,5,2025-01-30,BUY,4975,506.97,Equity
8335,9,2025-01-30,SELL,2012,270.79,Equity
8336,7,2025-01-30,BUY,2054,278.62,Equity
8337,7,2025-01-30,SELL,1149,277.75,Equity
8338,10,2025-01-30,SELL,3093,63.17,Equity
8339,10,2025-01-30,BUY,3683,62.97,Equity
8340,11,2025-01-30,SELL,3476,96.93,ETF
8341,9,2025-01-30,BUY,1438,270.51,Equity
8342,15,2025-01-30,BUY,86,273.84,Currency
8343,4,2025-01-30,SELL,461,123.39,Equity
8344,14,2025-01-30,SELL,184,69.47,Commodity
8345,15,2025-01-30,BUY,594,274.01,Currency
8346,8,2025-01-30,BUY,2049,52.42,Equity
8347,3,2025-01-30,BUY,4832,139.17,Equity
8348,9,2025-01-30,BUY,4499,271.23,Equity
8349,6,2025-01-30,SELL,4786,272.13,Equity
8350,6,2025-01-30,BUY,2767,270.87,Equity
8351,13,2025-01-30,SELL,4604,48.58,Commodity
8352,6,2025-01-31,BUY,3143,269.1,Equity
8353,2,2025-01-31,BUY,1170,42.7,Equity
8354,11,2025-01-31,BUY,3700,97.02,ETF
8355,12,2025-01-31,BUY,4756,227.78,Bond
8356,4,2025-01-31,BUY,1974,123.13,Equity
8357,7,2025-01-31,SELL,2398,284.43,Equity
8358,10,2025-01-31,BUY,694,63.66,Equity
8359,14,2025-01-31,BUY,1825,67.98,Commodity
8360,6,2025-01-31,BUY,1558,269.48,Equity
8361,14,2025-01-31,SELL,2965,67.76,Commodity
8362,10,2025-01-31,BUY,977,63.61,Equity
8363,9,2025-01-31,BUY,4149,275.56,Equity
8364,13,2025-01-31,BUY,3184,48.59,Commodity
8365,10,2025-01-31,BUY,2032,63.87,Equity
8366,11,2025-01-31,BUY,478,96.77,ETF
8367,15,2025-01-31,BUY,1672,274.24,Currency
8368,9,2025-01-31,BUY,3136,276.09,Equity
8369,1,2025-01-31,SELL,2850,403.89,Equity
8370,3,2025-01-31,BUY,4048,144.83,Equity
8371,8,2025-01-31,BUY,3390,53.73,Equity
8372,4,2025-01-31,SELL,326,123.63,Equity
8373,9,2025-01-31,SELL,4074,275.3,Equity
8374,13,2025-01-31,SELL,1635,48.66,Commodity
8375,7,2025-01-31,SELL,463,284.55,Equity
8376,14,2025-02-03,SELL,1035,67.82,Commodity
8377,15,2025-02-03,BUY,4191,277.08,Currency
8378,15,2025-02-03,BUY,900,276.72,Currency
8379,15,2025-02-03,BUY,1643,277.26,Currency
8380,10,2025-02-03,SELL,2012,63.81,Equity
8381,5,2025-02-03,BUY,249,522.79,Equity
8382,7,2025-02-03,BUY,3749,278.95,Equity
8383,6,2025-02-03,BUY,3254,266.19,Equity
8384,7,2025-02-03,SELL,1455,279.61,Equity
8385,14,2025-02-03,BUY,3075,67.88,Commodity
8386,15,2025-02-03,BUY,1603,276.72,Currency
8387,1,2025-02-03,BUY,2211,403.46,Equity
8388,11,2025-02-03,BUY,2732,94.93,ETF
8389,1,2025-02-03,BUY,4629,403.68,Equity
8390,6,2025-02-03,BUY,390,266.47,Equity
8391,13,2025-02-03,SELL,1399,49.46,Commodity
8392,14,2025-02-03,SELL,1184,67.96,Commodity
8393,7,2025-02-03,SELL,2885,279.91,Equity
8394,14,2025-02-03,BUY,2969,68.01,Commodity
8395,15,2025-02-03,SELL,2162,276.19,Currency
8396,14,2025-02-03,SELL,1300,67.87,Commodity
8397,8,2025-02-03,SELL,1526,54.79,Equity
8398,8,2025-02-03,SELL,1231,54.92,Equity
8399,9,2025-02-03,BUY,4770,286.06,Equity
8400,10,2025-02-03,SELL,2544,63.6,Equity
8401,6,2025-02-03,BUY,4714,266.32,Equity
8402,11,2025-02-04,SELL,3112,97.42,ETF
8403,12,2025-02-04,BUY,3253,227.98,Bond
8404,4,2025-02-04,BUY,4602,122.81,Equity
8405,9,2025-02-04,SELL,4391,282.25,Equity
8406,8,2025-02-04,SELL,871,56.06,Equity
8407,15,2025-02-04,SELL,1045,274.08,Currency
8408,4,2025-02-04,SELL,1104,122.7,Equity
8409,3,2025-02-04,BUY,4346,145.89,Equity
8410,4,2025-02-04,BUY,2566,122.46,Equity
8411,11,2025-02-04,BUY,1255,97.5,ETF
8412,1,2025-02-04,BUY,1048,405.81,Equity
8413,10,2025-02-04,BUY,2384,63.49,Equity
8414,7,2025-02-04,BUY,4452,279.06,Equity
8415,3,2025-02-04,SELL,1947,145.98,Equity
8416,8,2025-02-04,BUY,4815,56.02,Equity
8417,8,2025-02-04,SELL,312,56.08,Equity
8418,2,2025-02-04,SELL,561,43.13,Equity
8419,11,2025-02-04,BUY,1002,97.57,ETF
8420,9,2025-02-04,BUY,3569,281.72,Equity
8421,7,2025-02-04,SELL,3307,279.29,Equity
8422,8,2025-02-04,SELL,1156,55.88,Equity
8423,4,2025-02-04,BUY,4352,123.0,Equity
8424,5,2025-02-04,SELL,2562,539.3,Equity
8425,2,2025-02-04,SELL,4662,43.26,Equity
8426,6,2025-02-04,SELL,4875,258.48,Equity
8427,15,2025-02-04,SELL,561,274.49,Currency
8428,14,2025-02-04,BUY,3623,68.2,Commodity
8429,5,2025-02-04,SELL,2544,540.11,Equity
8430,2,2025-02-04,SELL,1586,43.17,Equity
8431,2,2025-02-04,SELL,2753,43.29,Equity
8432,11,2025-02-04,BUY,616,97.83,ETF
8433,4,2025-02-04,BUY,785,122.94,Equity
8434,9,2025-02-04,BUY,3098,281.98,Equity
8435,5,2025-02-05,BUY,2955,515.76,Equity
8436,2,2025-02-05,BUY,488,43.13,Equity
8437,3,2025-02-05,SELL,517,144.04,Equity
8438,7,2025-02-05,SELL,589,286.24,Equity
8439,5,2025-02-05,BUY,3490,515.43,Equity
8440,15,2025-02-05,BUY,2766,271.13,Currency
8441,15,2025-02-05,SELL,2421,270.8,Currency
8442,12,2025-02-05,BUY,4127,230.64,Bond
8443,8,2025-02-05,BUY,2152,55.14,Equity
8444,15,2025-02-05,BUY,912,271.61,Currency
8445,15,2025-02-05,SELL,2334,271.56,Currency
8446,10,2025-02-05,SELL,1339,64.11,Equity
8447,9,2025-02-05,BUY,1278,285.65,Equity
8448,10,2025-02-05,SELL,4067,63.96,Equity
8449,9,2025-02-05,SELL,899,286.4,Equity
8450,4,2025-02-05,BUY,4100,122.5,Equity
8451,10,2025-02-05,BUY,1841,63.95,Equity
8452,13,2025-02-05,BUY,1707,47.06,Commodity
8453,2,2025-02-05,SELL,925,42.99,Equity
8454,5,2025-02-05,SELL,3607,516.91,Equity
8455,7,2025-02-05,BUY,4956,286.6,Equity
8456,5,2025-02-06,SELL,3340,514.36,Equity
8457,8,2025-02-06,BUY,2711,56.86,Equity
8458,10,2025-02-06,SELL,2930,63.41,Equity
8459,2,2025-02-06,BUY,771,42.1,Equity
8460,5,2025-02-06,SELL,1547,514.06,Equity
8461,11,2025-02-06,SELL,1248,97.87,ETF
8462,11,2025-02-06,SELL,110,98.06,ETF
8463,10,2025-02-06,SELL,4844,63.19,Equity
8464,5,2025-02-06,SELL,1510,515.19,Equity
8465,3,2025-02-06,SELL,2914,146.74,Equity
8466,8,2025-02-06,SELL,4921,56.9,Equity
8467,9,2025-02-06,SELL,2570,292.27,Equity
8468,10,2025-02-06,SELL,4339,63.31,Equity
8469,4,2025-02-06,BUY,1832,119.7,Equity
8470,15,2025-02-06,BUY,4647,271.31,Currency
8471,7,2025-02-06,BUY,559,288.38,Equity
8472,5,2025-02-06,SELL,938,513.88,Equity
8473,11,2025-02-06,SELL,4070,98.19,ETF
8474,2,2025-02-06,SELL,2248,42.1,Equity
8475,6,2025-02-06,SELL,653,260.25,Equity
8476,15,2025-02-06,SELL,3726,271.32,Currency
8477,2,2025-02-06,SELL,854,42.22,Equity
8478,3,2025-02-06,SELL,2074,147.18,Equity
8479,6,2025-02-06,BUY,2975,260.05,Equity
8480,10,2025-02-06,BUY,1437,63.14,Equity
8481,7,2025-02-07,SELL,1570,298.7,Equity
8482,1,2025-02-07,SELL,3736,415.69,Equity
8483,9,2025-02-07,SELL,2295,299.58,Equity
8484,15,2025-02-07,BUY,1070,272.06,Currency
8485,2,2025-02-07,SELL,636,41.98,Equity
8486,13,2025-02-07,SELL,4701,45.18,Commodity
8487,11,2025-02-07,SELL,2837,99.01,ETF
8488,3,2025-02-07,SELL,4872,148.92,Equity
8489,9,2025-02-07,BUY,2912,299.54,Equity
8490,5,2025-02-07,SELL,426,523.23,Equity
8491,14,2025-02-07,SELL,4587,68.05,Commodity
8492,4,2025-02-07,BUY,1161,119.12,Equity
8493,7,2025-02-07,BUY,213,298.92,Equity
8494,12,2025-02-07,SELL,2027,229.61,Bond
8495,7,2025-02-07,SELL,402,298.84,Equity
8496,8,2025-02-07,SELL,1211,56.23,Equity
8497,14,2025-02-07,BUY,3641,67.87,Commodity
8498,11,2025-02-07,BUY,4579,98.96,ETF
8499,15,2025-02-07,SELL,2014,271.18,Currency
8500,12,2025-02-07,SELL,4483,229.92,Bond
8501,3,2025-02-07,SELL,2465,148.26,Equity
8502,8,2025-02-07,SELL,4425,56.29,Equity
8503,9,2025-02-07,BUY,3413,300.52,Equity
8504,3,2025-02-07,BUY,2294,148.41,Equity
8505,14,2025-02-07,BUY,1115,68.24,Commodity
8506,8,2025-02-07,BUY,936,56.23,Equity
8507,13,2025-02-07,SELL,2435,45.21,Commodity
8508,14,2025-02-07,BUY,3953,68.05,Commodity
8509,11,2025-02-07,SELL,1560,98.92,ETF
8510,11,2025-02-07,SELL,1321,98.79,ETF
8511,8,2025-02-07,SELL,4115,56.23,Equity
8512,5,2025-02-07,BUY,3141,524.09,Equity
8513,1,2025-02-07,SELL,4483,415.26,Equity
8514,12,2025-02-07,SELL,1766,229.44,Bond
8515,8,2025-02-10,BUY,3072,56.91,Equity
8516,11,2025-02-10,SELL,4514,98.57,ETF
8517,14,2025-02-10,SELL,2781,69.14,Commodity
8518,5,2025-02-10,BUY,3966,521.68,Equity
8519,11,2025-02-10,BUY,1484,98.42,ETF
8520,5,2025-02-10,SELL,3090,522.24,Equity
8521,9,2025-02-10,BUY,1186,302.33,Equity
8522,9,2025-02-10,BUY,3940,302.24,Equity
8523,1,2025-02-10,BUY,1181,416.15,Equity
8524,14,2025-02-10,BUY,4642,69.17,Commodity
8525,4,2025-02-10,BUY,2114,117.82,Equity
8526,8,2025-02-10,SELL,2948,57.04,Equity
8527,11,2025-02-10,BUY,1738,98.33,ETF
8528,13,2025-02-10,BUY,2935,43.91,Commodity
8529,14,2025-02-10,SELL,2804,69.18,Commodity
8530,1,2025-02-10,SELL,4008,415.39,Equity
8531,9,2025-02-10,BUY,1726,303.0,Equity
8532,13,2025-02-10,BUY,1913,43.96,Commodity
8533,2,2025-02-10,BUY,3347,41.9,Equity
8534,8,2025-02-10,SELL,2313,56.85,Equity
8535,11,2025-02-10,BUY,2005,98.32,ETF
8536,7,2025-02-10,BUY,4257,306.77,Equity
8537,15,2025-02-10,BUY,4189,270.74,Currency
8538,8,2025-02-10,BUY,3279,57.02,Equity
8539,15,2025-02-10,SELL,4098,271.21,Currency
8540,4,2025-02-10,BUY,4372,117.99,Equity
8541,3,2025-02-10,SELL,505,150.68,Equity
8542,8,2025-02-10,BUY,1156,56.77,Equity
8543,9,2025-02-10,BUY,447,303.39,Equity
8544,14,2025-02-11,SELL,1905,70.73,Commodity
8545,4,2025-02-11,BUY,166,114.56,Equity
8546,15,2025-02-11,SELL,2461,273.5,Currency
8547,3,2025-02-11,BUY,2106,153.3,Equity
8548,14,2025-02-11,BUY,1449,70.84,Commodity
8549,9,2025-02-11,SELL,3667,291.29,Equity
8550,11,2025-02-11,SELL,998,98.33,ETF
8551,11,2025-02-11,SELL,4713,98.4,ETF
8552,11,2025-02-11,SELL,2623,98.24,ETF
8553,2,2025-02-11,SELL,4138,41.49,Equity
8554,3,2025-02-11,BUY,1493,153.23,Equity
8555,2,2025-02-11,SELL,1373,41.5,Equity
8556,12,2025-02-11,BUY,4674,229.5,Bond
8557,2,2025-02-11,BUY,2553,41.71,Equity
8558,3,2025-02-11,BUY,929,153.14,Equity
8559,14,2025-02-11,SELL,1905,70.71,Commodity
8560,12,2025-02-11,SELL,1849,228.23,Bond
8561,10,2025-02-11,BUY,3367,61.64,Equity
8562,3,2025-02-11,SELL,1554,153.11,Equity
8563,2,2025-02-11,SELL,2781,41.61,Equity
8564,14,2025-02-11,SELL,3438,70.65,Commodity
8565,11,2025-02-11,SELL,2844,98.01,ETF
8566,1,2025-02-11,SELL,1863,424.46,Equity
8567,7,2025-02-11,SELL,3467,299.46,Equity
8568,13,2025-02-11,SELL,2146,43.05,Commodity
8569,14,2025-02-11,SELL,1301,70.61,Commodity
8570,12,2025-02-11,SELL,1500,229.08,Bond
8571,10,2025-02-11,SELL,1075,61.87,Equity
8572,3,2025-02-12,BUY,2329,149.88,Equity
8573,7,2025-02-12,SELL,887,292.78,Equity
8574,5,2025-02-12,SELL,618,514.25,Equity
8575,4,2025-02-12,BUY,3717,112.7,Equity
8576,1,2025-02-12,SELL,3240,417.23,Equity
8577,11,2025-02-12,SELL,3664,97.62,ETF
8578,5,2025-02-12,BUY,115,512.53,Equity
8579,9,2025-02-12,SELL,3812,290.74,Equity
8580,14,2025-02-12,SELL,3169,69.56,Commodity
8581,14,2025-02-12,SELL,1575,69.46,Commodity
8582,7,2025-02-12,BUY,3645,293.52,Equity
8583,3,2025-02-12,SELL,447,149.7,Equity
8584,5,2025-02-12,SELL,3144,513.32,Equity
8585,3,2025-02-12,BUY,2853,149.55,Equity
8586,3,2025-02-12,SELL,3729,149.32,Equity
8587,1,2025-02-12,BUY,4234,416.73,Equity
8588,2,2025-02-12,SELL,1970,40.5,Equity
8589,1,2025-02-12,SELL,2607,417.02,Equity
8590,3,2025-02-12,SELL,501,149.74,Equity
8591,12,2025-02-12,BUY,224,227.89,Bond
8592,6,2025-02-12,BUY,3775,255.86,Equity
8593,10,2025-02-12,SELL,2763,62.05,Equity
8594,3,2025-02-12,BUY,616,149.62,Equity
8595,1,2025-02-12,SELL,3364,416.64,Equity
8596,14,2025-02-12,SELL,4113,69.34,Commodity
8597,10,2025-02-12,BUY,102,62.03,Equity
8598,2,2025-02-12,SELL,1671,40.56,Equity
8599,13,2025-02-12,SELL,4124,41.68,Commodity
8600,5,2025-02-12,BUY,3486,514.93,Equity
8601,4,2025-02-12,BUY,3590,112.56,Equity
8602,14,2025-02-12,BUY,1960,69.44,Commodity
8603,15,2025-02-12,SELL,2990,272.05,Currency
8604,8,2025-02-12,BUY,4515,54.69,Equity
8605,9,2025-02-12,BUY,4140,290.72,Equity
8606,5,2025-02-12,BUY,2502,514.86,Equity
8607,7,2025-02-12,BUY,1953,292.73,Equity
8608,3,2025-02-12,SELL,4010,149.26,Equity
8609,14,2025-02-12,SELL,3345,69.34,Commodity
8610,8,2025-02-13,SELL,728,54.13,Equity
8611,7,2025-02-13,SELL,605,291.5,Equity
8612,5,2025-02-13,SELL,435,519.48,Equity
8613,11,2025-02-13,BUY,1249,97.78,ETF
8614,15,2025-02-13,BUY,3526,272.27,Currency
8615,13,2025-02-13,BUY,1215,40.49,Commodity
8616,15,2025-02-13,BUY,4980,271.55,Currency
8617,13,2025-02-13,BUY,608,40.42,Commodity
8618,5,2025-02-13,SELL,1246,521.01,Equity
8619,1,2025-02-13,SELL,4024,417.34,Equity
8620,9,2025-02-13,SELL,3182,281.44,Equity
8621,2,2025-02-13,SELL,3076,40.81,Equity
8622,14,2025-02-13,SELL,3756,68.38,Commodity
8623,4,2025-02-13,BUY,3950,112.85,Equity
8624,10,2025-02-13,BUY,2442,63.73,Equity
8625,9,2025-02-13,BUY,3634,281.76,Equity
8626,14,2025-02-13,BUY,2818,68.34,Commodity
8627,1,2025-02-13,BUY,1751,417.13,Equity
8628,13,2025-02-13,BUY,852,40.44,Commodity
8629,14,2025-02-13,SELL,926,68.12,Commodity
8630,2,2025-02-13,BUY,4008,40.77,Equity
8631,3,2025-02-13,BUY,2440,150.76,Equity
8632,10,2025-02-13,BUY,1948,63.78,Equity
8633,5,2025-02-13,BUY,3689,519.51,Equity
8634,6,2025-02-13,SELL,3246,257.67,Equity
8635,15,2025-02-13,BUY,4677,272.22,Currency
8636,1,2025-02-13,BUY,4687,417.48,Equity
8637,8,2025-02-13,SELL,4162,54.1,Equity
8638,5,2025-02-13,BUY,4013,520.05,Equity
8639,10,2025-02-13,SELL,3710,63.87,Equity
8640,14,2025-02-13,BUY,3813,68.25,Commodity
8641,13,2025-02-13,BUY,690,40.6,Commodity
8642,3,2025-02-13,SELL,3085,150.53,Equity
8643,6,2025-02-14,SELL,3146,254.59,Equity
8644,8,2025-02-14,BUY,594,54.29,Equity
8645,6,2025-02-14,BUY,3809,254.32,Equity
8646,9,2025-02-14,SELL,917,288.67,Equity
8647,1,2025-02-14,BUY,3841,412.29,Equity
8648,13,2025-02-14,SELL,3249,40.91,Commodity
8649,6,2025-02-14,BUY,2368,254.51,Equity
8650,2,2025-02-14,SELL,4763,39.65,Equity
8651,6,2025-02-14,BUY,4465,254.67,Equity
8652,6,2025-02-14,SELL,1339,255.25,Equity
8653,13,2025-02-14,SELL,1103,40.97,Commodity
8654,11,2025-02-14,SELL,2842,96.56,ETF
8655,13,2025-02-14,SELL,4782,41.07,Commodity
8656,3,2025-02-14,BUY,745,153.02,Equity
8657,9,2025-02-14,BUY,1385,288.3,Equity
8658,8,2025-02-14,BUY,3017,54.32,Equity
8659,12,2025-02-14,SELL,4382,228.51,Bond
8660,11,2025-02-14,SELL,78,96.34,ETF
8661,1,2025-02-14,BUY,711,413.17,Equity
8662,6,2025-02-14,SELL,2908,254.42,Equity
8663,6,2025-02-14,BUY,1958,254.77,Equity
8664,6,2025-02-14,BUY,4465,255.31,Equity
8665,11,2025-02-14,BUY,3417,96.35,ETF
8666,1,2025-02-14,SELL,3478,414.28,Equity
8667,13,2025-02-14,SELL,3942,41.06,Commodity
8668,3,2025-02-14,BUY,1548,153.65,Equity
8669,1,2025-02-14,BUY,4413,414.14,Equity
8670,12,2025-02-14,BUY,4433,227.99,Bond
8671,1,2025-02-14,SELL,2022,413.96,Equity
8672,10,2025-02-14,BUY,4057,66.24,Equity
8673,13,2025-02-14,BUY,3466,41.04,Commodity
8674,2,2025-02-14,BUY,4952,39.6,Equity
8675,12,2025-02-14,SELL,4329,228.57,Bond
8676,14,2025-02-14,BUY,4732,66.98,Commodity
8677,7,2025-02-14,BUY,64,291.96,Equity
8678,13,2025-02-14,BUY,3549,40.98,Commodity
8679,7,2025-02-14,BUY,265,291.23,Equity
8680,8,2025-02-14,BUY,843,54.2,Equity
8681,6,2025-02-14,SELL,271,254.31,Equity
8682,6,2025-02-17,SELL,668,259.8,Equity
8683,1,2025-02-17,BUY,91,402.25,Equity
8684,12,2025-02-17,SELL,2693,228.21,Bond
8685,6,2025-02-17,BUY,899,260.21,Equity
8686,8,2025-02-17,BUY,476,54.98,Equity
8687,15,2025-02-17,BUY,4838,271.45,Currency
8688,5,2025-02-17,BUY,1852,537.37,Equity
8689,6,2025-02-17,SELL,1664,260.05,Equity
8690,5,2025-02-17,BUY,1735,537.51,Equity
8691,13,2025-02-17,BUY,1427,40.27,Commodity
8692,4,2025-02-17,BUY,1165,111.42,Equity
8693,11,2025-02-17,BUY,2026,95.81,ETF
8694,4,2025-02-17,SELL,608,111.36,Equity
8695,3,2025-02-17,SELL,3471,149.24,Equity
8696,1,2025-02-17,SELL,3971,404.41,Equity
8697,5,2025-02-17,SELL,4077,539.85,Equity
8698,14,2025-02-17,BUY,107,65.6,Commodity
8699,12,2025-02-17,BUY,1001,228.07,Bond
8700,14,2025-02-17,SELL,4567,65.37,Commodity
8701,12,2025-02-17,SELL,3444,228.05,Bond
8702,8,2025-02-17,SELL,2791,54.83,Equity
8703,15,2025-02-17,BUY,2387,271.5,Currency
8704,4,2025-02-17,BUY,2882,111.65,Equity
8705,8,2025-02-17,SELL,1804,54.92,Equity
8706,13,2025-02-17,BUY,612,40.23,Commodity
8707,11,2025-02-17,BUY,1641,95.53,ETF
8708,14,2025-02-18,BUY,1686,66.74,Commodity
8709,8,2025-02-18,SELL,206,55.41,Equity
8710,6,2025-02-18,BUY,1817,258.49,Equity
8711,12,2025-02-18,SELL,808,227.82,Bond
8712,13,2025-02-18,BUY,3246,38.98,Commodity
8713,12,2025-02-18,SELL,4567,227.63,Bond
8714,14,2025-02-18,SELL,2908,66.85,Commodity
8715,8,2025-02-18,BUY,3389,55.54,Equity
8716,3,2025-02-18,SELL,1985,144.44,Equity
8717,5,2025-02-18,BUY,3556,560.04,Equity
8718,1,2025-02-18,BUY,3618,409.22,Equity
8719,3,2025-02-18,BUY,3298,145.2,Equity
8720,10,2025-02-18,BUY,3698,65.66,Equity
8721,9,2025-02-18,SELL,223,284.9,Equity
8722,10,2025-02-18,SELL,125,65.61,Equity
8723,12,2025-02-18,SELL,2715,226.71,Bond
8724,15,2025-02-18,BUY,40,271.33,Currency
8725,10,2025-02-18,BUY,4969,65.85,Equity
8726,12,2025-02-18,SELL,102,227.38,Bond
8727,13,2025-02-18,SELL,2893,39.02,Commodity
8728,14,2025-02-18,SELL,3121,66.69,Commodity
8729,12,2025-02-18,SELL,4977,227.92,Bond
8730,9,2025-02-18,BUY,3628,284.78,Equity
8731,15,2025-02-18,BUY,1830,270.33,Currency
8732,10,2025-02-18,BUY,4604,65.72,Equity
8733,3,2025-02-18,BUY,889,144.61,Equity
8734,5,2025-02-18,BUY,1792,557.84,Equity
8735,13,2025-02-18,BUY,1896,39.1,Commodity
8736,15,2025-02-18,BUY,422,270.54,Currency
8737,15,2025-02-18,BUY,2720,270.68,Currency
8738,4,2025-02-18,BUY,1067,106.22,Equity
8739,11,2025-02-18,BUY,4772,95.51,ETF
8740,8,2025-02-19,BUY,226,56.13,Equity
8741,13,2025-02-19,SELL,2922,39.47,Commodity
8742,1,2025-02-19,BUY,2677,417.46,Equity
8743,10,2025-02-19,BUY,696,66.42,Equity
8744,7,2025-02-19,BUY,3574,306.64,Equity
8745,4,2025-02-19,BUY,2186,104.12,Equity
8746,8,2025-02-19,SELL,2481,56.15,Equity
8747,14,2025-02-19,BUY,67,65.53,Commodity
8748,6,2025-02-19,SELL,1092,245.76,Equity
8749,7,2025-02-19,BUY,127,305.41,Equity
8750,10,2025-02-19,SELL,3138,66.53,Equity
8751,15,2025-02-19,BUY,2674,268.85,Currency
8752,11,2025-02-19,BUY,4984,96.66,ETF
8753,7,2025-02-19,SELL,2129,306.35,Equity
8754,2,2025-02-19,BUY,4746,40.61,Equity
8755,3,2025-02-19,BUY,1902,141.01,Equity
8756,6,2025-02-19,SELL,2550,244.47,Equity
8757,5,2025-02-19,BUY,582,558.62,Equity
8758,1,2025-02-19,BUY,1931,418.04,Equity
8759,9,2025-02-19,SELL,4605,279.59,Equity
8760,10,2025-02-19,SELL,1983,66.5,Equity
8761,4,2025-02-19,SELL,856,104.29,Equity
8762,10,2025-02-19,SELL,1545,66.43,Equity
8763,5,2025-02-19,BUY,4407,558.16,Equity
8764,9,2025-02-19,SELL,3381,280.2,Equity
8765,9,2025-02-19,BUY,1509,280.18,Equity
8766,13,2025-02-19,SELL,1227,39.45,Commodity
8767,13,2025-02-19,BUY,410,39.63,Commodity
8768,11,2025-02-19,BUY,3320,96.55,ETF
8769,9,2025-02-19,SELL,771,280.52,Equity
8770,6,2025-02-19,SELL,4658,245.63,Equity
8771,5,2025-02-19,SELL,268,556.46,Equity
8772,14,2025-02-19,BUY,1001,65.6,Commodity
8773,1,2025-02-19,BUY,3017,418.39,Equity
8774,12,2025-02-19,SELL,1358,227.64,Bond
8775,11,2025-02-19,SELL,2181,96.41,ETF
8776,7,2025-02-20,BUY,3496,302.59,Equity
8777,4,2025-02-20,SELL,3201,105.76,Equity
8778,12,2025-02-20,SELL,1208,227.6,Bond
8779,11,2025-02-20,SELL,3554,95.58,ETF
8780,7,2025-02-20,SELL,2990,302.34,Equity
8781,6,2025-02-20,SELL,3701,245.73,Equity
8782,13,2025-02-20,BUY,2778,39.38,Commodity
8783,14,2025-02-20,BUY,3940,65.63,Commodity
8784,5,2025-02-20,SELL,3740,564.51,Equity
8785,11,2025-02-20,BUY,3837,95.17,ETF
8786,6,2025-02-20,SELL,2289,246.1,Equity
8787,8,2025-02-20,BUY,2593,55.17,Equity
8788,1,2025-02-20,SELL,4109,422.25,Equity
8789,5,2025-02-20,SELL,32,562.8,Equity
8790,12,2025-02-20,SELL,2527,227.41,Bond
8791,12,2025-02-20,BUY,1295,227.93,Bond
8792,3,2025-02-20,SELL,457,144.72,Equity
8793,15,2025-02-20,SELL,542,267.73,Currency
8794,7,2025-02-20,SELL,4177,301.69,Equity
8795,13,2025-02-20,BUY,1602,39.26,Commodity
8796,6,2025-02-20,SELL,4623,246.46,Equity
8797,11,2025-02-20,BUY,517,95.59,ETF
8798,15,2025-02-21,BUY,2341,268.64,Currency
8799,9,2025-02-21,SELL,3183,280.58,Equity
8800,14,2025-02-21,SELL,2157,64.88,Commodity
8801,2,2025-02-21,BUY,2281,40.6,Equity
8802,3,2025-02-21,BUY,4913,146.97,Equity
8803,1,2025-02-21,SELL,684,434.29,Equity
8804,9,2025-02-21,BUY,991,280.23,Equity
8805,3,2025-02-21,SELL,1191,147.22,Equity
8806,9,2025-02-21,SELL,3537,280.17,Equity
8807,14,2025-02-21,BUY,1745,65.17,Commodity
8808,11,2025-02-21,SELL,3966,96.22,ETF
8809,12,2025-02-21,SELL,3384,227.96,Bond
8810,10,2025-02-21,SELL,4569,67.9,Equity
8811,8,2025-02-21,SELL,4346,55.23,Equity
8812,10,2025-02-21,SELL,910,68.1,Equity
8813,15,2025-02-21,BUY,4283,268.79,Currency
8814,8,2025-02-21,BUY,2322,55.35,Equity
8815,15,2025-02-21,BUY,4353,268.97,Currency
8816,1,2025-02-21,SELL,1640,434.2,Equity
8817,11,2025-02-21,SELL,2153,96.58,ETF
8818,3,2025-02-21,SELL,3637,147.25,Equity
8819,3,2025-02-21,SELL,4260,146.71,Equity
8820,7,2025-02-21,BUY,2768,310.23,Equity
8821,12,2025-02-21,BUY,3278,227.42,Bond
8822,8,2025-02-21,SELL,1102,55.13,Equity
8823,11,2025-02-21,BUY,4422,96.12,ETF
8824,14,2025-02-21,BUY,3955,64.97,Commodity
8825,10,2025-02-21,SELL,3357,67.81,Equity
8826,14,2025-02-21,SELL,739,65.1,Commodity
8827,15,2025-02-21,BUY,2301,268.35,Currency
8828,15,2025-02-21,BUY,1066,268.18,Currency
8829,14,2025-02-21,BUY,2349,65.11,Commodity
8830,2,2025-02-21,SELL,1397,40.38,Equity
8831,6,2025-02-21,BUY,2817,247.7,Equity
8832,5,2025-02-21,SELL,970,540.55,Equity
8833,5,2025-02-21,BUY,4448,542.77,Equity
8834,6,2025-02-21,BUY,473,247.22,Equity
8835,11,2025-02-24,BUY,302,97.13,ETF
8836,1,2025-02-24,BUY,2067,441.13,Equity
8837,2,2025-02-24,SELL,4861,39.7,Equity
8838,10,2025-02-24,BUY,4461,68.69,Equity
8839,10,2025-02-24,SELL,1257,68.83,Equity
8840,6,2025-02-24,BUY,3635,240.38,Equity
8841,1,2025-02-24,SELL,3961,441.01,Equity
8842,11,2025-02-24,BUY,2263,97.28,ETF
8843,8,2025-02-24,SELL,2397,55.56,Equity
8844,7,2025-02-24,BUY,4046,301.5,Equity
8845,11,2025-02-24,BUY,1931,97.38,ETF
8846,3,2025-02-24,SELL,1428,151.68,Equity
8847,5,2025-02-24,BUY,3774,557.67,Equity
8848,8,2025-02-24,BUY,663,55.83,Equity
8849,2,2025-02-24,SELL,496,39.64,Equity
8850,3,2025-02-24,SELL,2584,152.3,Equity
8851,7,2025-02-24,BUY,206,300.08,Equity
8852,13,2025-02-24,SELL,1000,39.99,Commodity
8853,14,2025-02-24,BUY,4622,65.57,Commodity
8854,5,2025-02-24,BUY,1291,555.98,Equity
8855,1,2025-02-24,SELL,1618,441.92,Equity
8856,6,2025-02-24,BUY,969,240.43,Equity
8857,13,2025-02-24,SELL,1015,39.98,Commodity
8858,9,2025-02-24,SELL,1509,278.95,Equity
8859,11,2025-02-24,SELL,751,97.14,ETF
8860,4,2025-02-24,SELL,4559,104.32,Equity
8861,7,2025-02-24,SELL,3171,301.05,Equity
8862,6,2025-02-24,BUY,2339,241.4,Equity
8863,7,2025-02-24,SELL,53,301.29,Equity
8864,7,2025-02-24,BUY,4251,300.54,Equity
8865,7,2025-02-24,SELL,2544,301.0,Equity
8866,9,2025-02-24,BUY,4340,280.04,Equity
8867,2,2025-02-25,BUY,1662,39.78,Equity
8868,7,2025-02-25,BUY,2883,304.11,Equity
8869,4,2025-02-25,BUY,1914,104.5,Equity
8870,2,2025-02-25,BUY,1168,39.72,Equity
8871,8,2025-02-25,BUY,3588,56.12,Equity
8872,5,2025-02-25,SELL,2546,553.66,Equity
8873,15,2025-02-25,BUY,4689,271.18,Currency
8874,10,2025-02-25,BUY,2296,68.07,Equity
8875,8,2025-02-25,BUY,158,55.96,Equity
8876,12,2025-02-25,BUY,1858,227.64,Bond
8877,10,2025-02-25,BUY,3324,67.76,Equity
8878,9,2025-02-25,SELL,22,274.5,Equity
8879,8,2025-02-25,SELL,3606,55.9,Equity
8880,7,2025-02-25,SELL,2324,304.25,Equity
8881,10,2025-02-25,BUY,253,68.01,Equity
8882,6,2025-02-25,SELL,3615,237.84,Equity
8883,12,2025-02-25,BUY,2393,227.82,Bond
8884,7,2025-02-25,BUY,3219,302.75,Equity
8885,6,2025-02-25,SELL,1276,238.03,Equity
8886,4,2025-02-25,SELL,4011,104.52,Equity
8887,14,2025-02-25,SELL,885,66.29,Commodity
8888,5,2025-02-25,SELL,2386,555.26,Equity
8889,4,2025-02-25,BUY,2598,104.69,Equity
8890,3,2025-02-25,BUY,2888,150.58,Equity
8891,7,2025-02-25,BUY,3776,303.08,Equity
8892,9,2025-02-25,BUY,3150,275.5,Equity
8893,8,2025-02-25,SELL,4930,56.05,Equity
8894,1,2025-02-25,SELL,1720,432.1,Equity
8895,2,2025-02-25,BUY,94,39.66,Equity
8896,2,2025-02-25,BUY,2591,39.79,Equity
8897,11,2025-02-25,SELL,238,95.86,ETF
8898,7,2025-02-25,BUY,2100,302.72,Equity
8899,5,2025-02-25,SELL,4155,553.62,Equity
8900,14,2025-02-25,SELL,4893,66.13,Commodity
8901,13,2025-02-25,BUY,1856,38.55,Commodity
8902,1,2025-02-26,BUY,446,426.67,Equity
8903,2,2025-02-26,BUY,2294,38.48,Equity
8904,9,2025-02-26,BUY,968,275.41,Equity
8905,9,2025-02-26,SELL,195,275.22,Equity
8906,15,2025-02-26,SELL,3801,270.8,Currency
8907,10,2025-02-26,BUY,3163,66.77,Equity
8908,5,2025-02-26,SELL,4941,561.61,Equity
8909,7,2025-02-26,BUY,124,299.69,Equity
8910,1,2025-02-26,BUY,1926,427.89,Equity
8911,3,2025-02-26,BUY,1726,148.24,Equity
8912,12,2025-02-26,BUY,1506,227.41,Bond
8913,4,2025-02-26,SELL,2605,102.86,Equity
8914,8,2025-02-26,BUY,3819,57.34,Equity
8915,6,2025-02-26,BUY,2606,242.79,Equity
8916,2,2025-02-26,SELL,1252,38.36,Equity
8917,10,2025-02-26,SELL,2958,66.75,Equity
8918,14,2025-02-26,SELL,4075,66.18,Commodity
8919,12,2025-02-26,SELL,4489,228.34,Bond
8920,9,2025-02-26,SELL,1016,274.59,Equity
8921,1,2025-02-26,SELL,4127,427.1,Equity
8922,8,2025-02-26,BUY,22,57.41,Equity
8923,7,2025-02-26,SELL,1752,298.83,Equity
8924,6,2025-02-26,SELL,4172,243.57,Equity
8925,6,2025-02-27,SELL,2550,251.04,Equity
8926,13,2025-02-27,BUY,3292,39.67,Commodity
8927,14,2025-02-27,BUY,3545,67.36,Commodity
8928,10,2025-02-27,SELL,2942,65.87,Equity
8929,4,2025-02-27,BUY,2457,104.0,Equity
8930,5,2025-02-27,BUY,4583,569.6,Equity
8931,2,2025-02-27,SELL,1685,37.98,Equity
8932,15,2025-02-27,BUY,95,275.37,Currency
8933,12,2025-02-27,BUY,3048,227.65,Bond
8934,5,2025-02-27,SELL,4554,568.75,Equity
8935,3,2025-02-27,SELL,2699,147.74,Equity
8936,5,2025-02-27,BUY,3626,570.99,Equity
8937,5,2025-02-27,BUY,3706,569.08,Equity
8938,2,2025-02-27,BUY,1541,38.14,Equity
8939,8,2025-02-27,BUY,3159,56.8,Equity
8940,12,2025-02-27,BUY,3009,226.94,Bond
8941,11,2025-02-27,SELL,4869,95.98,ETF
8942,11,2025-02-27,SELL,433,96.02,ETF
8943,12,2025-02-27,BUY,2697,227.52,Bond
8944,10,2025-02-27,BUY,2124,66.16,Equity
8945,11,2025-02-27,BUY,574,96.23,ETF
8946,4,2025-02-27,SELL,4598,103.96,Equity
8947,2,2025-02-27,SELL,1942,38.13,Equity
8948,5,2025-02-27,SELL,2975,569.45,Equity
8949,5,2025-02-27,BUY,2565,569.97,Equity
8950,6,2025-02-27,SELL,628,250.52,Equity
8951,3,2025-02-27,SELL,4783,147.68,Equity
8952,10,2025-02-27,BUY,4116,65.93,Equity
8953,1,2025-02-27,SELL,1273,427.6,Equity
8954,9,2025-02-27,SELL,1120,273.62,Equity
8955,1,2025-02-27,BUY,3754,426.79,Equity
8956,10,2025-02-27,BUY,635,65.94,Equity
8957,6,2025-02-28,SELL,196,248.83,Equity
8958,5,2025-02-28,SELL,702,575.51,Equity
8959,9,2025-02-28,BUY,1226,281.39,Equity
8960,4,2025-02-28,BUY,1511,104.63,Equity
8961,10,2025-02-28,SELL,4141,66.59,Equity
8962,6,2025-02-28,SELL,3645,248.18,Equity
8963,14,2025-02-28,BUY,4970,67.48,Commodity
8964,3,2025-02-28,SELL,71,147.98,Equity
8965,6,2025-02-28,BUY,1120,249.33,Equity
8966,7,2025-02-28,BUY,3079,294.08,Equity
8967,10,2025-02-28,BUY,2187,66.68,Equity
8968,13,2025-02-28,BUY,2605,40.21,Commodity
8969,10,2025-02-28,SELL,4886,66.7,Equity
8970,7,2025-02-28,BUY,3818,294.4,Equity
8971,1,2025-02-28,SELL,514,432.9,Equity
8972,12,2025-02-28,SELL,4574,226.47,Bond
8973,9,2025-02-28,BUY,3894,281.24,Equity
8974,4,2025-02-28,BUY,798,104.29,Equity
8975,11,2025-02-28,BUY,3874,96.63,ETF
8976,4,2025-02-28,SELL,2327,104.53,Equity
8977,13,2025-02-28,BUY,1016,40.29,Commodity
8978,5,2025-02-28,SELL,4383,574.77,Equity
8979,1,2025-02-28,SELL,1239,433.75,Equity
8980,9,2025-02-28,SELL,2380,281.0,Equity
8981,1,2025-02-28,BUY,1385,433.15,Equity
8982,6,2025-02-28,SELL,4192,248.09,Equity
8983,14,2025-02-28,SELL,1640,67.67,Commodity
8984,4,2025-02-28,BUY,1478,104.17,Equity
8985,13,2025-02-28,BUY,1906,40.27,Commodity
8986,14,2025-02-28,BUY,2845,67.4,Commodity
8987,14,2025-02-28,SELL,1916,67.36,Commodity
8988,11,2025-02-28,SELL,11,96.56,ETF
8989,2,2025-02-28,SELL,2286,38.42,Equity
8990,14,2025-02-28,SELL,4459,67.57,Commodity
8991,11,2025-02-28,BUY,3420,96.64,ETF
8992,10,2025-02-28,BUY,1631,66.58,Equity
8993,10,2025-02-28,SELL,2902,66.58,Equity
8994,6,2025-02-28,BUY,183,248.06,Equity
8995,15,2025-02-28,BUY,2376,275.15,Currency
8996,5,2025-02-28,BUY,4629,575.55,Equity
8997,3,2025-03-03,BUY,191,148.98,Equity
8998,7,2025-03-03,BUY,2901,295.5,Equity
8999,6,2025-03-03,BUY,662,243.31,Equity
9000,2,2025-03-03,SELL,3961,38.07,Equity
9001,9,2025-03-03,SELL,4631,284.5,Equity
9002,14,2025-03-03,SELL,3828,67.86,Commodity
9003,1,2025-03-03,BUY,3289,439.63,Equity
9004,6,2025-03-03,BUY,632,243.8,Equity
9005,14,2025-03-03,SELL,2738,67.85,Commodity
9006,8,2025-03-03,SELL,4486,55.69,Equity
9007,1,2025-03-03,BUY,1641,441.39,Equity
9008,13,2025-03-03,BUY,3358,39.92,Commodity
9009,12,2025-03-03,SELL,2308,226.96,Bond
9010,8,2025-03-03,BUY,3446,55.62,Equity
9011,12,2025-03-03,SELL,4048,227.14,Bond
9012,15,2025-03-03,SELL,1058,272.32,Currency
9013,10,2025-03-03,BUY,588,65.89,Equity
9014,3,2025-03-03,SELL,4864,148.72,Equity
9015,3,2025-03-03,BUY,710,148.73,Equity
9016,10,2025-03-03,SELL,79,65.65,Equity
9017,3,2025-03-03,SELL,2096,148.51,Equity
9018,2,2025-03-03,SELL,4993,38.15,Equity
9019,2,2025-03-03,BUY,4011,37.94,Equity
9020,5,2025-03-03,BUY,4443,585.4,Equity
9021,10,2025-03-03,SELL,4277,65.73,Equity
9022,2,2025-03-03,SELL,373,38.12,Equity
9023,11,2025-03-04,SELL,2396,96.76,ETF
9024,4,2025-03-04,BUY,4618,105.28,Equity
9025,12,2025-03-04,SELL,2896,227.17,Bond
9026,10,2025-03-04,SELL,4433,68.45,Equity
9027,3,2025-03-04,BUY,4745,149.4,Equity
9028,13,2025-03-04,BUY,4062,40.83,Commodity
9029,9,2025-03-04,SELL,497,280.31,Equity
9030,6,2025-03-04,BUY,4884,237.24,Equity
9031,11,2025-03-04,BUY,186,96.71,ETF
9032,13,2025-03-04,SELL,4490,40.72,Commodity
9033,3,2025-03-04,BUY,2641,148.99,Equity
9034,13,2025-03-04,SELL,2768,40.87,Commodity
9035,9,2025-03-04,BUY,1702,279.98,Equity
9036,8,2025-03-04,SELL,3671,54.68,Equity
9037,14,2025-03-04,BUY,1840,68.08,Commodity
9038,7,2025-03-04,BUY,275,288.13,Equity
9039,3,2025-03-04,BUY,984,149.27,Equity
9040,3,2025-03-04,BUY,2627,149.51,Equity
9041,1,2025-03-04,BUY,3057,436.23,Equity
9042,6,2025-03-04,BUY,1994,237.03,Equity
9043,10,2025-03-04,SELL,1423,68.69,Equity
9044,3,2025-03-04,SELL,2391,149.38,Equity
9045,8,2025-03-04,SELL,145,54.53,Equity
9046,4,2025-03-04,SELL,2777,105.45,Equity
9047,6,2025-03-05,SELL,2717,233.82,Equity
9048,15,2025-03-05,SELL,1265,276.33,Currency
9049,2,2025-03-05,SELL,4676,37.39,Equity
9050,10,2025-03-05,SELL,3983,70.21,Equity
9051,10,2025-03-05,SELL,949,70.34,Equity
9052,12,2025-03-05,BUY,2065,227.14,Bond
9053,14,2025-03-05,BUY,3571,69.67,Commodity
9054,12,2025-03-05,SELL,4319,227.71,Bond
9055,3,2025-03-05,BUY,2473,150.83,Equity
9056,10,2025-03-05,SELL,3512,70.23,Equity
9057,15,2025-03-05,BUY,4336,276.19,Currency
9058,8,2025-03-05,BUY,119,55.65,Equity
9059,10,2025-03-05,BUY,119,70.23,Equity
9060,9,2025-03-05,BUY,1262,283.04,Equity
9061,15,2025-03-05,BUY,951,275.37,Currency
9062,7,2025-03-05,SELL,3793,291.57,Equity
9063,6,2025-03-05,BUY,953,235.01,Equity
9064,7,2025-03-05,BUY,3020,291.15,Equity
9065,15,2025-03-05,BUY,2112,275.97,Currency
9066,5,2025-03-05,SELL,246,582.89,Equity
9067,6,2025-03-05,SELL,3749,234.37,Equity
9068,15,2025-03-05,BUY,2603,276.06,Currency
9069,4,2025-03-06,SELL,4033,107.83,Equity
9070,11,2025-03-06,BUY,2528,99.43,ETF
9071,15,2025-03-06,BUY,4083,277.68,Currency
9072,3,2025-03-06,BUY,945,151.52,Equity
9073,13,2025-03-06,BUY,3852,40.21,Commodity
9074,13,2025-03-06,SELL,109,40.03,Commodity
9075,5,2025-03-06,SELL,1538,588.48,Equity
9076,3,2025-03-06,BUY,1083,152.07,Equity
9077,2,2025-03-06,SELL,1105,37.93,Equity
9078,1,2025-03-06,SELL,833,432.88,Equity
9079,4,2025-03-06,SELL,1809,107.55,Equity
9080,4,2025-03-06,BUY,3970,107.26,Equity
9081,9,2025-03-06,SELL,3372,277.62,Equity
9082,10,2025-03-06,BUY,2006,71.26,Equity
9083,2,2025-03-06,SELL,4903,37.8,Equity
9084,4,2025-03-06,BUY,1915,107.85,Equity
9085,4,2025-03-06,BUY,3133,107.69,Equity
9086,15,2025-03-06,SELL,3886,276.68,Currency
9087,13,2025-03-06,BUY,3701,40.08,Commodity
9088,2,2025-03-06,SELL,3391,37.9,Equity
9089,7,2025-03-06,BUY,1959,284.61,Equity
9090,7,2025-03-06,SELL,4367,283.98,Equity
9091,4,2025-03-06,BUY,800,107.67,Equity
9092,14,2025-03-06,BUY,4137,70.41,Commodity
9093,1,2025-03-06,BUY,4300,432.75,Equity
9094,10,2025-03-06,SELL,1301,71.13,Equity
9095,11,2025-03-06,SELL,72,99.79,ETF
9096,5,2025-03-06,SELL,2940,586.51,Equity
9097,6,2025-03-06,SELL,4270,235.13,Equity
9098,15,2025-03-06,BUY,1545,277.45,Currency
9099,10,2025-03-06,BUY,4494,71.34,Equity
9100,3,2025-03-06,BUY,4995,152.26,Equity
9101,13,2025-03-06,BUY,3846,40.14,Commodity
9102,1,2025-03-06,BUY,4723,433.8,Equity
9103,9,2025-03-06,BUY,4003,277.67,Equity
9104,13,2025-03-06,BUY,3750,40.17,Commodity
9105,7,2025-03-06,SELL,4259,284.32,Equity
9106,11,2025-03-06,SELL,3260,99.61,ETF
9107,3,2025-03-06,BUY,3700,151.82,Equity
9108,12,2025-03-07,SELL,2554,225.7,Bond
9109,14,2025-03-07,SELL,2958,73.57,Commodity
9110,4,2025-03-07,SELL,2761,104.74,Equity
9111,14,2025-03-07,BUY,2410,73.78,Commodity
9112,2,2025-03-07,BUY,1201,38.61,Equity
9113,13,2025-03-07,BUY,4153,40.48,Commodity
9114,13,2025-03-07,BUY,1492,40.4,Commodity
9115,6,2025-03-07,SELL,4122,239.69,Equity
9116,5,2025-03-07,SELL,3675,595.52,Equity
9117,6,2025-03-07,BUY,3209,239.68,Equity
9118,13,2025-03-07,SELL,895,40.42,Commodity
9119,5,2025-03-07,BUY,1629,592.59,Equity
9120,5,2025-03-07,SELL,3054,592.72,Equity
9121,5,2025-03-07,BUY,2158,593.48,Equity
9122,5,2025-03-07,SELL,2302,595.04,Equity
9123,2,2025-03-07,BUY,4720,38.41,Equity
9124,9,2025-03-07,BUY,3469,279.12,Equity
9125,3,2025-03-07,SELL,3703,145.27,Equity
9126,10,2025-03-07,BUY,3330,71.84,Equity
9127,4,2025-03-07,SELL,276,104.68,Equity
9128,15,2025-03-07,BUY,4917,277.66,Currency
9129,2,2025-03-07,BUY,4979,38.59,Equity
9130,15,2025-03-07,BUY,1521,278.47,Currency
9131,3,2025-03-07,SELL,3558,145.19,Equity
9132,9,2025-03-07,SELL,1249,279.16,Equity
9133,2,2025-03-07,BUY,4444,38.57,Equity
9134,8,2025-03-07,SELL,1494,54.23,Equity
9135,2,2025-03-07,SELL,4165,38.44,Equity
9136,2,2025-03-07,BUY,1413,38.54,Equity
9137,8,2025-03-10,BUY,1646,54.23,Equity
9138,15,2025-03-10,BUY,3634,281.88,Currency
9139,12,2025-03-10,BUY,2203,227.46,Bond
9140,6,2025-03-10,SELL,1884,239.34,Equity
9141,3,2025-03-10,SELL,2194,145.42,Equity
9142,12,2025-03-10,BUY,4607,226.97,Bond
9143,2,2025-03-10,SELL,4544,37.78,Equity
9144,6,2025-03-10,BUY,4863,238.67,Equity
9145,5,2025-03-10,BUY,4174,597.6,Equity
9146,14,2025-03-10,SELL,4515,76.14,Commodity
9147,10,2025-03-10,BUY,3309,72.17,Equity
9148,12,2025-03-10,SELL,4432,227.45,Bond
9149,7,2025-03-10,BUY,3700,288.58,Equity
9150,5,2025-03-10,BUY,419,599.67,Equity
9151,1,2025-03-10,BUY,989,444.26,Equity
9152,1,2025-03-10,BUY,4203,443.44,Equity
9153,15,2025-03-10,BUY,841,281.26,Currency
9154,5,2025-03-10,BUY,2383,599.25,Equity
9155,8,2025-03-10,SELL,1895,54.29,Equity
9156,9,2025-03-10,BUY,3070,284.84,Equity
9157,12,2025-03-10,SELL,40,226.51,Bond
9158,8,2025-03-10,BUY,4639,54.41,Equity
9159,13,2025-03-10,BUY,664,39.26,Commodity
9160,4,2025-03-10,BUY,3474,106.34,Equity
9161,6,2025-03-10,BUY,434,239.17,Equity
9162,8,2025-03-10,SELL,926,54.33,Equity
9163,11,2025-03-10,SELL,3567,103.46,ETF
9164,12,2025-03-10,SELL,553,227.27,Bond
9165,7,2025-03-10,BUY,3328,287.83,Equity
9166,6,2025-03-10,SELL,2566,238.36,Equity
9167,3,2025-03-10,SELL,2805,145.01,Equity
9168,12,2025-03-11,SELL,2397,226.91,Bond
9169,4,2025-03-11,SELL,4589,106.57,Equity
9170,12,2025-03-11,SELL,2600,225.9,Bond
9171,7,2025-03-11,SELL,1464,287.37,Equity
9172,7,2025-03-11,SELL,3652,288.14,Equity
9173,4,2025-03-11,BUY,2820,106.18,Equity
9174,6,2025-03-11,SELL,762,228.44,Equity
9175,14,2025-03-11,BUY,1505,74.38,Commodity
9176,3,2025-03-11,SELL,4424,149.25,Equity
9177,9,2025-03-11,SELL,4248,283.69,Equity
9178,14,2025-03-11,SELL,1767,74.47,Commodity
9179,9,2025-03-11,SELL,3423,284.33,Equity
9180,10,2025-03-11,SELL,3981,71.57,Equity
9181,5,2025-03-11,SELL,3094,602.59,Equity
9182,14,2025-03-11,BUY,3567,74.75,Commodity
9183,4,2025-03-11,SELL,1456,106.46,Equity
9184,3,2025-03-11,BUY,2955,148.95,Equity
9185,9,2025-03-11,SELL,104,284.61,Equity
9186,6,2025-03-11,BUY,2870,227.6,Equity
9187,4,2025-03-11,SELL,1500,106.24,Equity
9188,14,2025-03-11,BUY,2692,74.58,Commodity
9189,14,2025-03-11,SELL,971,74.56,Commodity
9190,2,2025-03-11,BUY,2115,37.23,Equity
9191,9,2025-03-11,SELL,4118,283.85,Equity
9192,3,2025-03-11,SELL,941,148.71,Equity
9193,13,2025-03-11,SELL,3841,38.46,Commodity
9194,3,2025-03-11,BUY,3086,149.24,Equity
9195,8,2025-03-11,SELL,3735,55.18,Equity
9196,15,2025-03-12,BUY,281,279.06,Currency
9197,2,2025-03-12,BUY,1838,36.33,Equity
9198,10,2025-03-12,SELL,1283,73.16,Equity
9199,11,2025-03-12,SELL,2333,105.05,ETF
9200,13,2025-03-12,BUY,1392,38.75,Commodity
9201,4,2025-03-12,BUY,2948,109.92,Equity
9202,6,2025-03-12,SELL,3071,228.26,Equity
9203,4,2025-03-12,BUY,4237,110.01,Equity
9204,1,2025-03-12,SELL,2372,429.31,Equity
9205,2,2025-03-12,SELL,4288,36.42,Equity
9206,6,2025-03-12,SELL,2658,228.04,Equity
9207,4,2025-03-12,SELL,430,110.33,Equity
9208,5,2025-03-12,SELL,2658,587.64,Equity
9209,2,2025-03-12,BUY,2388,36.27,Equity
9210,13,2025-03-12,BUY,2634,38.78,Commodity
9211,5,2025-03-12,SELL,3076,586.25,Equity
9212,10,2025-03-12,BUY,1649,73.0,Equity
9213,13,2025-03-12,SELL,3916,38.58,Commodity
9214,15,2025-03-12,SELL,4490,280.33,Currency
9215,6,2025-03-12,BUY,4169,228.57,Equity
9216,14,2025-03-12,SELL,4845,74.6,Commodity
9217,5,2025-03-12,BUY,4296,587.02,Equity
9218,5,2025-03-12,SELL,3816,587.85,Equity
9219,8,2025-03-12,SELL,1272,53.69,Equity
9220,10,2025-03-12,BUY,4085,73.32,Equity
9221,12,2025-03-12,BUY,2442,226.48,Bond
9222,1,2025-03-12,SELL,3097,430.19,Equity
9223,9,2025-03-13,SELL,4937,275.57,Equity
9224,8,2025-03-13,BUY,3549,54.43,Equity
9225,9,2025-03-13,SELL,3696,275.91,Equity
9226,3,2025-03-13,SELL,2987,146.68,Equity
9227,2,2025-03-13,SELL,2405,36.47,Equity
9228,11,2025-03-13,BUY,774,104.66,ETF
9229,9,2025-03-13,BUY,4312,274.95,Equity
9230,11,2025-03-13,SELL,2074,104.98,ETF
9231,11,2025-03-13,SELL,1104,104.64,ETF
9232,15,2025-03-13,BUY,1133,282.25,Currency
9233,13,2025-03-13,SELL,4733,38.17,Commodity
9234,13,2025-03-13,SELL,2025,38.01,Commodity
9235,9,2025-03-13,BUY,3884,276.27,Equity
9236,11,2025-03-13,SELL,1218,104.86,ETF
9237,7,2025-03-13,BUY,839,282.47,Equity
9238,1,2025-03-13,SELL,434,431.77,Equity
9239,6,2025-03-13,BUY,1620,227.69,Equity
9240,11,2025-03-13,BUY,4920,104.98,ETF
9241,7,2025-03-13,BUY,4951,282.98,Equity
9242,10,2025-03-13,SELL,2788,74.3,Equity
9243,15,2025-03-13,SELL,1784,282.75,Currency
9244,3,2025-03-14,SELL,4695,145.16,Equity
9245,5,2025-03-14,SELL,1485,590.92,Equity
9246,1,2025-03-14,BUY,3250,420.42,Equity
9247,3,2025-03-14,SELL,4409,145.8,Equity
9248,15,2025-03-14,SELL,102,279.44,Currency
9249,8,2025-03-14,SELL,487,52.25,Equity
9250,11,2025-03-14,BUY,231,104.65,ETF
9251,6,2025-03-14,SELL,3453,229.16,Equity
9252,12,2025-03-14,SELL,4771,226.57,Bond
9253,5,2025-03-14,BUY,3870,593.46,Equity
9254,7,2025-03-14,SELL,3139,285.39,Equity
9255,14,2025-03-14,BUY,2574,73.68,Commodity
9256,10,2025-03-14,BUY,2032,74.2,Equity
9257,15,2025-03-14,SELL,4661,279.48,Currency
9258,7,2025-03-14,BUY,51,285.14,Equity
9259,1,2025-03-14,SELL,3466,419.92,Equity
9260,6,2025-03-14,BUY,574,230.07,Equity
9261,8,2025-03-14,SELL,2779,52.27,Equity
9262,3,2025-03-14,SELL,2174,145.22,Equity
9263,4,2025-03-14,BUY,2471,111.24,Equity
9264,2,2025-03-14,BUY,4480,36.68,Equity
9265,5,2025-03-14,BUY,3865,590.74,Equity
9266,8,2025-03-14,SELL,1541,52.22,Equity
9267,10,2025-03-14,SELL,4209,74.25,Equity
9268,6,2025-03-14,BUY,4901,229.18,Equity
9269,11,2025-03-14,BUY,1556,104.77,ETF
9270,7,2025-03-14,BUY,1936,285.14,Equity
9271,7,2025-03-14,SELL,732,285.57,Equity
9272,4,2025-03-14,SELL,4298,110.69,Equity
9273,2,2025-03-14,SELL,1252,36.7,Equity
9274,3,2025-03-14,SELL,972,145.27,Equity
9275,6,2025-03-14,SELL,2507,229.81,Equity
9276,14,2025-03-14,SELL,1720,73.41,Commodity
9277,11,2025-03-17,BUY,3098,104.76,ETF
9278,10,2025-03-17,BUY,4305,76.27,Equity
9279,6,2025-03-17,SELL,2236,223.37,Equity
9280,13,2025-03-17,SELL,28,36.84,Commodity
9281,10,2025-03-17,BUY,3244,76.29,Equity
9282,12,2025-03-17,SELL,4496,227.67,Bond
9283,5,2025-03-17,BUY,2784,606.18,Equity
9284,1,2025-03-17,SELL,812,416.31,Equity
9285,8,2025-03-17,BUY,1688,52.17,Equity
9286,3,2025-03-17,BUY,3745,145.52,Equity
9287,2,2025-03-17,BUY,2467,37.04,Equity
9288,7,2025-03-17,SELL,3702,292.25,Equity
9289,12,2025-03-17,BUY,108,227.22,Bond
9290,1,2025-03-17,BUY,1347,414.75,Equity
9291,2,2025-03-17,SELL,1831,37.07,Equity
9292,9,2025-03-17,BUY,2624,272.6,Equity
9293,14,2025-03-17,SELL,2535,73.63,Commodity
9294,2,2025-03-17,BUY,2139,37.06,Equity
9295,8,2025-03-17,SELL,87,52.11,Equity
9296,14,2025-03-17,SELL,62,73.97,Commodity
9297,4,2025-03-17,SELL,4505,109.85,Equity
9298,5,2025-03-17,BUY,967,605.5,Equity
9299,9,2025-03-17,SELL,1846,272.29,Equity
9300,1,2025-03-17,SELL,1911,414.76,Equity
9301,6,2025-03-17,BUY,1664,223.19,Equity
9302,6,2025-03-17,SELL,1534,223.45,Equity
9303,6,2025-03-17,BUY,1543,223.75,Equity
9304,10,2025-03-17,BUY,4169,76.35,Equity
9305,4,2025-03-17,BUY,3360,110.1,Equity
9306,7,2025-03-17,BUY,4907,292.75,Equity
9307,7,2025-03-17,BUY,3842,292.57,Equity
9308,5,2025-03-17,BUY,2362,604.45,Equity
9309,3,2025-03-17,BUY,1808,145.51,Equity
9310,11,2025-03-18,BUY,2591,103.77,ETF
9311,3,2025-03-18,BUY,1386,146.19,Equity
9312,13,2025-03-18,SELL,2521,36.31,Commodity
9313,15,2025-03-18,SELL,4660,276.12,Currency
9314,8,2025-03-18,BUY,4522,52.63,Equity
9315,12,2025-03-18,BUY,1893,227.31,Bond
9316,4,2025-03-18,SELL,4771,110.26,Equity
9317,14,2025-03-18,SELL,4451,75.15,Commodity
9318,15,2025-03-18,BUY,4587,276.72,Currency
9319,11,2025-03-18,SELL,830,103.8,ETF
9320,7,2025-03-18,SELL,1843,290.01,Equity
9321,15,2025-03-18,BUY,3576,276.89,Currency
9322,10,2025-03-18,SELL,4883,77.86,Equity
9323,6,2025-03-18,SELL,1526,215.5,Equity
9324,1,2025-03-18,BUY,2602,425.13,Equity
9325,1,2025-03-18,SELL,4436,427.17,Equity
9326,2,2025-03-18,BUY,2134,36.25,Equity
9327,9,2025-03-18,BUY,1995,271.75,Equity
9328,14,2025-03-18,BUY,2007,74.74,Commodity
9329,9,2025-03-18,SELL,1639,271.43,Equity
9330,11,2025-03-18,SELL,4718,103.6,ETF
9331,13,2025-03-18,SELL,1110,36.27,Commodity
9332,10,2025-03-18,BUY,4004,77.94,Equity
9333,2,2025-03-18,BUY,2293,36.07,Equity
9334,3,2025-03-19,SELL,871,143.63,Equity
9335,4,2025-03-19,BUY,588,107.14,Equity
9336,14,2025-03-19,BUY,2199,74.27,Commodity
9337,10,2025-03-19,SELL,3288,77.53,Equity
9338,2,2025-03-19,BUY,3587,36.22,Equity
9339,5,2025-03-19,BUY,4136,595.73,Equity
9340,2,2025-03-19,SELL,4208,36.12,Equity
9341,10,2025-03-19,BUY,1399,77.47,Equity
9342,3,2025-03-19,SELL,2363,142.93,Equity
9343,6,2025-03-19,BUY,576,217.06,Equity
9344,7,2025-03-19,SELL,2399,291.08,Equity
9345,2,2025-03-19,SELL,159,36.22,Equity
9346,6,2025-03-19,SELL,2714,216.69,Equity
9347,14,2025-03-19,BUY,616,74.55,Commodity
9348,5,2025-03-19,BUY,640,594.84,Equity
9349,14,2025-03-19,BUY,4934,74.36,Commodity
9350,2,2025-03-19,SELL,4801,36.14,Equity
9351,3,2025-03-19,BUY,1290,143.06,Equity
9352,12,2025-03-19,SELL,1994,227.7,Bond
9353,12,2025-03-19,SELL,1379,228.37,Bond
9354,7,2025-03-19,BUY,2222,290.84,Equity
9355,2,2025-03-19,BUY,4693,36.11,Equity
9356,6,2025-03-19,BUY,3645,217.07,Equity
9357,15,2025-03-19,SELL,1641,277.98,Currency
9358,8,2025-03-19,BUY,2074,52.94,Equity
9359,4,2025-03-19,SELL,2359,107.22,Equity
9360,15,2025-03-19,BUY,111,279.45,Currency
9361,3,2025-03-19,SELL,2363,142.89,Equity
9362,12,2025-03-19,SELL,3137,228.23,Bond
9363,8,2025-03-19,SELL,3006,52.96,Equity
9364,8,2025-03-19,BUY,3976,52.9,Equity
9365,15,2025-03-19,SELL,1808,278.24,Currency
9366,3,2025-03-20,BUY,3151,143.45,Equity
9367,6,2025-03-20,SELL,2407,218.83,Equity
9368,5,2025-03-20,BUY,46,594.73,Equity
9369,12,2025-03-20,SELL,19,226.51,Bond
9370,9,2025-03-20,BUY,2090,273.71,Equity
9371,4,2025-03-20,BUY,4796,107.23,Equity
9372,11,2025-03-20,BUY,2544,102.14,ETF
9373,5,2025-03-20,SELL,3036,595.99,Equity
9374,4,2025-03-20,BUY,4871,107.64,Equity
9375,14,2025-03-20,BUY,3113,75.32,Commodity
9376,6,2025-03-20,BUY,2360,219.51,Equity
9377,5,2025-03-20,BUY,3215,598.07,Equity
9378,14,2025-03-20,SELL,2560,75.31,Commodity
9379,6,2025-03-20,BUY,2725,219.1,Equity
9380,8,2025-03-20,BUY,1909,53.68,Equity
9381,1,2025-03-20,BUY,4316,432.01,Equity
9382,13,2025-03-20,SELL,4745,35.88,Commodity
9383,3,2025-03-20,SELL,2440,143.45,Equity
9384,13,2025-03-20,BUY,3903,35.74,Commodity
9385,11,2025-03-20,BUY,4229,102.1,ETF
9386,9,2025-03-20,BUY,1617,273.32,Equity
9387,10,2025-03-20,SELL,2205,77.82,Equity
9388,1,2025-03-20,BUY,540,430.71,Equity
9389,7,2025-03-21,SELL,3893,282.38,Equity
9390,4,2025-03-21,SELL,2118,106.17,Equity
9391,10,2025-03-21,SELL,2499,78.32,Equity
9392,11,2025-03-21,BUY,952,102.91,ETF
9393,10,2025-03-21,SELL,4297,78.46,Equity
9394,3,2025-03-21,SELL,4628,142.83,Equity
9395,13,2025-03-21,SELL,4767,35.5,Commodity
9396,5,2025-03-21,SELL,3552,619.11,Equity
9397,4,2025-03-21,SELL,3890,105.67,Equity
9398,13,2025-03-21,BUY,705,35.52,Commodity
9399,13,2025-03-21,SELL,283,35.53,Commodity
9400,8,2025-03-21,SELL,4490,55.21,Equity
9401,8,2025-03-21,SELL,4352,55.22,Equity
9402,1,2025-03-21,BUY,643,419.34,Equity
9403,5,2025-03-21,SELL,3773,616.86,Equity
9404,3,2025-03-21,SELL,3051,142.83,Equity
9405,8,2025-03-21,SELL,4196,55.46,Equity
9406,12,2025-03-21,BUY,1211,226.56,Bond
9407,13,2025-03-21,BUY,1386,35.64,Commodity
9408,9,2025-03-21,SELL,432,274.89,Equity
9409,9,2025-03-21,SELL,565,274.95,Equity
9410,12,2025-03-21,BUY,1238,226.37,Bond
9411,14,2025-03-21,BUY,3066,73.62,Commodity
9412,10,2025-03-21,BUY,3027,78.51,Equity
9413,6,2025-03-21,SELL,1889,218.97,Equity
9414,3,2025-03-21,BUY,1996,143.01,Equity
9415,7,2025-03-21,BUY,748,282.14,Equity
9416,6,2025-03-21,SELL,1188,219.28,Equity
9417,12,2025-03-21,BUY,1378,225.55,Bond
9418,15,2025-03-21,BUY,1124,280.47,Currency
9419,5,2025-03-24,BUY,318,631.67,Equity
9420,2,2025-03-24,SELL,2728,35.47,Equity
9421,12,2025-03-24,SELL,1186,226.93,Bond
9422,6,2025-03-24,SELL,1622,218.6,Equity
9423,12,2025-03-24,BUY,4858,227.46,Bond
9424,9,2025-03-24,SELL,3942,273.55,Equity
9425,2,2025-03-24,SELL,3237,35.48,Equity
9426,4,2025-03-24,BUY,1270,104.56,Equity
9427,12,2025-03-24,SELL,335,226.48,Bond
9428,4,2025-03-24,BUY,3989,104.65,Equity
9429,15,2025-03-24,BUY,967,282.37,Currency
9430,5,2025-03-24,SELL,2206,629.86,Equity
9431,2,2025-03-24,BUY,2962,35.57,Equity
9432,8,2025-03-24,SELL,3050,57.13,Equity
9433,6,2025-03-24,BUY,1175,218.7,Equity
9434,7,2025-03-24,SELL,2800,282.11,Equity
9435,3,2025-03-24,BUY,4721,148.02,Equity
9436,6,2025-03-24,BUY,3903,219.11,Equity
9437,4,2025-03-24,SELL,734,104.83,Equity
9438,10,2025-03-24,BUY,4504,80.87,Equity
9439,15,2025-03-24,BUY,1836,283.13,Currency
9440,4,2025-03-24,BUY,2948,104.63,Equity
9441,6,2025-03-24,SELL,4843,219.37,Equity
9442,6,2025-03-24,BUY,4904,219.16,Equity
9443,1,2025-03-24,SELL,3400,412.14,Equity
9444,11,2025-03-24,SELL,2417,103.75,ETF
9445,10,2025-03-25,BUY,1174,80.64,Equity
9446,10,2025-03-25,SELL,2031,80.53,Equity
9447,7,2025-03-25,SELL,397,275.6,Equity
9448,15,2025-03-25,BUY,359,283.73,Currency
9449,13,2025-03-25,BUY,826,35.03,Commodity
9450,2,2025-03-25,BUY,45,35.28,Equity
9451,3,2025-03-25,BUY,1316,145.52,Equity
9452,12,2025-03-25,SELL,1843,225.9,Bond
9453,8,2025-03-25,SELL,2620,57.04,Equity
9454,7,2025-03-25,SELL,3279,274.93,Equity
9455,3,2025-03-25,SELL,3905,145.92,Equity
9456,15,2025-03-25,BUY,1420,283.21,Currency
9457,7,2025-03-25,BUY,4173,275.14,Equity
9458,6,2025-03-25,SELL,1538,219.55,Equity
9459,4,2025-03-25,SELL,1182,104.31,Equity
9460,9,2025-03-25,SELL,1794,276.09,Equity
9461,12,2025-03-25,BUY,4902,226.86,Bond
9462,7,2025-03-25,BUY,3767,275.83,Equity
9463,10,2025-03-25,BUY,43,80.4,Equity
9464,2,2025-03-25,SELL,262,35.39,Equity
9465,11,2025-03-26,BUY,4358,105.12,ETF
9466,7,2025-03-26,SELL,1648,282.43,Equity
9467,6,2025-03-26,SELL,526,213.57,Equity
9468,11,2025-03-26,BUY,1278,104.63,ETF
9469,10,2025-03-26,BUY,4584,81.6,Equity
9470,6,2025-03-26,BUY,2239,212.77,Equity
9471,5,2025-03-26,SELL,83,614.65,Equity
9472,6,2025-03-26,BUY,4371,213.81,Equity
9473,1,2025-03-26,SELL,2164,404.02,Equity
9474,15,2025-03-26,SELL,1010,284.12,Currency
9475,6,2025-03-26,SELL,3751,213.6,Equity
9476,10,2025-03-26,BUY,1525,81.62,Equity
9477,12,2025-03-26,SELL,2188,226.32,Bond
9478,3,2025-03-26,SELL,1657,141.07,Equity
9479,10,2025-03-26,SELL,4179,81.49,Equity
9480,3,2025-03-26,SELL,3099,140.9,Equity
9481,10,2025-03-26,BUY,453,81.5,Equity
9482,5,2025-03-26,SELL,3309,613.09,Equity
9483,15,2025-03-26,BUY,2368,283.55,Currency
9484,5,2025-03-26,BUY,4616,612.72,Equity
9485,9,2025-03-26,BUY,4224,281.01,Equity
9486,3,2025-03-26,SELL,2987,140.49,Equity
9487,7,2025-03-27,SELL,4876,279.88,Equity
9488,11,2025-03-27,BUY,3605,103.5,ETF
9489,8,2025-03-27,BUY,931,57.24,Equity
9490,10,2025-03-27,BUY,4572,82.21,Equity
9491,1,2025-03-27,BUY,1067,395.74,Equity
9492,4,2025-03-27,BUY,3372,106.78,Equity
9493,1,2025-03-27,BUY,1489,395.01,Equity
9494,1,2025-03-27,SELL,91,396.13,Equity
9495,4,2025-03-27,SELL,803,107.12,Equity
9496,7,2025-03-27,BUY,4008,279.96,Equity
9497,15,2025-03-27,SELL,3920,283.93,Currency
9498,10,2025-03-27,BUY,4267,82.2,Equity
9499,1,2025-03-27,SELL,3824,396.3,Equity
9500,5,2025-03-27,BUY,364,613.67,Equity
9501,14,2025-03-27,SELL,3321,68.17,Commodity
9502,8,2025-03-27,SELL,1554,57.28,Equity
9503,10,2025-03-27,SELL,2051,82.02,Equity
9504,12,2025-03-27,BUY,1227,224.37,Bond
9505,10,2025-03-27,SELL,975,82.17,Equity
9506,11,2025-03-27,SELL,2069,103.9,ETF
9507,2,2025-03-27,SELL,114,37.32,Equity
9508,11,2025-03-27,SELL,339,103.79,ETF
9509,14,2025-03-27,BUY,1210,67.9,Commodity
9510,7,2025-03-27,BUY,3080,281.3,Equity
9511,14,2025-03-27,BUY,1431,68.23,Commodity
9512,1,2025-03-28,SELL,144,399.6,Equity
9513,8,2025-03-28,SELL,4713,57.28,Equity
9514,4,2025-03-28,SELL,665,110.42,Equity
9515,15,2025-03-28,BUY,1202,282.68,Currency
9516,13,2025-03-28,BUY,4186,34.54,Commodity
9517,5,2025-03-28,BUY,1158,613.07,Equity
9518,4,2025-03-28,BUY,1124,110.25,Equity
9519,7,2025-03-28,BUY,1705,280.73,Equity
9520,3,2025-03-28,BUY,4619,147.08,Equity
9521,15,2025-03-28,SELL,2687,282.99,Currency
9522,1,2025-03-28,SELL,2123,399.72,Equity
9523,15,2025-03-28,SELL,2727,283.4,Currency
9524,3,2025-03-28,SELL,3315,147.61,Equity
9525,14,2025-03-28,BUY,4243,66.39,Commodity
9526,6,2025-03-28,BUY,78,225.67,Equity
9527,7,2025-03-28,BUY,2436,281.32,Equity
9528,4,2025-03-28,SELL,199,110.48,Equity
9529,4,2025-03-28,BUY,4495,110.69,Equity
9530,6,2025-03-28,BUY,3842,225.47,Equity
9531,4,2025-03-28,BUY,2888,110.54,Equity
9532,12,2025-03-28,SELL,374,224.34,Bond
9533,13,2025-03-28,SELL,2008,34.64,Commodity
9534,14,2025-03-28,BUY,1399,66.38,Commodity
9535,11,2025-03-28,BUY,1624,101.7,ETF
9536,6,2025-03-28,BUY,3231,225.62,Equity
9537,9,2025-03-28,SELL,2500,275.46,Equity
9538,12,2025-03-28,BUY,1325,224.01,Bond
9539,5,2025-03-28,SELL,742,613.41,Equity
9540,8,2025-03-31,BUY,3234,57.91,Equity
9541,13,2025-03-31,SELL,4531,33.65,Commodity
9542,11,2025-03-31,SELL,3965,101.9,ETF
9543,12,2025-03-31,SELL,4230,223.65,Bond
9544,7,2025-03-31,SELL,2598,271.91,Equity
9545,8,2025-03-31,BUY,790,57.81,Equity
9546,12,2025-03-31,BUY,3459,222.92,Bond
9547,4,2025-03-31,SELL,108,110.22,Equity
9548,11,2025-03-31,SELL,2769,101.6,ETF
9549,7,2025-03-31,SELL,861,272.28,Equity
9550,11,2025-03-31,BUY,2289,101.52,ETF
9551,4,2025-03-31,SELL,632,110.34,Equity
9552,6,2025-03-31,BUY,4989,219.18,Equity
9553,4,2025-03-31,BUY,1283,110.23,Equity
9554,13,2025-03-31,BUY,2199,33.72,Commodity
9555,2,2025-03-31,BUY,903,37.0,Equity
9556,10,2025-03-31,BUY,2830,80.99,Equity
9557,5,2025-03-31,SELL,1408,597.95,Equity
9558,2,2025-03-31,SELL,2508,37.06,Equity
9559,9,2025-03-31,BUY,4333,278.66,Equity
9560,11,2025-03-31,SELL,1865,101.97,ETF
9561,6,2025-03-31,BUY,4752,219.43,Equity
9562,3,2025-03-31,SELL,1569,145.3,Equity
9563,5,2025-03-31,SELL,2618,597.05,Equity
9564,14,2025-03-31,BUY,2388,64.02,Commodity
9565,3,2025-04-01,SELL,4388,149.6,Equity
9566,6,2025-04-01,SELL,1099,218.22,Equity
9567,6,2025-04-01,BUY,1001,218.93,Equity
9568,7,2025-04-01,BUY,193,268.52,Equity
9569,7,2025-04-01,SELL,4801,267.62,Equity
9570,8,2025-04-01,SELL,3557,58.91,Equity
9571,10,2025-04-01,BUY,400,80.72,Equity
9572,14,2025-04-01,SELL,3301,65.05,Commodity
9573,8,2025-04-01,SELL,2854,58.94,Equity
9574,11,2025-04-01,SELL,2444,101.35,ETF
9575,2,2025-04-01,BUY,3147,35.36,Equity
9576,8,2025-04-01,BUY,760,58.78,Equity
9577,13,2025-04-01,SELL,1671,33.91,Commodity
9578,3,2025-04-01,BUY,4587,149.19,Equity
9579,14,2025-04-01,BUY,4403,65.14,Commodity
9580,10,2025-04-01,BUY,3835,80.82,Equity
9581,13,2025-04-01,BUY,3729,33.97,Commodity
9582,8,2025-04-01,SELL,819,58.72,Equity
9583,13,2025-04-01,SELL,4270,33.99,Commodity
9584,3,2025-04-01,BUY,3874,148.9,Equity
9585,4,2025-04-01,SELL,3909,109.04,Equity
9586,11,2025-04-01,SELL,2463,101.29,ETF
9587,1,2025-04-01,SELL,4805,398.55,Equity
9588,6,2025-04-01,BUY,1748,218.38,Equity
9589,2,2025-04-01,BUY,1798,35.34,Equity
9590,5,2025-04-01,SELL,1493,602.34,Equity
9591,9,2025-04-01,SELL,411,278.98,Equity
9592,7,2025-04-01,SELL,1285,268.07,Equity
9593,1,2025-04-01,SELL,2186,399.03,Equity
9594,1,2025-04-01,SELL,3045,399.62,Equity
9595,4,2025-04-01,SELL,2595,108.61,Equity
9596,15,2025-04-01,SELL,10,282.46,Currency
9597,8,2025-04-01,BUY,2284,58.94,Equity
9598,9,2025-04-01,SELL,526,279.89,Equity
9599,3,2025-04-01,BUY,3939,149.49,Equity
9600,3,2025-04-01,SELL,1953,149.16,Equity
9601,7,2025-04-01,SELL,3564,267.32,Equity
9602,7,2025-04-02,SELL,1746,262.12,Equity
9603,10,2025-04-02,BUY,2571,80.15,Equity
9604,2,2025-04-02,SELL,3602,35.11,Equity
9605,15,2025-04-02,BUY,3472,280.96,Currency
9606,8,2025-04-02,SELL,2285,59.94,Equity
9607,10,2025-04-02,SELL,984,80.34,Equity
9608,15,2025-04-02,SELL,854,281.19,Currency
9609,7,2025-04-02,BUY,152,261.81,Equity
9610,5,2025-04-02,SELL,1678,602.65,Equity
9611,9,2025-04-02,BUY,2822,279.54,Equity
9612,13,2025-04-02,BUY,25,34.08,Commodity
9613,11,2025-04-02,SELL,283,102.64,ETF
9614,12,2025-04-02,SELL,3546,222.66,Bond
9615,15,2025-04-02,SELL,3010,280.45,Currency
9616,1,2025-04-02,SELL,1560,398.84,Equity
9617,6,2025-04-02,BUY,3941,211.3,Equity
9618,11,2025-04-02,BUY,706,102.76,ETF
9619,9,2025-04-02,BUY,2023,278.67,Equity
9620,1,2025-04-02,SELL,1984,400.06,Equity
9621,9,2025-04-02,BUY,991,279.6,Equity
9622,14,2025-04-02,BUY,4435,65.68,Commodity
9623,14,2025-04-02,SELL,1557,65.47,Commodity
9624,5,2025-04-02,BUY,1435,603.95,Equity
9625,1,2025-04-02,BUY,1332,400.5,Equity
9626,7,2025-04-02,SELL,2193,261.47,Equity
9627,13,2025-04-02,SELL,613,34.24,Commodity
9628,10,2025-04-02,SELL,1080,80.37,Equity
9629,7,2025-04-02,BUY,2421,261.78,Equity
9630,8,2025-04-02,BUY,263,60.05,Equity
9631,13,2025-04-02,BUY,2866,34.27,Commodity
9632,13,2025-04-02,SELL,2858,34.23,Commodity
9633,3,2025-04-02,BUY,188,155.1,Equity
9634,13,2025-04-02,SELL,4300,34.08,Commodity
9635,1,2025-04-02,BUY,2900,398.42,Equity
9636,8,2025-04-02,BUY,3217,60.05,Equity
9637,13,2025-04-02,BUY,4944,34.14,Commodity
9638,5,2025-04-02,SELL,3755,601.88,Equity
9639,10,2025-04-02,BUY,2375,80.47,Equity
9640,2,2025-04-02,SELL,315,35.04,Equity
9641,4,2025-04-03,BUY,2834,104.97,Equity
9642,7,2025-04-03,BUY,2966,267.76,Equity
9643,8,2025-04-03,SELL,3021,61.39,Equity
9644,9,2025-04-03,SELL,2458,280.87,Equity
9645,12,2025-04-03,SELL,3361,222.94,Bond
9646,7,2025-04-03,BUY,2334,268.55,Equity
9647,15,2025-04-03,SELL,3978,282.42,Currency
9648,1,2025-04-03,BUY,899,414.37,Equity
9649,8,2025-04-03,SELL,998,61.37,Equity
9650,5,2025-04-03,BUY,1144,606.77,Equity
9651,5,2025-04-03,BUY,3947,604.47,Equity
9652,11,2025-04-03,BUY,2959,102.25,ETF
9653,5,2025-04-03,SELL,4544,606.83,Equity
9654,9,2025-04-03,SELL,192,279.78,Equity
9655,3,2025-04-03,BUY,770,157.77,Equity
9656,2,2025-04-03,BUY,1407,34.6,Equity
9657,14,2025-04-03,BUY,116,65.75,Commodity
9658,14,2025-04-03,BUY,4940,65.71,Commodity
9659,8,2025-04-03,BUY,4658,61.55,Equity
9660,9,2025-04-03,BUY,2510,279.57,Equity
9661,4,2025-04-03,BUY,3478,105.35,Equity
9662,8,2025-04-03,SELL,547,61.53,Equity
9663,3,2025-04-04,SELL,400,158.38,Equity
9664,6,2025-04-04,BUY,3061,206.6,Equity
9665,14,2025-04-04,BUY,365,68.15,Commodity
9666,5,2025-04-04,SELL,4839,607.58,Equity
9667,14,2025-04-04,BUY,3869,68.19,Commodity
9668,3,2025-04-04,SELL,4027,158.67,Equity
9669,12,2025-04-04,BUY,88,223.7,Bond
9670,11,2025-04-04,BUY,864,102.47,ETF
9671,4,2025-04-04,BUY,1623,107.33,Equity
9672,2,2025-04-04,BUY,308,34.64,Equity
9673,10,2025-04-04,BUY,4508,78.82,Equity
9674,15,2025-04-04,BUY,1129,283.11,Currency
9675,3,2025-04-04,BUY,2824,158.6,Equity
9676,2,2025-04-04,SELL,1582,34.71,Equity
9677,5,2025-04-04,SELL,2693,607.96,Equity
9678,10,2025-04-04,SELL,4578,78.71,Equity
9679,4,2025-04-04,SELL,2788,107.79,Equity
9680,4,2025-04-04,BUY,4366,107.78,Equity
9681,11,2025-04-04,SELL,2406,102.84,ETF
9682,12,2025-04-04,SELL,4922,223.34,Bond
9683,9,2025-04-04,BUY,2761,280.39,Equity
9684,5,2025-04-04,SELL,818,609.51,Equity
9685,7,2025-04-04,BUY,881,275.82,Equity
9686,8,2025-04-04,SELL,715,60.58,Equity
9687,9,2025-04-04,SELL,4876,280.39,Equity
9688,5,2025-04-04,BUY,3250,607.87,Equity
9689,1,2025-04-04,BUY,1202,412.63,Equity
9690,7,2025-04-04,SELL,692,274.9,Equity
9691,1,2025-04-04,SELL,3725,412.41,Equity
9692,5,2025-04-04,BUY,676,609.14,Equity
9693,1,2025-04-04,SELL,2528,412.75,Equity
9694,12,2025-04-04,BUY,1576,223.88,Bond
9695,9,2025-04-04,BUY,2147,281.23,Equity
9696,14,2025-04-04,SELL,4772,68.31,Commodity
9697,10,2025-04-07,BUY,490,78.87,Equity
9698,9,2025-04-07,BUY,3624,281.05,Equity
9699,14,2025-04-07,SELL,4164,68.37,Commodity
9700,6,2025-04-07,BUY,1437,199.78,Equity
9701,11,2025-04-07,BUY,974,102.11,ETF
9702,8,2025-04-07,SELL,4823,60.55,Equity
9703,13,2025-04-07,BUY,1871,32.41,Commodity
9704,14,2025-04-07,BUY,2153,68.19,Commodity
9705,14,2025-04-07,SELL,1230,68.15,Commodity
9706,7,2025-04-07,BUY,3255,273.4,Equity
9707,11,2025-04-07,BUY,556,101.96,ETF
9708,1,2025-04-07,SELL,115,414.33,Equity
9709,1,2025-04-07,BUY,4096,415.07,Equity
9710,7,2025-04-07,BUY,800,274.36,Equity
9711,14,2025-04-07,SELL,187,68.27,Commodity
9712,7,2025-04-07,SELL,176,273.59,Equity
9713,11,2025-04-07,SELL,178,101.66,ETF
9714,3,2025-04-07,SELL,1575,156.37,Equity
9715,5,2025-04-07,SELL,2325,617.19,Equity
9716,3,2025-04-07,SELL,364,156.52,Equity
9717,5,2025-04-07,SELL,3576,616.42,Equity
9718,10,2025-04-07,BUY,4460,78.88,Equity
9719,12,2025-04-07,SELL,4683,223.56,Bond
9720,2,2025-04-07,SELL,4163,34.56,Equity
9721,8,2025-04-08,BUY,3626,59.84,Equity
9722,10,2025-04-08,BUY,2971,81.72,Equity
9723,2,2025-04-08,BUY,3760,33.99,Equity
9724,5,2025-04-08,BUY,1585,622.59,Equity
9725,9,2025-04-08,SELL,2624,277.52,Equity
9726,7,2025-04-08,SELL,1659,283.19,Equity
9727,2,2025-04-08,BUY,397,34.0,Equity
9728,7,2025-04-08,SELL,29,283.22,Equity
9729,3,2025-04-08,SELL,761,159.4,Equity
9730,7,2025-04-08,BUY,2826,282.12,Equity
9731,10,2025-04-08,SELL,3293,81.78,Equity
9732,2,2025-04-08,BUY,1888,34.1,Equity
9733,4,2025-04-08,SELL,4593,105.34,Equity
9734,1,2025-04-08,BUY,1577,409.85,Equity
9735,6,2025-04-08,BUY,4713,192.91,Equity
9736,11,2025-04-08,SELL,2548,103.95,ETF
9737,3,2025-04-08,BUY,3560,159.1,Equity
9738,10,2025-04-08,BUY,705,81.66,Equity
9739,12,2025-04-08,SELL,4635,223.73,Bond
9740,4,2025-04-08,SELL,3645,105.69,Equity
9741,9,2025-04-08,SELL,2035,277.48,Equity
9742,14,2025-04-08,SELL,4981,67.33,Commodity
9743,9,2025-04-08,BUY,3206,277.59,Equity
9744,10,2025-04-08,SELL,4477,81.55,Equity
9745,9,2025-04-08,BUY,4042,277.46,Equity
9746,11,2025-04-08,BUY,4046,103.56,ETF
9747,2,2025-04-08,BUY,2692,34.13,Equity
9748,14,2025-04-08,BUY,2694,67.29,Commodity
9749,5,2025-04-08,BUY,2292,624.01,Equity
9750,2,2025-04-08,BUY,1321,34.0,Equity
9751,9,2025-04-08,BUY,4415,276.98,Equity
9752,13,2025-04-08,BUY,4820,31.98,Commodity
9753,6,2025-04-08,SELL,3845,192.74,Equity
9754,11,2025-04-08,SELL,2323,104.07,ETF
9755,4,2025-04-08,BUY,774,105.36,Equity
9756,10,2025-04-08,SELL,2413,81.58,Equity
9757,15,2025-04-08,SELL,2402,283.93,Currency
9758,12,2025-04-08,BUY,1434,222.8,Bond
9759,9,2025-04-09,BUY,211,279.23,Equity
9760,15,2025-04-09,BUY,4501,281.27,Currency
9761,12,2025-04-09,SELL,441,224.04,Bond
9762,12,2025-04-09,BUY,3330,223.88,Bond
9763,8,2025-04-09,BUY,2009,59.58,Equity
9764,4,2025-04-09,SELL,4801,106.98,Equity
9765,2,2025-04-09,BUY,3811,34.02,Equity
9766,6,2025-04-09,BUY,2609,201.83,Equity
9767,4,2025-04-09,SELL,1749,107.05,Equity
9768,8,2025-04-09,SELL,594,59.37,Equity
9769,15,2025-04-09,BUY,2481,280.99,Currency
9770,8,2025-04-09,SELL,3018,59.37,Equity
9771,4,2025-04-09,SELL,4561,107.31,Equity
9772,2,2025-04-09,SELL,806,34.12,Equity
9773,2,2025-04-09,BUY,81,33.98,Equity
9774,4,2025-04-09,SELL,300,107.2,Equity
9775,13,2025-04-09,BUY,1442,32.67,Commodity
9776,15,2025-04-09,BUY,3098,281.64,Currency
9777,11,2025-04-09,BUY,3182,103.89,ETF
9778,13,2025-04-09,BUY,3006,32.59,Commodity
9779,8,2025-04-09,SELL,3340,59.59,Equity
9780,15,2025-04-09,BUY,1660,281.07,Currency
9781,12,2025-04-09,SELL,312,223.65,Bond
9782,10,2025-04-09,BUY,2529,79.59,Equity
9783,6,2025-04-09,BUY,1624,201.77,Equity
9784,1,2025-04-09,BUY,1717,404.01,Equity
9785,6,2025-04-09,BUY,873,201.07,Equity
9786,3,2025-04-09,BUY,423,162.63,Equity
9787,13,2025-04-09,BUY,1340,32.66,Commodity
9788,10,2025-04-09,BUY,2304,79.42,Equity
9789,6,2025-04-09,BUY,1149,200.96,Equity
9790,3,2025-04-09,BUY,3047,161.94,Equity
9791,1,2025-04-09,BUY,4959,403.64,Equity
9792,6,2025-04-09,BUY,3187,201.35,Equity
9793,10,2025-04-10,BUY,2811,81.17,Equity
9794,2,2025-04-10,SELL,489,34.78,Equity
9795,12,2025-04-10,BUY,2478,224.3,Bond
9796,3,2025-04-10,SELL,102,163.77,Equity
9797,10,2025-04-10,BUY,728,81.21,Equity
9798,5,2025-04-10,SELL,4041,617.34,Equity
9799,15,2025-04-10,SELL,2070,279.42,Currency
9800,12,2025-04-10,SELL,1427,223.57,Bond
9801,10,2025-04-10,SELL,4974,81.29,Equity
9802,10,2025-04-10,SELL,3278,81.41,Equity
9803,10,2025-04-10,BUY,3109,80.99,Equity
9804,8,2025-04-10,SELL,4669,59.64,Equity
9805,12,2025-04-10,SELL,2679,224.3,Bond
9806,8,2025-04-10,BUY,607,59.67,Equity
9807,15,2025-04-10,SELL,438,279.68,Currency
9808,7,2025-04-10,BUY,2763,269.56,Equity
9809,11,2025-04-10,SELL,3643,104.81,ETF
9810,11,2025-04-10,SELL,1833,104.49,ETF
9811,5,2025-04-10,SELL,3185,616.38,Equity
9812,15,2025-04-10,SELL,4750,279.27,Currency
9813,15,2025-04-10,BUY,4555,279.99,Currency
9814,14,2025-04-10,SELL,2007,67.35,Commodity
9815,11,2025-04-10,SELL,1723,105.09,ETF
9816,6,2025-04-10,BUY,4404,198.18,Equity
9817,6,2025-04-10,BUY,953,197.23,Equity
9818,8,2025-04-10,SELL,4206,59.87,Equity
9819,12,2025-04-10,BUY,3151,223.58,Bond
9820,12,2025-04-10,SELL,1431,224.61,Bond
9821,1,2025-04-10,SELL,3513,399.71,Equity
9822,1,2025-04-10,SELL,4725,399.46,Equity
9823,12,2025-04-10,BUY,1208,224.57,Bond
9824,2,2025-04-11,SELL,2240,34.4,Equity
9825,7,2025-04-11,BUY,4358,263.99,Equity
9826,7,2025-04-11,BUY,1299,264.98,Equity
9827,8,2025-04-11,SELL,761,61.05,Equity
9828,10,2025-04-11,SELL,3394,81.95,Equity
9829,2,2025-04-11,BUY,4158,34.43,Equity
9830,14,2025-04-11,BUY,186,67.4,Commodity
9831,1,2025-04-11,SELL,2561,396.27,Equity
9832,9,2025-04-11,BUY,3447,268.05,Equity
9833,12,2025-04-11,BUY,356,224.48,Bond
9834,15,2025-04-11,BUY,536,279.17,Currency
9835,9,2025-04-11,SELL,3751,268.41,Equity
9836,14,2025-04-11,BUY,2605,67.56,Commodity
9837,14,2025-04-11,BUY,1519,67.35,Commodity
9838,15,2025-04-11,SELL,2922,278.36,Currency
9839,1,2025-04-11,SELL,4092,396.89,Equity
9840,9,2025-04-11,SELL,405,267.8,Equity
9841,13,2025-04-11,SELL,1912,33.85,Commodity
9842,9,2025-04-11,BUY,745,268.85,Equity
9843,11,2025-04-11,SELL,4830,104.73,ETF
9844,10,2025-04-11,SELL,1229,81.98,Equity
9845,4,2025-04-11,BUY,4109,110.37,Equity
9846,14,2025-04-11,SELL,3792,67.59,Commodity
9847,8,2025-04-11,SELL,4564,61.1,Equity
9848,12,2025-04-11,BUY,4288,223.97,Bond
9849,13,2025-04-11,BUY,4302,33.84,Commodity
9850,10,2025-04-11,BUY,3607,81.64,Equity
9851,13,2025-04-11,BUY,3101,33.83,Commodity
9852,7,2025-04-11,BUY,4936,264.97,Equity
9853,8,2025-04-11,BUY,4296,60.82,Equity
9854,14,2025-04-11,SELL,866,67.68,Commodity
9855,12,2025-04-11,SELL,4117,224.47,Bond
9856,7,2025-04-11,BUY,2165,264.02,Equity
9857,9,2025-04-11,SELL,4197,268.61,Equity
9858,3,2025-04-11,SELL,4681,160.13,Equity
9859,15,2025-04-11,SELL,1275,279.31,Currency
9860,2,2025-04-11,SELL,2374,34.51,Equity
9861,11,2025-04-11,SELL,3882,104.74,ETF
9862,7,2025-04-11,BUY,3321,264.66,Equity
9863,8,2025-04-11,BUY,4387,61.12,Equity
9864,6,2025-04-14,SELL,3516,197.15,Equity
9865,6,2025-04-14,SELL,2763,197.29,Equity
9866,5,2025-04-14,SELL,2967,612.97,Equity
9867,9,2025-04-14,BUY,543,267.6,Equity
9868,1,2025-04-14,SELL,1884,403.72,Equity
9869,9,2025-04-14,BUY,877,268.57,Equity
9870,6,2025-04-14,BUY,392,196.61,Equity
9871,9,2025-04-14,SELL,3029,267.59,Equity
9872,4,2025-04-14,BUY,4132,109.19,Equity
9873,7,2025-04-14,SELL,901,258.75,Equity
9874,8,2025-04-14,SELL,1430,61.07,Equity
9875,2,2025-04-14,SELL,3829,35.78,Equity
9876,11,2025-04-14,SELL,3107,106.05,ETF
9877,15,2025-04-14,SELL,839,277.94,Currency
9878,13,2025-04-14,SELL,2995,34.32,Commodity
9879,3,2025-04-14,SELL,383,156.17,Equity
9880,12,2025-04-14,SELL,4245,225.38,Bond
9881,13,2025-04-14,BUY,4627,34.18,Commodity
9882,15,2025-04-14,SELL,2139,277.67,Currency
9883,10,2025-04-14,SELL,358,82.39,Equity
9884,5,2025-04-14,SELL,535,612.73,Equity
9885,6,2025-04-14,BUY,89,197.09,Equity
9886,7,2025-04-14,BUY,1596,257.83,Equity
9887,8,2025-04-14,SELL,1963,61.21,Equity
9888,14,2025-04-15,SELL,4320,66.56,Commodity
9889,6,2025-04-15,SELL,2630,194.26,Equity
9890,8,2025-04-15,BUY,2402,60.47,Equity
9891,15,2025-04-15,SELL,4548,274.5,Currency
9892,15,2025-04-15,BUY,4456,275.03,Currency
9893,2,2025-04-15,BUY,3899,35.49,Equity
9894,9,2025-04-15,SELL,245,267.88,Equity
9895,11,2025-04-15,BUY,432,103.78,ETF
9896,2,2025-04-15,SELL,552,35.51,Equity
9897,3,2025-04-15,SELL,472,156.13,Equity
9898,1,2025-04-15,SELL,4330,402.7,Equity
9899,12,2025-04-15,BUY,3891,225.26,Bond
9900,15,2025-04-15,SELL,2249,275.23,Currency
9901,11,2025-04-15,SELL,4104,103.31,ETF
9902,6,2025-04-15,SELL,2454,194.68,Equity
9903,1,2025-04-15,SELL,280,403.87,Equity
9904,9,2025-04-15,BUY,85,269.06,Equity
9905,2,2025-04-15,BUY,3437,35.68,Equity
9906,12,2025-04-15,SELL,1526,224.51,Bond
9907,2,2025-04-15,BUY,4952,35.48,Equity
9908,7,2025-04-15,SELL,48,257.76,Equity
9909,10,2025-04-15,BUY,4781,83.55,Equity
9910,5,2025-04-15,BUY,2024,601.98,Equity
9911,7,2025-04-15,SELL,1840,257.69,Equity
9912,6,2025-04-15,SELL,2538,194.02,Equity
9913,11,2025-04-15,SELL,282,103.74,ETF
9914,10,2025-04-15,SELL,1216,83.84,Equity
9915,3,2025-04-16,BUY,135,157.74,Equity
9916,4,2025-04-16,SELL,1076,108.22,Equity
9917,14,2025-04-16,SELL,2156,66.65,Commodity
9918,14,2025-04-16,BUY,2825,66.5,Commodity
9919,3,2025-04-16,SELL,3451,158.47,Equity
9920,15,2025-04-16,BUY,3858,278.24,Currency
9921,13,2025-04-16,SELL,3729,33.64,Commodity
9922,8,2025-04-16,SELL,2556,58.78,Equity
9923,7,2025-04-16,SELL,1256,255.31,Equity
9924,12,2025-04-16,SELL,4628,225.44,Bond
9925,11,2025-04-16,SELL,3940,104.57,ETF
9926,7,2025-04-16,BUY,3461,256.61,Equity
9927,2,2025-04-16,SELL,2647,35.78,Equity
9928,3,2025-04-16,SELL,4391,158.39,Equity
9929,2,2025-04-16,SELL,968,35.9,Equity
9930,6,2025-04-16,BUY,714,194.26,Equity
9931,6,2025-04-16,SELL,123,193.53,Equity
9932,11,2025-04-16,BUY,779,104.47,ETF
9933,4,2025-04-16,BUY,3760,108.42,Equity
9934,2,2025-04-16,BUY,1405,35.82,Equity
9935,7,2025-04-16,BUY,1883,255.32,Equity
9936,14,2025-04-16,BUY,2788,66.4,Commodity
9937,1,2025-04-16,BUY,3450,406.71,Equity
9938,7,2025-04-16,BUY,3041,256.4,Equity
9939,5,2025-04-16,BUY,2856,607.85,Equity
9940,6,2025-04-16,BUY,2968,193.79,Equity
9941,1,2025-04-16,SELL,1282,406.71,Equity
9942,12,2025-04-16,SELL,2938,225.59,Bond
9943,10,2025-04-16,SELL,2306,82.86,Equity
9944,1,2025-04-16,BUY,4806,408.06,Equity
9945,9,2025-04-16,BUY,4256,264.75,Equity
9946,2,2025-04-16,SELL,2521,35.89,Equity
9947,10,2025-04-16,SELL,1558,82.87,Equity
9948,9,2025-04-16,BUY,4993,265.63,Equity
9949,8,2025-04-16,SELL,1130,58.99,Equity
9950,6,2025-04-16,BUY,4448,194.58,Equity
9951,4,2025-04-16,BUY,4603,108.83,Equity
9952,10,2025-04-16,SELL,2007,82.53,Equity
9953,10,2025-04-16,BUY,287,82.47,Equity
9954,4,2025-04-17,SELL,2367,110.94,Equity
9955,6,2025-04-17,SELL,2123,197.68,Equity
9956,11,2025-04-17,SELL,109,102.6,ETF
9957,14,2025-04-17,SELL,2388,64.33,Commodity
9958,9,2025-04-17,BUY,1286,268.88,Equity
9959,12,2025-04-17,SELL,257,225.05,Bond
9960,8,2025-04-17,BUY,4125,59.45,Equity
9961,10,2025-04-17,SELL,3985,84.53,Equity
9962,5,2025-04-17,BUY,4320,595.74,Equity
9963,8,2025-04-17,BUY,4593,59.16,Equity
9964,6,2025-04-17,SELL,3093,197.6,Equity
9965,1,2025-04-17,SELL,4721,413.1,Equity
9966,2,2025-04-17,BUY,2926,35.02,Equity
9967,4,2025-04-17,BUY,2523,110.84,Equity
9968,14,2025-04-17,BUY,4771,64.51,Commodity
9969,4,2025-04-17,BUY,4110,110.8,Equity
9970,11,2025-04-17,BUY,2181,102.54,ETF
9971,8,2025-04-17,BUY,1846,59.24,Equity
9972,4,2025-04-17,SELL,1238,110.9,Equity
9973,12,2025-04-17,SELL,4823,225.02,Bond
9974,2,2025-04-17,SELL,3060,35.1,Equity
9975,9,2025-04-17,SELL,1840,269.94,Equity
9976,15,2025-04-17,SELL,4480,279.39,Currency
9977,6,2025-04-17,BUY,3765,197.33,Equity
9978,2,2025-04-17,BUY,2740,35.03,Equity
9979,8,2025-04-17,BUY,4328,59.37,Equity
9980,12,2025-04-17,BUY,162,225.17,Bond
9981,1,2025-04-17,BUY,19,413.96,Equity
9982,4,2025-04-17,SELL,1104,111.12,Equity
9983,8,2025-04-17,SELL,812,59.27,Equity
9984,3,2025-04-17,SELL,1827,154.81,Equity
9985,10,2025-04-17,SELL,4521,84.28,Equity
9986,15,2025-04-18,BUY,3484,278.66,Currency
9987,1,2025-04-18,BUY,1218,412.92,Equity
9988,5,2025-04-18,SELL,2949,611.46,Equity
9989,3,2025-04-18,BUY,2432,153.46,Equity
9990,11,2025-04-18,BUY,3824,104.52,ETF
9991,12,2025-04-18,BUY,3856,224.79,Bond
9992,9,2025-04-18,BUY,1727,265.45,Equity
9993,8,2025-04-18,BUY,938,58.95,Equity
9994,3,2025-04-18,BUY,3309,152.77,Equity
9995,10,2025-04-18,SELL,3469,87.1,Equity
9996,9,2025-04-18,SELL,2068,265.5,Equity
9997,10,2025-04-18,SELL,1995,86.7,Equity
9998,4,2025-04-18,BUY,1106,114.68,Equity
9999,7,2025-04-18,BUY,2293,249.26,Equity
10000,9,2025-04-18,BUY,3807,266.19,Equity
10001,15,2025-04-18,SELL,2338,277.5,Currency
10002,14,2025-04-18,SELL,3160,63.79,Commodity
10003,14,2025-04-18,BUY,4127,63.94,Commodity
10004,12,2025-04-18,SELL,2023,225.95,Bond
10005,13,2025-04-18,SELL,1131,34.63,Commodity
10006,1,2025-04-18,SELL,147,411.82,Equity
10007,1,2025-04-18,BUY,2901,411.51,Equity
10008,11,2025-04-18,BUY,2345,104.19,ETF
10009,4,2025-04-18,SELL,1919,114.85,Equity
10010,10,2025-04-18,BUY,3155,87.13,Equity
10011,10,2025-04-18,BUY,2819,87.02,Equity
10012,11,2025-04-18,BUY,3498,104.02,ETF
10013,6,2025-04-18,BUY,3012,207.99,Equity
10014,2,2025-04-18,BUY,1466,35.15,Equity
10015,9,2025-04-18,SELL,272,264.72,Equity
10016,2,2025-04-18,BUY,3526,35.11,Equity
10017,2,2025-04-18,BUY,4947,35.08,Equity
10018,13,2025-04-18,BUY,1716,34.48,Commodity
10019,4,2025-04-18,SELL,2304,115.27,Equity
10020,11,2025-04-18,SELL,2699,104.04,ETF
10021,14,2025-04-18,BUY,1209,63.75,Commodity
10022,11,2025-04-21,BUY,3702,104.19,ETF
10023,7,2025-04-21,SELL,71,255.82,Equity
10024,15,2025-04-21,SELL,2390,281.31,Currency
10025,11,2025-04-21,BUY,38,104.25,ETF
10026,1,2025-04-21,SELL,4017,405.53,Equity
10027,11,2025-04-21,SELL,4701,104.06,ETF
10028,12,2025-04-21,BUY,2031,224.46,Bond
10029,9,2025-04-21,SELL,967,265.59,Equity
10030,12,2025-04-21,SELL,32,224.81,Bond
10031,3,2025-04-21,BUY,626,152.71,Equity
10032,11,2025-04-21,BUY,3099,104.25,ETF
10033,6,2025-04-21,SELL,2226,209.71,Equity
10034,10,2025-04-21,SELL,3249,86.98,Equity
10035,8,2025-04-21,SELL,3175,58.76,Equity
10036,6,2025-04-21,BUY,2982,209.07,Equity
10037,11,2025-04-21,BUY,4669,103.84,ETF
10038,5,2025-04-21,BUY,2764,618.06,Equity
10039,3,2025-04-21,SELL,82,152.77,Equity
10040,6,2025-04-21,BUY,659,208.95,Equity
10041,13,2025-04-21,SELL,3699,34.63,Commodity
10042,14,2025-04-21,SELL,79,63.34,Commodity
10043,7,2025-04-21,SELL,1775,254.77,Equity
10044,3,2025-04-21,SELL,2470,152.5,Equity
10045,3,2025-04-21,BUY,1879,152.55,Equity
10046,7,2025-04-21,BUY,1402,255.25,Equity
10047,11,2025-04-21,SELL,4604,103.69,ETF
10048,6,2025-04-21,SELL,4876,209.03,Equity
10049,14,2025-04-21,SELL,1629,63.43,Commodity
10050,13,2025-04-21,SELL,1345,34.49,Commodity
10051,9,2025-04-21,SELL,3242,266.83,Equity
10052,2,2025-04-21,BUY,4917,34.95,Equity
10053,7,2025-04-21,BUY,327,254.62,Equity
10054,9,2025-04-21,SELL,3488,266.84,Equity
10055,12,2025-04-21,SELL,2006,224.84,Bond
10056,12,2025-04-21,BUY,4516,225.47,Bond
10057,10,2025-04-21,SELL,3817,87.09,Equity
10058,2,2025-04-21,SELL,1306,34.87,Equity
10059,9,2025-04-21,SELL,4572,266.31,Equity
10060,11,2025-04-21,BUY,4569,104.12,ETF
10061,6,2025-04-21,SELL,998,209.34,Equity
10062,1,2025-04-22,BUY,2077,415.96,Equity
10063,8,2025-04-22,BUY,410,56.52,Equity
10064,9,2025-04-22,BUY,2139,271.03,Equity
10065,1,2025-04-22,BUY,1423,416.78,Equity
10066,13,2025-04-22,BUY,4046,35.98,Commodity
10067,7,2025-04-22,BUY,346,254.95,Equity
10068,2,2025-04-22,BUY,3005,34.49,Equity
10069,15,2025-04-22,SELL,1938,284.27,Currency
10070,2,2025-04-22,BUY,225,34.55,Equity
10071,15,2025-04-22,SELL,4471,283.3,Currency
10072,8,2025-04-22,BUY,4947,56.58,Equity
10073,15,2025-04-22,BUY,4251,282.84,Currency
10074,3,2025-04-22,SELL,168,156.86,Equity
10075,5,2025-04-22,SELL,3335,613.41,Equity
10076,7,2025-04-22,SELL,4500,255.23,Equity
10077,2,2025-04-22,SELL,880,34.4,Equity
10078,5,2025-04-22,SELL,1389,615.37,Equity
10079,15,2025-04-22,SELL,848,283.44,Currency
10080,4,2025-04-22,BUY,2251,111.14,Equity
10081,15,2025-04-22,BUY,581,282.99,Currency
10082,14,2025-04-22,SELL,2665,62.04,Commodity
10083,10,2025-04-22,BUY,606,86.81,Equity
10084,12,2025-04-22,SELL,869,226.1,Bond
10085,6,2025-04-23,SELL,4018,211.86,Equity
10086,8,2025-04-23,SELL,3628,56.3,Equity
10087,2,2025-04-23,SELL,3140,34.2,Equity
10088,1,2025-04-23,BUY,3195,416.23,Equity
10089,6,2025-04-23,SELL,1614,212.92,Equity
10090,6,2025-04-23,SELL,3735,212.48,Equity
10091,8,2025-04-23,BUY,4385,56.56,Equity
10092,11,2025-04-23,BUY,4121,103.71,ETF
10093,13,2025-04-23,BUY,4064,35.88,Commodity
10094,10,2025-04-23,SELL,3524,86.98,Equity
10095,12,2025-04-23,BUY,4074,226.09,Bond
10096,1,2025-04-23,BUY,2515,415.18,Equity
10097,2,2025-04-23,BUY,1395,34.1,Equity
10098,13,2025-04-23,BUY,3263,36.03,Commodity
10099,12,2025-04-23,SELL,2897,226.52,Bond
10100,8,2025-04-23,SELL,563,56.5,Equity
10101,13,2025-04-23,BUY,2959,36.05,Commodity
10102,14,2025-04-23,SELL,1427,62.95,Commodity
10103,15,2025-04-23,SELL,2835,282.05,Currency
10104,4,2025-04-23,SELL,2515,112.59,Equity
10105,9,2025-04-23,BUY,984,263.06,Equity
10106,7,2025-04-23,BUY,4025,251.02,Equity
10107,7,2025-04-23,BUY,2769,251.35,Equity
10108,9,2025-04-23,BUY,4683,263.33,Equity
10109,9,2025-04-23,SELL,3676,263.51,Equity
10110,12,2025-04-23,SELL,3284,226.48,Bond
10111,10,2025-04-23,BUY,2331,87.09,Equity
10112,1,2025-04-24,BUY,1474,405.11,Equity
10113,2,2025-04-24,BUY,2164,33.74,Equity
10114,11,2025-04-24,BUY,2101,105.3,ETF
10115,8,2025-04-24,SELL,1060,56.51,Equity
10116,6,2025-04-24,BUY,2958,205.44,Equity
10117,7,2025-04-24,SELL,2465,261.97,Equity
10118,11,2025-04-24,BUY,3961,105.38,ETF
10119,8,2025-04-24,BUY,201,56.29,Equity
10120,7,2025-04-24,BUY,5000,262.55,Equity
10121,3,2025-04-24,SELL,986,160.88,Equity
10122,6,2025-04-24,BUY,2382,205.12,Equity
10123,14,2025-04-24,BUY,103,64.05,Commodity
10124,7,2025-04-24,SELL,117,262.8,Equity
10125,12,2025-04-24,SELL,3276,226.03,Bond
10126,5,2025-04-24,BUY,4174,608.41,Equity
10127,9,2025-04-24,BUY,1776,262.51,Equity
10128,1,2025-04-24,BUY,4744,403.83,Equity
10129,4,2025-04-24,BUY,4274,111.45,Equity
10130,9,2025-04-24,BUY,2606,262.29,Equity
10131,14,2025-04-24,BUY,3288,64.16,Commodity
10132,3,2025-04-24,BUY,4446,160.54,Equity
10133,8,2025-04-24,BUY,2958,56.35,Equity
10134,4,2025-04-24,BUY,3943,111.46,Equity
10135,13,2025-04-24,SELL,1868,36.74,Commodity
10136,9,2025-04-24,SELL,4880,261.58,Equity
10137,7,2025-04-24,BUY,4322,262.83,Equity
10138,4,2025-04-24,SELL,4398,111.35,Equity
10139,13,2025-04-24,BUY,1710,36.7,Commodity
10140,2,2025-04-24,SELL,3625,33.63,Equity
10141,9,2025-04-24,BUY,94,261.59,Equity
10142,4,2025-04-24,BUY,3025,111.49,Equity
10143,2,2025-04-25,SELL,4542,33.52,Equity
10144,9,2025-04-25,SELL,2518,272.9,Equity
10145,11,2025-04-25,SELL,2609,107.18,ETF
10146,9,2025-04-25,BUY,1582,273.68,Equity
10147,2,2025-04-25,BUY,158,33.55,Equity
10148,3,2025-04-25,BUY,2685,162.78,Equity
10149,4,2025-04-25,BUY,62,111.78,Equity
10150,4,2025-04-25,SELL,827,112.0,Equity
10151,7,2025-04-25,BUY,1173,262.73,Equity
10152,10,2025-04-25,SELL,3880,85.82,Equity
10153,2,2025-04-25,BUY,137,33.52,Equity
10154,14,2025-04-25,BUY,490,64.25,Commodity
10155,9,2025-04-25,BUY,3339,272.21,Equity
10156,4,2025-04-25,BUY,3524,112.09,Equity
10157,9,2025-04-25,SELL,3929,273.34,Equity
10158,1,2025-04-25,BUY,3062,399.34,Equity
10159,15,2025-04-25,SELL,3880,278.43,Currency
10160,7,2025-04-25,SELL,1316,262.95,Equity
10161,11,2025-04-25,BUY,86,106.71,ETF
10162,14,2025-04-25,SELL,3457,64.15,Commodity
10163,1,2025-04-25,BUY,1145,399.58,Equity
10164,8,2025-04-25,BUY,4621,54.68,Equity
10165,15,2025-04-25,SELL,3569,278.9,Currency
10166,10,2025-04-25,BUY,4739,85.74,Equity
10167,8,2025-04-25,SELL,560,54.71,Equity
10168,9,2025-04-25,BUY,4815,273.57,Equity
10169,2,2025-04-25,SELL,2835,33.53,Equity
10170,7,2025-04-25,SELL,1758,263.12,Equity
10171,1,2025-04-28,BUY,1077,403.09,Equity
10172,1,2025-04-28,SELL,4055,403.0,Equity
10173,12,2025-04-28,BUY,190,224.46,Bond
10174,3,2025-04-28,SELL,4726,158.31,Equity
10175,14,2025-04-28,SELL,2300,64.49,Commodity
10176,9,2025-04-28,BUY,2289,278.94,Equity
10177,9,2025-04-28,BUY,1782,279.36,Equity
10178,8,2025-04-28,BUY,264,54.62,Equity
10179,14,2025-04-28,BUY,4829,64.12,Commodity
10180,5,2025-04-28,SELL,1838,618.04,Equity
10181,12,2025-04-28,BUY,3841,224.57,Bond
10182,15,2025-04-28,BUY,416,279.51,Currency
10183,13,2025-04-28,SELL,4414,38.48,Commodity
10184,10,2025-04-28,BUY,872,85.23,Equity
10185,15,2025-04-28,BUY,3809,280.05,Currency
10186,11,2025-04-28,SELL,1095,108.03,ETF
10187,7,2025-04-28,SELL,3947,257.33,Equity
10188,5,2025-04-28,BUY,4386,617.54,Equity
10189,2,2025-04-28,SELL,1347,33.57,Equity
10190,10,2025-04-28,BUY,515,85.49,Equity
10191,14,2025-04-28,BUY,584,64.5,Commodity
10192,12,2025-04-28,SELL,3027,225.53,Bond
10193,6,2025-04-28,BUY,3803,203.08,Equity
10194,8,2025-04-28,BUY,1999,54.69,Equity
10195,4,2025-04-28,SELL,3229,112.1,Equity
10196,5,2025-04-28,SELL,4316,617.76,Equity
10197,11,2025-04-28,SELL,3542,108.54,ETF
10198,13,2025-04-28,BUY,1790,38.38,Commodity
10199,1,2025-04-28,SELL,3146,402.63,Equity
10200,12,2025-04-28,BUY,847,224.77,Bond
10201,8,2025-04-29,SELL,2871,54.84,Equity
10202,13,2025-04-29,SELL,285,38.78,Commodity
10203,8,2025-04-29,SELL,4115,54.94,Equity
10204,10,2025-04-29,BUY,3404,85.33,Equity
10205,15,2025-04-29,BUY,1429,282.78,Currency
10206,2,2025-04-29,SELL,2765,33.3,Equity
10207,15,2025-04-29,SELL,1940,282.88,Currency
10208,5,2025-04-29,BUY,2039,628.95,Equity
10209,13,2025-04-29,SELL,578,38.76,Commodity
10210,7,2025-04-29,BUY,314,258.94,Equity
10211,10,2025-04-29,BUY,3654,85.24,Equity
10212,11,2025-04-29,SELL,515,108.19,ETF
10213,10,2025-04-29,SELL,4391,85.25,Equity
10214,15,2025-04-29,BUY,4506,282.57,Currency
10215,11,2025-04-29,BUY,3380,108.51,ETF
10216,11,2025-04-29,BUY,2197,108.36,ETF
10217,1,2025-04-29,SELL,2800,401.31,Equity
10218,13,2025-04-29,BUY,2172,38.75,Commodity
10219,8,2025-04-29,SELL,1089,54.84,Equity
10220,11,2025-04-29,SELL,4209,108.52,ETF
10221,3,2025-04-29,SELL,980,159.03,Equity
10222,15,2025-04-29,BUY,1583,282.53,Currency
10223,6,2025-04-29,SELL,2512,202.45,Equity
10224,7,2025-04-29,SELL,931,258.67,Equity
10225,7,2025-04-30,SELL,4370,262.23,Equity
10226,4,2025-04-30,SELL,693,115.12,Equity
10227,6,2025-04-30,BUY,4110,205.71,Equity
10228,8,2025-04-30,BUY,497,55.03,Equity
10229,6,2025-04-30,BUY,4334,205.76,Equity
10230,3,2025-04-30,BUY,3241,157.31,Equity
10231,13,2025-04-30,SELL,2056,39.65,Commodity
10232,5,2025-04-30,BUY,947,653.09,Equity
10233,3,2025-04-30,BUY,283,157.34,Equity
10234,10,2025-04-30,BUY,595,85.15,Equity
10235,11,2025-04-30,BUY,1228,107.27,ETF
10236,14,2025-04-30,BUY,3766,62.5,Commodity
10237,15,2025-04-30,SELL,1436,285.16,Currency
10238,4,2025-04-30,BUY,1226,114.83,Equity
10239,15,2025-04-30,BUY,436,285.11,Currency
10240,1,2025-04-30,BUY,1679,400.67,Equity
10241,12,2025-04-30,SELL,1345,224.23,Bond
10242,5,2025-04-30,BUY,344,650.87,Equity
10243,3,2025-04-30,BUY,2226,157.36,Equity
10244,5,2025-04-30,SELL,368,649.43,Equity
10245,5,2025-04-30,BUY,2063,651.12,Equity
10246,7,2025-04-30,BUY,1399,262.25,Equity
10247,14,2025-04-30,BUY,3807,62.65,Commodity
10248,12,2025-04-30,BUY,2207,225.28,Bond
10249,1,2025-04-30,BUY,144,402.27,Equity
10250,15,2025-04-30,BUY,3554,284.8,Currency
10251,10,2025-04-30,BUY,3755,85.23,Equity
10252,8,2025-05-01,BUY,2724,54.7,Equity
10253,9,2025-05-01,BUY,4022,276.07,Equity
10254,4,2025-05-01,SELL,2193,114.59,Equity
10255,12,2025-05-01,BUY,3160,226.21,Bond
10256,13,2025-05-01,BUY,4403,38.29,Commodity
10257,5,2025-05-01,BUY,1178,657.26,Equity
10258,7,2025-05-01,SELL,1866,256.44,Equity
10259,5,2025-05-01,BUY,4366,658.21,Equity
10260,3,2025-05-01,SELL,4996,154.69,Equity
10261,11,2025-05-01,SELL,2502,107.54,ETF
10262,4,2025-05-01,SELL,4585,115.07,Equity
10263,5,2025-05-01,BUY,1789,658.02,Equity
10264,3,2025-05-01,BUY,3581,155.0,Equity
10265,15,2025-05-01,BUY,3424,282.0,Currency
10266,6,2025-05-01,BUY,1839,207.8,Equity
10267,11,2025-05-01,BUY,4903,107.76,ETF
10268,4,2025-05-01,BUY,2154,114.98,Equity
10269,6,2025-05-01,BUY,133,208.07,Equity
10270,13,2025-05-01,BUY,2305,38.25,Commodity
10271,1,2025-05-01,SELL,1372,398.76,Equity
10272,8,2025-05-01,BUY,4256,54.84,Equity
10273,9,2025-05-01,BUY,3709,276.86,Equity
10274,12,2025-05-01,BUY,2046,225.64,Bond
10275,12,2025-05-01,SELL,3153,225.78,Bond
10276,13,2025-05-01,SELL,2388,38.38,Commodity
10277,1,2025-05-01,BUY,1136,397.79,Equity
10278,3,2025-05-01,SELL,3744,155.16,Equity
10279,9,2025-05-01,SELL,4802,276.19,Equity
10280,3,2025-05-01,SELL,24,155.43,Equity
10281,8,2025-05-01,BUY,1319,54.78,Equity
10282,11,2025-05-01,BUY,1914,107.66,ETF
10283,3,2025-05-01,BUY,454,154.65,Equity
10284,1,2025-05-01,BUY,4823,397.8,Equity
10285,2,2025-05-01,BUY,510,32.46,Equity
10286,1,2025-05-01,BUY,4590,399.89,Equity
10287,2,2025-05-01,BUY,1626,32.52,Equity
10288,9,2025-05-01,SELL,4201,275.77,Equity
10289,2,2025-05-01,SELL,870,32.44,Equity
10290,10,2025-05-01,BUY,3495,86.62,Equity
10291,13,2025-05-02,BUY,3237,39.65,Commodity
10292,5,2025-05-02,BUY,4881,685.88,Equity
10293,11,2025-05-02,SELL,3027,107.38,ETF
10294,9,2025-05-02,SELL,414,277.91,Equity
10295,10,2025-05-02,BUY,2609,88.73,Equity
10296,3,2025-05-02,BUY,430,152.58,Equity
10297,11,2025-05-02,BUY,1142,107.24,ETF
10298,4,2025-05-02,SELL,523,116.36,Equity
10299,15,2025-05-02,SELL,2708,283.79,Currency
10300,13,2025-05-02,SELL,1766,39.65,Commodity
10301,14,2025-05-02,BUY,2396,60.98,Commodity
10302,7,2025-05-02,SELL,485,253.69,Equity
10303,3,2025-05-02,SELL,4193,152.5,Equity
10304,3,2025-05-02,BUY,198,152.27,Equity
10305,12,2025-05-02,SELL,1843,226.42,Bond
10306,2,2025-05-02,BUY,563,31.18,Equity
10307,1,2025-05-02,SELL,221,395.94,Equity
10308,8,2025-05-02,BUY,2094,54.16,Equity
10309,1,2025-05-02,BUY,2246,394.45,Equity
10310,15,2025-05-02,BUY,2863,283.31,Currency
10311,12,2025-05-02,BUY,3049,225.72,Bond
10312,4,2025-05-05,BUY,2876,115.99,Equity
10313,2,2025-05-05,SELL,1000,30.78,Equity
10314,13,2025-05-05,BUY,1933,39.47,Commodity
10315,5,2025-05-05,BUY,4451,707.54,Equity
10316,2,2025-05-05,SELL,696,30.73,Equity
10317,8,2025-05-05,BUY,4656,53.78,Equity
10318,10,2025-05-05,BUY,2679,88.9,Equity
10319,10,2025-05-05,BUY,2841,89.13,Equity
10320,6,2025-05-05,SELL,1234,216.04,Equity
10321,8,2025-05-05,SELL,4516,53.64,Equity
10322,14,2025-05-05,BUY,4284,62.52,Commodity
10323,7,2025-05-05,BUY,4558,258.81,Equity
10324,2,2025-05-05,BUY,3236,30.63,Equity
10325,4,2025-05-05,SELL,980,116.04,Equity
10326,8,2025-05-05,BUY,4711,53.64,Equity
10327,4,2025-05-05,BUY,4865,115.89,Equity
10328,5,2025-05-05,SELL,241,706.25,Equity
10329,6,2025-05-05,SELL,3170,215.63,Equity
10330,3,2025-05-05,BUY,4546,149.23,Equity
10331,1,2025-05-05,BUY,3210,401.7,Equity
10332,14,2025-05-05,BUY,3526,62.44,Commodity
10333,7,2025-05-05,BUY,361,259.39,Equity
10334,13,2025-05-05,SELL,2444,39.46,Commodity
10335,7,2025-05-05,BUY,4010,260.03,Equity
10336,10,2025-05-05,SELL,1298,89.06,Equity
10337,5,2025-05-06,BUY,1907,700.62,Equity
10338,12,2025-05-06,SELL,1282,224.85,Bond
10339,13,2025-05-06,BUY,2523,39.56,Commodity
10340,7,2025-05-06,BUY,2927,260.76,Equity
10341,12,2025-05-06,SELL,4572,224.45,Bond
10342,4,2025-05-06,BUY,2691,117.85,Equity
10343,12,2025-05-06,SELL,1773,224.5,Bond
10344,12,2025-05-06,BUY,614,224.7,Bond
10345,14,2025-05-06,BUY,556,64.03,Commodity
10346,9,2025-05-06,SELL,3972,281.81,Equity
10347,2,2025-05-06,SELL,2201,31.08,Equity
10348,13,2025-05-06,BUY,4978,39.62,Commodity
10349,15,2025-05-06,SELL,1065,279.45,Currency
10350,10,2025-05-06,SELL,2026,89.49,Equity
10351,6,2025-05-06,SELL,1492,218.98,Equity
10352,6,2025-05-06,SELL,1536,218.85,Equity
10353,9,2025-05-06,SELL,3227,280.17,Equity
10354,2,2025-05-06,SELL,3295,31.2,Equity
10355,2,2025-05-06,BUY,3481,31.04,Equity
10356,2,2025-05-06,BUY,3979,31.09,Equity
10357,6,2025-05-06,BUY,2914,218.82,Equity
10358,14,2025-05-06,SELL,974,64.17,Commodity
10359,14,2025-05-06,SELL,350,64.27,Commodity
10360,6,2025-05-06,SELL,919,218.54,Equity
10361,14,2025-05-06,BUY,1604,63.92,Commodity
10362,11,2025-05-06,BUY,2850,105.1,ETF
10363,2,2025-05-06,BUY,2625,31.12,Equity
10364,8,2025-05-06,BUY,2040,53.5,Equity
10365,2,2025-05-06,BUY,918,31.05,Equity
10366,13,2025-05-06,SELL,1105,39.64,Commodity
10367,12,2025-05-06,SELL,641,224.48,Bond
10368,4,2025-05-06,SELL,3167,118.39,Equity
10369,15,2025-05-06,BUY,3566,279.67,Currency
10370,9,2025-05-06,SELL,4301,281.11,Equity
10371,13,2025-05-06,SELL,4794,39.49,Commodity
10372,7,2025-05-07,BUY,3240,257.57,Equity
10373,14,2025-05-07,SELL,2665,63.97,Commodity
10374,12,2025-05-07,BUY,2716,224.0,Bond
10375,15,2025-05-07,SELL,1487,280.66,Currency
10376,6,2025-05-07,BUY,4989,214.99,Equity
10377,7,2025-05-07,BUY,2768,256.99,Equity
10378,11,2025-05-07,SELL,2109,104.94,ETF
10379,4,2025-05-07,BUY,3133,116.36,Equity
10380,1,2025-05-07,BUY,2042,422.34,Equity
10381,5,2025-05-07,SELL,1406,716.98,Equity
10382,1,2025-05-07,BUY,1671,423.11,Equity
10383,14,2025-05-07,SELL,4211,63.92,Commodity
10384,12,2025-05-07,BUY,556,223.87,Bond
10385,10,2025-05-07,SELL,1632,88.81,Equity
10386,7,2025-05-07,SELL,3350,257.52,Equity
10387,15,2025-05-07,SELL,2257,279.97,Currency
10388,13,2025-05-07,BUY,930,39.34,Commodity
10389,13,2025-05-07,BUY,3966,39.31,Commodity
10390,7,2025-05-07,BUY,1190,257.65,Equity
10391,8,2025-05-07,SELL,1045,53.96,Equity
10392,7,2025-05-07,BUY,1620,256.92,Equity
10393,1,2025-05-07,BUY,4684,422.37,Equity
10394,10,2025-05-07,BUY,2749,88.61,Equity
10395,6,2025-05-07,SELL,1258,215.61,Equity
10396,13,2025-05-07,BUY,912,39.17,Commodity
10397,1,2025-05-07,SELL,4846,423.57,Equity
10398,1,2025-05-07,BUY,1537,424.06,Equity
10399,11,2025-05-07,SELL,1253,105.21,ETF
10400,4,2025-05-07,SELL,69,116.73,Equity
10401,6,2025-05-07,SELL,4023,215.26,Equity
10402,12,2025-05-08,BUY,4897,222.17,Bond
10403,2,2025-05-08,BUY,2054,32.24,Equity
10404,1,2025-05-08,SELL,2716,424.09,Equity
10405,1,2025-05-08,BUY,2300,422.42,Equity
10406,7,2025-05-08,SELL,4702,259.38,Equity
10407,9,2025-05-08,BUY,1770,290.33,Equity
10408,13,2025-05-08,SELL,3058,39.64,Commodity
10409,7,2025-05-08,BUY,171,260.35,Equity
10410,12,2025-05-08,BUY,2038,222.68,Bond
10411,8,2025-05-08,SELL,2724,55.39,Equity
10412,15,2025-05-08,SELL,3159,277.02,Currency
10413,4,2025-05-08,SELL,1501,116.45,Equity
10414,4,2025-05-08,BUY,2251,116.65,Equity
10415,5,2025-05-08,BUY,181,721.68,Equity
10416,8,2025-05-08,BUY,2532,55.31,Equity
10417,3,2025-05-08,BUY,2851,151.62,Equity
10418,14,2025-05-08,BUY,4953,65.18,Commodity
10419,5,2025-05-08,BUY,2391,721.14,Equity
10420,2,2025-05-08,SELL,971,32.23,Equity
10421,2,2025-05-08,BUY,1236,32.21,Equity
10422,3,2025-05-08,SELL,3380,152.13,Equity
10423,10,2025-05-08,SELL,1429,88.92,Equity
10424,13,2025-05-08,BUY,3308,39.61,Commodity
10425,7,2025-05-08,BUY,3020,259.36,Equity
10426,4,2025-05-08,SELL,3916,116.16,Equity
10427,11,2025-05-09,BUY,2920,103.49,ETF
10428,10,2025-05-09,BUY,4212,86.48,Equity
10429,9,2025-05-09,BUY,891,282.66,Equity
10430,14,2025-05-09,SELL,2547,64.56,Commodity
10431,5,2025-05-09,BUY,480,716.09,Equity
10432,5,2025-05-09,BUY,397,714.76,Equity
10433,8,2025-05-09,SELL,4125,57.11,Equity
10434,3,2025-05-09,SELL,4209,152.12,Equity
10435,12,2025-05-09,BUY,565,222.16,Bond
10436,3,2025-05-09,SELL,4641,151.99,Equity
10437,15,2025-05-09,BUY,3448,277.28,Currency
10438,13,2025-05-09,SELL,2486,38.94,Commodity
10439,6,2025-05-09,BUY,190,219.63,Equity
10440,1,2025-05-09,SELL,2773,428.04,Equity
10441,15,2025-05-09,BUY,1197,277.93,Currency
10442,6,2025-05-09,BUY,1801,219.84,Equity
10443,15,2025-05-09,SELL,4154,277.03,Currency
10444,15,2025-05-09,BUY,617,277.32,Currency
10445,7,2025-05-09,BUY,2537,256.85,Equity
10446,5,2025-05-09,SELL,2129,715.23,Equity
10447,14,2025-05-09,BUY,993,64.5,Commodity
10448,6,2025-05-09,SELL,4402,218.79,Equity
10449,2,2025-05-09,BUY,2420,32.43,Equity
10450,13,2025-05-09,SELL,4791,38.94,Commodity
10451,10,2025-05-09,SELL,1290,86.52,Equity
10452,9,2025-05-09,SELL,3902,284.22,Equity
10453,1,2025-05-09,SELL,1288,426.08,Equity
10454,14,2025-05-09,SELL,4880,64.76,Commodity
10455,11,2025-05-09,SELL,471,103.49,ETF
10456,1,2025-05-09,SELL,2205,427.82,Equity
10457,13,2025-05-09,BUY,3844,38.97,Commodity
10458,1,2025-05-09,SELL,2034,428.19,Equity
10459,14,2025-05-12,SELL,421,65.28,Commodity
10460,1,2025-05-12,BUY,3650,426.67,Equity
10461,1,2025-05-12,SELL,2012,424.9,Equity
10462,8,2025-05-12,BUY,2685,58.68,Equity
10463,13,2025-05-12,BUY,4758,39.87,Commodity
10464,14,2025-05-12,BUY,1733,65.48,Commodity
10465,9,2025-05-12,SELL,4216,287.78,Equity
10466,11,2025-05-12,SELL,4723,105.04,ETF
10467,5,2025-05-12,SELL,2004,723.5,Equity
10468,7,2025-05-12,SELL,1905,246.99,Equity
10469,11,2025-05-12,BUY,355,105.36,ETF
10470,9,2025-05-12,BUY,3916,286.73,Equity
10471,3,2025-05-12,BUY,4262,149.06,Equity
10472,13,2025-05-12,SELL,1025,39.94,Commodity
10473,15,2025-05-12,BUY,4020,276.86,Currency
10474,5,2025-05-12,SELL,273,721.71,Equity
10475,15,2025-05-12,BUY,3734,276.96,Currency
10476,8,2025-05-12,SELL,2387,58.46,Equity
10477,13,2025-05-12,BUY,3979,40.02,Commodity
10478,15,2025-05-12,SELL,3250,276.55,Currency
10479,7,2025-05-12,BUY,2424,247.28,Equity
10480,8,2025-05-12,BUY,482,58.36,Equity
10481,11,2025-05-12,BUY,4597,105.49,ETF
10482,9,2025-05-12,SELL,4731,287.09,Equity
10483,9,2025-05-12,SELL,596,287.33,Equity
10484,14,2025-05-12,BUY,2057,65.34,Commodity
10485,2,2025-05-12,BUY,4006,32.18,Equity
10486,6,2025-05-12,SELL,3198,219.17,Equity
10487,7,2025-05-12,BUY,2127,247.54,Equity
10488,8,2025-05-12,SELL,4644,58.4,Equity
10489,9,2025-05-12,BUY,3216,287.36,Equity
10490,9,2025-05-12,BUY,1861,287.48,Equity
10491,12,2025-05-12,SELL,1064,224.37,Bond
10492,6,2025-05-12,SELL,482,219.5,Equity
10493,1,2025-05-12,SELL,2389,425.14,Equity
10494,1,2025-05-12,SELL,1108,426.55,Equity
10495,5,2025-05-12,BUY,709,722.74,Equity
10496,7,2025-05-12,SELL,2869,246.3,Equity
10497,15,2025-05-12,SELL,210,276.04,Currency
10498,11,2025-05-12,SELL,378,105.08,ETF
10499,14,2025-05-13,BUY,3558,64.58,Commodity
10500,15,2025-05-13,BUY,1748,280.43,Currency
10501,3,2025-05-13,BUY,158,148.8,Equity
10502,11,2025-05-13,SELL,4173,105.28,ETF
10503,8,2025-05-13,BUY,4643,58.05,Equity
10504,6,2025-05-13,SELL,833,226.94,Equity
10505,3,2025-05-13,BUY,4830,149.26,Equity
10506,4,2025-05-13,SELL,1170,119.17,Equity
10507,12,2025-05-13,BUY,4398,224.12,Bond
10508,11,2025-05-13,SELL,1167,105.34,ETF
10509,1,2025-05-13,SELL,3532,417.76,Equity
10510,5,2025-05-13,BUY,421,727.14,Equity
10511,2,2025-05-13,SELL,3238,32.71,Equity
10512,3,2025-05-13,BUY,3873,148.92,Equity
10513,11,2025-05-13,SELL,4692,105.33,ETF
10514,5,2025-05-13,BUY,996,728.91,Equity
10515,10,2025-05-13,BUY,3164,83.32,Equity
10516,15,2025-05-13,BUY,3133,280.88,Currency
10517,1,2025-05-13,SELL,3022,418.56,Equity
10518,12,2025-05-13,BUY,265,225.09,Bond
10519,14,2025-05-13,BUY,4782,64.52,Commodity
10520,12,2025-05-13,SELL,213,224.32,Bond
10521,10,2025-05-13,BUY,2849,83.48,Equity
10522,4,2025-05-13,SELL,972,119.35,Equity
10523,1,2025-05-13,SELL,4917,419.77,Equity
10524,9,2025-05-13,SELL,3232,288.32,Equity
10525,10,2025-05-13,BUY,3441,83.47,Equity
10526,13,2025-05-13,BUY,4923,40.29,Commodity
10527,1,2025-05-13,SELL,3092,419.29,Equity
10528,4,2025-05-13,SELL,4040,119.33,Equity
10529,5,2025-05-13,BUY,2851,729.52,Equity
10530,13,2025-05-13,SELL,1616,40.35,Commodity
10531,4,2025-05-13,SELL,2446,119.68,Equity
10532,2,2025-05-13,BUY,729,32.64,Equity
10533,1,2025-05-13,BUY,4758,417.7,Equity
10534,4,2025-05-13,SELL,1202,119.56,Equity
10535,15,2025-05-13,SELL,2128,280.96,Currency
10536,6,2025-05-14,SELL,4938,229.0,Equity
10537,1,2025-05-14,SELL,3162,410.94,Equity
10538,3,2025-05-14,SELL,654,148.94,Equity
10539,12,2025-05-14,SELL,4506,223.2,Bond
10540,6,2025-05-14,BUY,450,229.16,Equity
10541,7,2025-05-14,SELL,44,249.43,Equity
10542,15,2025-05-14,BUY,4275,281.05,Currency
10543,12,2025-05-14,BUY,3522,223.93,Bond
10544,8,2025-05-14,BUY,1634,57.16,Equity
10545,9,2025-05-14,SELL,4175,290.45,Equity
10546,11,2025-05-14,BUY,3633,108.03,ETF
10547,6,2025-05-14,BUY,4585,229.39,Equity
10548,2,2025-05-14,SELL,794,32.31,Equity
10549,10,2025-05-14,BUY,4153,84.07,Equity
10550,12,2025-05-14,BUY,202,223.42,Bond
10551,14,2025-05-14,SELL,3714,65.38,Commodity
10552,5,2025-05-14,BUY,558,727.49,Equity
10553,6,2025-05-14,SELL,527,228.93,Equity
10554,9,2025-05-14,BUY,1471,290.13,Equity
10555,10,2025-05-14,SELL,951,83.84,Equity
10556,8,2025-05-14,SELL,2184,57.22,Equity
10557,9,2025-05-14,BUY,957,289.38,Equity
10558,1,2025-05-15,BUY,3364,404.8,Equity
10559,11,2025-05-15,BUY,4479,108.53,ETF
10560,15,2025-05-15,BUY,973,277.94,Currency
10561,2,2025-05-15,SELL,3970,32.48,Equity
10562,4,2025-05-15,SELL,274,120.82,Equity
10563,2,2025-05-15,SELL,2332,32.47,Equity
10564,11,2025-05-15,BUY,1622,108.76,ETF
10565,10,2025-05-15,SELL,4790,82.72,Equity
10566,15,2025-05-15,SELL,331,278.23,Currency
10567,4,2025-05-15,BUY,3519,121.38,Equity
10568,12,2025-05-15,SELL,3670,224.27,Bond
10569,9,2025-05-15,SELL,4802,294.49,Equity
10570,9,2025-05-15,BUY,497,293.77,Equity
10571,8,2025-05-15,SELL,1456,56.91,Equity
10572,10,2025-05-15,SELL,1203,83.13,Equity
10573,15,2025-05-15,SELL,2527,278.3,Currency
10574,8,2025-05-15,SELL,3298,56.98,Equity
10575,7,2025-05-15,BUY,3255,256.27,Equity
10576,12,2025-05-15,BUY,3308,223.76,Bond
10577,9,2025-05-15,BUY,2524,293.79,Equity
10578,10,2025-05-15,SELL,4563,82.96,Equity
10579,12,2025-05-15,BUY,352,223.27,Bond
10580,6,2025-05-15,BUY,233,231.67,Equity
10581,8,2025-05-15,SELL,3232,56.78,Equity
10582,3,2025-05-15,SELL,2694,149.36,Equity
10583,9,2025-05-15,SELL,3606,294.95,Equity
10584,2,2025-05-15,BUY,3448,32.56,Equity
10585,14,2025-05-15,SELL,1594,63.85,Commodity
10586,8,2025-05-15,BUY,3542,56.92,Equity
10587,14,2025-05-15,BUY,2050,63.81,Commodity
10588,1,2025-05-15,BUY,258,405.25,Equity
10589,15,2025-05-15,SELL,4739,278.46,Currency
10590,11,2025-05-15,BUY,2053,108.17,ETF
10591,3,2025-05-15,BUY,4098,149.5,Equity
10592,14,2025-05-15,BUY,3087,63.63,Commodity
10593,5,2025-05-15,BUY,688,720.08,Equity
10594,6,2025-05-15,BUY,1111,231.42,Equity
10595,14,2025-05-16,SELL,3601,64.65,Commodity
10596,8,2025-05-16,BUY,3561,57.83,Equity
10597,10,2025-05-16,SELL,4364,83.45,Equity
10598,13,2025-05-16,BUY,3180,41.5,Commodity
10599,3,2025-05-16,SELL,1567,149.7,Equity
10600,9,2025-05-16,SELL,4471,297.39,Equity
10601,5,2025-05-16,BUY,2452,725.27,Equity
10602,3,2025-05-16,BUY,4308,149.72,Equity
10603,1,2025-05-16,SELL,3679,404.85,Equity
10604,15,2025-05-16,BUY,1739,278.14,Currency
10605,4,2025-05-16,BUY,3367,119.39,Equity
10606,13,2025-05-16,BUY,2786,41.67,Commodity
10607,3,2025-05-16,SELL,4378,149.66,Equity
10608,12,2025-05-16,SELL,2611,224.05,Bond
10609,3,2025-05-16,SELL,3212,149.35,Equity
10610,8,2025-05-16,BUY,4313,57.98,Equity
10611,7,2025-05-16,BUY,2876,255.7,Equity
10612,8,2025-05-16,BUY,4755,57.97,Equity
10613,11,2025-05-16,BUY,364,109.13,ETF
10614,5,2025-05-16,BUY,1970,725.02,Equity
10615,14,2025-05-16,BUY,4488,64.42,Commodity
10616,2,2025-05-16,BUY,3602,33.58,Equity
10617,15,2025-05-16,SELL,1909,277.68,Currency
10618,7,2025-05-16,SELL,4503,255.81,Equity
10619,1,2025-05-16,SELL,4289,404.57,Equity
10620,13,2025-05-19,SELL,289,42.38,Commodity
10621,11,2025-05-19,BUY,526,109.41,ETF
10622,14,2025-05-19,BUY,1130,65.71,Commodity
10623,15,2025-05-19,SELL,4033,281.8,Currency
10624,4,2025-05-19,SELL,2561,117.08,Equity
10625,15,2025-05-19,SELL,4158,281.47,Currency
10626,12,2025-05-19,BUY,3358,222.42,Bond
10627,9,2025-05-19,BUY,1062,295.93,Equity
10628,1,2025-05-19,BUY,1786,404.19,Equity
10629,15,2025-05-19,SELL,4613,281.82,Currency
10630,4,2025-05-19,SELL,2199,116.85,Equity
10631,14,2025-05-19,BUY,2503,65.88,Commodity
10632,6,2025-05-19,SELL,196,228.36,Equity
10633,6,2025-05-19,BUY,1013,227.67,Equity
10634,5,2025-05-19,SELL,49,732.65,Equity
10635,9,2025-05-19,BUY,3322,295.84,Equity
10636,1,2025-05-19,SELL,2389,405.06,Equity
10637,8,2025-05-19,SELL,903,57.4,Equity
10638,5,2025-05-19,SELL,1645,732.44,Equity
10639,6,2025-05-19,BUY,658,227.9,Equity
10640,13,2025-05-19,SELL,4109,42.19,Commodity
10641,10,2025-05-19,SELL,3047,82.11,Equity
10642,13,2025-05-20,SELL,2978,41.12,Commodity
10643,6,2025-05-20,SELL,4209,229.1,Equity
10644,3,2025-05-20,SELL,3000,152.15,Equity
10645,14,2025-05-20,SELL,1214,65.98,Commodity
10646,2,2025-05-20,BUY,4265,34.53,Equity
10647,14,2025-05-20,BUY,2667,65.99,Commodity
10648,13,2025-05-20,BUY,1423,41.23,Commodity
10649,11,2025-05-20,BUY,2380,110.82,ETF
10650,3,2025-05-20,SELL,1317,152.49,Equity
10651,5,2025-05-20,BUY,2901,715.93,Equity
10652,6,2025-05-20,SELL,3731,228.53,Equity
10653,4,2025-05-20,SELL,4264,114.64,Equity
10654,13,2025-05-20,SELL,74,41.09,Commodity
10655,4,2025-05-20,BUY,4996,114.63,Equity
10656,8,2025-05-20,BUY,4884,57.7,Equity
10657,11,2025-05-20,SELL,4422,111.13,ETF
10658,9,2025-05-20,SELL,3112,287.45,Equity
10659,9,2025-05-20,BUY,4204,287.88,Equity
10660,1,2025-05-20,SELL,349,399.87,Equity
10661,1,2025-05-20,SELL,1803,400.78,Equity
10662,2,2025-05-20,BUY,1251,34.6,Equity
10663,12,2025-05-20,BUY,877,222.69,Bond
10664,4,2025-05-20,BUY,913,114.67,Equity
10665,4,2025-05-20,BUY,3196,114.78,Equity
10666,4,2025-05-20,SELL,4227,114.33,Equity
10667,7,2025-05-20,SELL,3423,255.94,Equity
10668,8,2025-05-20,BUY,2269,57.64,Equity
10669,2,2025-05-20,SELL,1973,34.61,Equity
10670,13,2025-05-20,BUY,1508,41.12,Commodity
10671,15,2025-05-20,BUY,4923,279.37,Currency
10672,12,2025-05-21,SELL,275,221.13,Bond
10673,7,2025-05-21,BUY,2203,257.91,Equity
10674,7,2025-05-21,SELL,2095,257.13,Equity
10675,13,2025-05-21,SELL,2142,42.8,Commodity
10676,11,2025-05-21,BUY,633,110.95,ETF
10677,8,2025-05-21,BUY,376,57.91,Equity
10678,4,2025-05-21,BUY,1888,117.24,Equity
10679,13,2025-05-21,BUY,2782,42.75,Commodity
10680,9,2025-05-21,SELL,850,286.37,Equity
10681,1,2025-05-21,SELL,2279,410.57,Equity
10682,5,2025-05-21,SELL,1884,700.17,Equity
10683,9,2025-05-21,BUY,1164,287.2,Equity
10684,1,2025-05-21,BUY,2531,410.07,Equity
10685,12,2025-05-21,SELL,4690,219.99,Bond
10686,11,2025-05-21,SELL,4054,111.57,ETF
10687,4,2025-05-21,SELL,4159,117.16,Equity
10688,5,2025-05-21,BUY,3542,698.96,Equity
10689,9,2025-05-21,BUY,3643,287.9,Equity
10690,1,2025-05-21,BUY,3396,409.9,Equity
10691,10,2025-05-21,BUY,850,80.9,Equity
10692,10,2025-05-21,BUY,131,81.2,Equity
10693,15,2025-05-21,BUY,3422,281.18,Currency
10694,8,2025-05-21,SELL,4135,57.9,Equity
10695,11,2025-05-21,BUY,3660,111.35,ETF
10696,13,2025-05-21,BUY,1661,42.9,Commodity
10697,4,2025-05-21,BUY,1982,117.74,Equity
10698,8,2025-05-22,SELL,4195,59.26,Equity
10699,4,2025-05-22,BUY,828,115.9,Equity
10700,2,2025-05-22,SELL,198,33.87,Equity
10701,12,2025-05-22,SELL,2331,220.35,Bond
10702,15,2025-05-22,SELL,583,282.0,Currency
10703,4,2025-05-22,SELL,944,115.36,Equity
10704,14,2025-05-22,BUY,3580,64.45,Commodity
10705,7,2025-05-22,BUY,4461,259.66,Equity
10706,15,2025-05-22,SELL,1753,281.79,Currency
10707,2,2025-05-22,BUY,3404,33.85,Equity
10708,8,2025-05-22,SELL,4833,59.36,Equity
10709,1,2025-05-22,BUY,2666,413.5,Equity
10710,10,2025-05-22,BUY,1069,79.26,Equity
10711,2,2025-05-22,SELL,3953,33.8,Equity
10712,13,2025-05-22,BUY,3269,42.17,Commodity
10713,6,2025-05-22,SELL,4387,233.47,Equity
10714,2,2025-05-22,BUY,2830,33.9,Equity
10715,9,2025-05-22,SELL,523,291.17,Equity
10716,11,2025-05-22,SELL,1924,110.61,ETF
10717,9,2025-05-22,SELL,3053,290.68,Equity
10718,6,2025-05-22,SELL,3763,232.93,Equity
10719,8,2025-05-22,SELL,32,59.34,Equity
10720,12,2025-05-22,SELL,1015,220.77,Bond
10721,7,2025-05-22,SELL,4893,259.87,Equity
10722,2,2025-05-22,SELL,1708,33.81,Equity
10723,11,2025-05-22,SELL,1194,111.07,ETF
10724,3,2025-05-22,SELL,4939,152.93,Equity
10725,11,2025-05-23,SELL,4680,112.81,ETF
10726,8,2025-05-23,SELL,4239,58.66,Equity
10727,13,2025-05-23,BUY,426,41.1,Commodity
10728,9,2025-05-23,BUY,4132,298.38,Equity
10729,2,2025-05-23,SELL,106,34.41,Equity
10730,13,2025-05-23,BUY,4073,41.0,Commodity
10731,12,2025-05-23,SELL,2228,218.98,Bond
10732,5,2025-05-23,SELL,359,704.3,Equity
10733,4,2025-05-23,SELL,787,119.48,Equity
10734,2,2025-05-23,BUY,605,34.43,Equity
10735,8,2025-05-23,SELL,454,58.54,Equity
10736,4,2025-05-23,BUY,3878,119.85,Equity
10737,10,2025-05-23,BUY,4138,79.98,Equity
10738,5,2025-05-23,SELL,3098,703.46,Equity
10739,14,2025-05-23,SELL,1902,66.14,Commodity
10740,1,2025-05-23,BUY,1622,411.15,Equity
10741,3,2025-05-23,BUY,1621,151.2,Equity
10742,11,2025-05-23,BUY,2856,112.36,ETF
10743,4,2025-05-23,SELL,3704,119.54,Equity
10744,14,2025-05-23,BUY,4597,65.88,Commodity
10745,15,2025-05-23,SELL,3993,279.59,Currency
10746,8,2025-05-23,BUY,1081,58.79,Equity
10747,10,2025-05-23,SELL,2577,80.36,Equity
10748,14,2025-05-23,SELL,1911,66.1,Commodity
10749,15,2025-05-23,BUY,2648,280.42,Currency
10750,5,2025-05-23,SELL,404,706.25,Equity
10751,7,2025-05-23,BUY,3677,258.16,Equity
10752,7,2025-05-23,SELL,2191,257.82,Equity
10753,3,2025-05-23,SELL,1724,150.95,Equity
10754,12,2025-05-23,SELL,4613,218.39,Bond
10755,9,2025-05-23,SELL,2435,298.0,Equity
10756,6,2025-05-23,BUY,2701,239.34,Equity
10757,10,2025-05-23,BUY,213,80.04,Equity
10758,4,2025-05-26,BUY,3469,122.41,Equity
10759,8,2025-05-26,BUY,3328,57.34,Equity
10760,15,2025-05-26,BUY,492,280.01,Currency
10761,14,2025-05-26,BUY,751,64.89,Commodity
10762,10,2025-05-26,SELL,1464,79.5,Equity
10763,4,2025-05-26,BUY,1481,122.33,Equity
10764,10,2025-05-26,SELL,4604,79.37,Equity
10765,5,2025-05-26,SELL,962,699.52,Equity
10766,14,2025-05-26,BUY,465,64.98,Commodity
10767,7,2025-05-26,SELL,760,258.04,Equity
10768,2,2025-05-26,BUY,4230,33.78,Equity
10769,13,2025-05-26,BUY,1360,41.72,Commodity
10770,10,2025-05-26,BUY,3114,79.63,Equity
10771,9,2025-05-26,BUY,2258,301.2,Equity
10772,10,2025-05-26,SELL,398,79.42,Equity
10773,1,2025-05-26,SELL,4489,419.72,Equity
10774,15,2025-05-26,SELL,1201,280.53,Currency
10775,11,2025-05-26,SELL,4936,111.07,ETF
10776,4,2025-05-26,SELL,756,122.2,Equity
10777,7,2025-05-26,SELL,319,258.51,Equity
10778,14,2025-05-26,SELL,643,64.8,Commodity
10779,13,2025-05-26,BUY,4886,41.77,Commodity
10780,11,2025-05-26,SELL,4382,111.02,ETF
10781,13,2025-05-26,SELL,3223,41.72,Commodity
10782,15,2025-05-26,SELL,2092,280.49,Currency
10783,9,2025-05-26,BUY,3510,300.09,Equity
10784,9,2025-05-26,SELL,441,299.95,Equity
10785,2,2025-05-26,BUY,3396,33.81,Equity
10786,3,2025-05-26,BUY,78,150.14,Equity
10787,4,2025-05-26,SELL,3660,122.23,Equity
10788,2,2025-05-26,BUY,3326,33.81,Equity
10789,8,2025-05-26,BUY,2729,57.52,Equity
10790,14,2025-05-26,SELL,3138,64.81,Commodity
10791,3,2025-05-26,BUY,1416,150.2,Equity
10792,15,2025-05-26,SELL,1714,281.18,Currency
10793,14,2025-05-26,SELL,846,64.7,Commodity
10794,2,2025-05-27,SELL,1473,33.19,Equity
10795,14,2025-05-27,SELL,1914,67.2,Commodity
10796,15,2025-05-27,BUY,2680,284.17,Currency
10797,13,2025-05-27,BUY,2912,40.77,Commodity
10798,1,2025-05-27,SELL,1845,419.08,Equity
10799,1,2025-05-27,SELL,2635,419.58,Equity
10800,1,2025-05-27,BUY,1408,419.84,Equity
10801,1,2025-05-27,SELL,3685,419.96,Equity
10802,12,2025-05-27,SELL,3583,218.99,Bond
10803,8,2025-05-27,BUY,1811,57.16,Equity
10804,6,2025-05-27,BUY,4167,244.23,Equity
10805,7,2025-05-27,BUY,3887,256.37,Equity
10806,5,2025-05-27,SELL,710,699.6,Equity
10807,2,2025-05-27,BUY,4017,33.14,Equity
10808,5,2025-05-27,BUY,4965,702.47,Equity
10809,12,2025-05-27,SELL,4419,219.31,Bond
10810,14,2025-05-27,BUY,1926,67.12,Commodity
10811,7,2025-05-27,SELL,2840,257.63,Equity
10812,10,2025-05-27,SELL,3262,80.04,Equity
10813,6,2025-05-27,SELL,1083,243.84,Equity
10814,1,2025-05-27,BUY,1067,421.34,Equity
10815,10,2025-05-28,SELL,823,79.07,Equity
10816,8,2025-05-28,BUY,287,57.72,Equity
10817,3,2025-05-28,BUY,4524,154.84,Equity
10818,12,2025-05-28,SELL,566,219.29,Bond
10819,11,2025-05-28,SELL,4483,112.68,ETF
10820,10,2025-05-28,BUY,1825,79.09,Equity
10821,2,2025-05-28,BUY,4625,32.89,Equity
10822,7,2025-05-28,BUY,2979,256.39,Equity
10823,6,2025-05-28,BUY,2665,243.26,Equity
10824,13,2025-05-28,SELL,181,42.18,Commodity
10825,7,2025-05-28,BUY,2808,256.53,Equity
10826,15,2025-05-28,BUY,1132,282.66,Currency
10827,1,2025-05-28,BUY,4194,415.65,Equity
10828,6,2025-05-28,BUY,4724,242.42,Equity
10829,8,2025-05-28,BUY,4097,58.01,Equity
10830,1,2025-05-28,SELL,2037,416.54,Equity
10831,7,2025-05-28,BUY,1259,256.85,Equity
10832,15,2025-05-28,BUY,1334,281.73,Currency
10833,6,2025-05-28,BUY,4179,242.89,Equity
10834,14,2025-05-28,BUY,775,67.1,Commodity
10835,6,2025-05-28,SELL,4261,243.33,Equity
10836,3,2025-05-28,BUY,4693,154.76,Equity
10837,9,2025-05-28,SELL,2430,298.77,Equity
10838,7,2025-05-28,BUY,372,256.33,Equity
10839,14,2025-05-28,BUY,2530,67.18,Commodity
10840,12,2025-05-28,SELL,4803,219.31,Bond
10841,8,2025-05-28,BUY,725,57.96,Equity
10842,15,2025-05-28,BUY,730,281.36,Currency
10843,9,2025-05-28,BUY,4187,300.06,Equity
10844,13,2025-05-28,BUY,4852,42.05,Commodity
10845,14,2025-05-28,BUY,3760,67.16,Commodity
10846,9,2025-05-28,SELL,3765,299.77,Equity
10847,10,2025-05-28,BUY,1916,79.19,Equity
10848,2,2025-05-28,SELL,2748,32.96,Equity
10849,14,2025-05-29,SELL,3009,68.01,Commodity
10850,14,2025-05-29,SELL,1950,68.14,Commodity
10851,8,2025-05-29,SELL,607,59.25,Equity
10852,3,2025-05-29,SELL,3842,156.3,Equity
10853,9,2025-05-29,SELL,3432,295.3,Equity
10854,11,2025-05-29,SELL,1935,110.0,ETF
10855,7,2025-05-29,BUY,3024,264.18,Equity
10856,13,2025-05-29,BUY,2873,42.78,Commodity
10857,3,2025-05-29,BUY,789,156.24,Equity
10858,6,2025-05-29,BUY,3039,245.82,Equity
10859,14,2025-05-29,BUY,3257,68.13,Commodity
10860,14,2025-05-29,BUY,2707,68.15,Commodity
10861,8,2025-05-29,BUY,1224,59.33,Equity
10862,11,2025-05-29,SELL,3042,110.33,ETF
10863,13,2025-05-29,BUY,3084,43.0,Commodity
10864,15,2025-05-29,SELL,3575,282.83,Currency
10865,15,2025-05-29,BUY,2348,283.55,Currency
10866,4,2025-05-29,BUY,1088,121.18,Equity
10867,9,2025-05-29,BUY,3658,295.66,Equity
10868,14,2025-05-29,BUY,1619,67.84,Commodity
10869,11,2025-05-29,SELL,1730,110.02,ETF
10870,13,2025-05-29,BUY,2476,42.85,Commodity
10871,5,2025-05-29,BUY,213,716.76,Equity
10872,4,2025-05-30,SELL,2376,115.31,Equity
10873,14,2025-05-30,BUY,1396,67.22,Commodity
10874,12,2025-05-30,BUY,4108,217.75,Bond
10875,3,2025-05-30,SELL,1453,155.77,Equity
10876,4,2025-05-30,BUY,2159,115.45,Equity
10877,3,2025-05-30,BUY,2185,156.32,Equity
10878,9,2025-05-30,SELL,2359,290.32,Equity
10879,14,2025-05-30,SELL,3151,67.39,Commodity
10880,3,2025-05-30,BUY,2766,156.15,Equity
10881,10,2025-05-30,SELL,4576,76.17,Equity
10882,3,2025-05-30,SELL,2871,156.05,Equity
10883,6,2025-05-30,SELL,4887,251.51,Equity
10884,7,2025-05-30,SELL,881,268.64,Equity
10885,15,2025-05-30,BUY,35,284.56,Currency
10886,13,2025-05-30,SELL,774,43.83,Commodity
10887,3,2025-05-30,BUY,2760,156.23,Equity
10888,11,2025-05-30,BUY,3239,111.52,ETF
10889,13,2025-05-30,BUY,4146,43.87,Commodity
10890,14,2025-05-30,SELL,2275,67.36,Commodity
10891,15,2025-05-30,SELL,2364,284.69,Currency
10892,14,2025-05-30,SELL,3150,67.29,Commodity
10893,6,2025-05-30,SELL,3406,250.69,Equity
10894,11,2025-05-30,BUY,4057,111.43,ETF
10895,3,2025-05-30,SELL,2570,155.59,Equity
10896,15,2025-05-30,BUY,498,284.69,Currency
10897,2,2025-05-30,BUY,3781,33.92,Equity
10898,5,2025-05-30,SELL,3948,729.06,Equity
10899,13,2025-05-30,SELL,2455,43.84,Commodity
10900,9,2025-05-30,SELL,2453,290.19,Equity
10901,6,2025-05-30,SELL,4771,251.64,Equity
10902,4,2025-05-30,SELL,339,115.38,Equity
10903,5,2025-06-02,SELL,684,727.26,Equity
10904,8,2025-06-02,SELL,2233,59.51,Equity
10905,6,2025-06-02,BUY,1428,244.45,Equity
10906,12,2025-06-02,SELL,560,219.01,Bond
10907,12,2025-06-02,SELL,4615,218.82,Bond
10908,7,2025-06-02,BUY,622,272.58,Equity
10909,6,2025-06-02,SELL,54,245.46,Equity
10910,12,2025-06-02,BUY,2550,218.82,Bond
10911,14,2025-06-02,SELL,3467,67.86,Commodity
10912,2,2025-06-02,SELL,3820,33.59,Equity
10913,13,2025-06-02,BUY,500,45.47,Commodity
10914,9,2025-06-02,SELL,4735,290.09,Equity
10915,11,2025-06-02,BUY,1280,113.08,ETF
10916,8,2025-06-02,BUY,1328,59.39,Equity
10917,1,2025-06-02,BUY,2551,411.45,Equity
10918,14,2025-06-02,SELL,2213,67.98,Commodity
10919,8,2025-06-02,SELL,3755,59.42,Equity
10920,3,2025-06-02,BUY,3046,157.44,Equity
10921,6,2025-06-02,SELL,1531,245.47,Equity
10922,5,2025-06-02,BUY,4019,726.43,Equity
10923,10,2025-06-02,SELL,1121,76.99,Equity
10924,4,2025-06-02,BUY,788,115.98,Equity
10925,5,2025-06-02,BUY,3403,729.56,Equity
10926,12,2025-06-02,SELL,3042,218.85,Bond
10927,11,2025-06-02,SELL,1509,113.48,ETF
10928,9,2025-06-02,SELL,3208,291.11,Equity
10929,15,2025-06-02,SELL,4177,286.93,Currency
10930,6,2025-06-02,SELL,3374,245.66,Equity
10931,6,2025-06-02,BUY,2648,244.94,Equity
10932,10,2025-06-02,SELL,2962,77.31,Equity
10933,12,2025-06-02,BUY,4670,218.92,Bond
10934,9,2025-06-03,BUY,2090,287.59,Equity
10935,5,2025-06-03,SELL,3398,706.08,Equity
10936,15,2025-06-03,BUY,4765,286.15,Currency
10937,12,2025-06-03,BUY,2966,217.69,Bond
10938,6,2025-06-03,BUY,423,250.54,Equity
10939,14,2025-06-03,BUY,22,67.05,Commodity
10940,5,2025-06-03,BUY,3274,703.1,Equity
10941,13,2025-06-03,SELL,2267,45.16,Commodity
10942,2,2025-06-03,BUY,3971,33.38,Equity
10943,13,2025-06-03,SELL,3165,45.17,Commodity
10944,8,2025-06-03,SELL,2052,58.93,Equity
10945,12,2025-06-03,SELL,4594,218.24,Bond
10946,12,2025-06-03,SELL,4447,217.48,Bond
10947,8,2025-06-03,BUY,555,58.76,Equity
10948,12,2025-06-03,SELL,1149,218.05,Bond
10949,4,2025-06-03,SELL,2606,117.69,Equity
10950,5,2025-06-03,SELL,217,704.58,Equity
10951,12,2025-06-03,BUY,440,218.08,Bond
10952,11,2025-06-03,SELL,1068,111.82,ETF
10953,15,2025-06-03,BUY,1261,284.57,Currency
10954,11,2025-06-03,BUY,429,111.97,ETF
10955,3,2025-06-03,SELL,4187,159.05,Equity
10956,15,2025-06-04,SELL,370,285.83,Currency
10957,11,2025-06-04,SELL,12,111.98,ETF
10958,3,2025-06-04,SELL,373,159.63,Equity
10959,11,2025-06-04,BUY,1027,111.95,ETF
10960,9,2025-06-04,SELL,2762,289.36,Equity
10961,2,2025-06-04,SELL,1154,33.55,Equity
10962,12,2025-06-04,BUY,4020,218.44,Bond
10963,12,2025-06-04,SELL,987,218.55,Bond
10964,10,2025-06-04,BUY,3614,77.26,Equity
10965,15,2025-06-04,SELL,47,285.76,Currency
10966,3,2025-06-04,SELL,908,159.54,Equity
10967,12,2025-06-04,BUY,123,219.42,Bond
10968,1,2025-06-04,BUY,4233,415.46,Equity
10969,5,2025-06-04,SELL,1210,701.22,Equity
10970,5,2025-06-04,BUY,80,702.92,Equity
10971,4,2025-06-04,SELL,928,120.56,Equity
10972,12,2025-06-04,BUY,2281,219.36,Bond
10973,8,2025-06-04,SELL,2334,59.35,Equity
10974,8,2025-06-04,SELL,1279,59.29,Equity
10975,13,2025-06-04,BUY,692,45.96,Commodity
10976,13,2025-06-04,BUY,3373,46.04,Commodity
10977,5,2025-06-04,SELL,3139,701.43,Equity
10978,11,2025-06-04,BUY,1519,112.18,ETF
10979,4,2025-06-04,BUY,4211,120.39,Equity
10980,10,2025-06-04,SELL,4134,77.37,Equity
10981,14,2025-06-04,SELL,3140,67.74,Commodity
10982,14,2025-06-04,BUY,2408,67.67,Commodity
10983,11,2025-06-04,SELL,4157,112.45,ETF
10984,2,2025-06-04,SELL,3534,33.63,Equity
10985,15,2025-06-04,SELL,1836,285.92,Currency
10986,13,2025-06-04,SELL,2437,46.04,Commodity
10987,13,2025-06-04,SELL,2713,45.9,Commodity
10988,1,2025-06-04,SELL,2186,415.75,Equity
10989,7,2025-06-04,BUY,1642,267.76,Equity
10990,5,2025-06-04,BUY,946,702.59,Equity
10991,13,2025-06-04,SELL,3838,45.9,Commodity
10992,13,2025-06-05,BUY,1568,43.78,Commodity
10993,1,2025-06-05,SELL,2730,413.69,Equity
10994,1,2025-06-05,BUY,3979,415.3,Equity
10995,15,2025-06-05,BUY,1429,283.68,Currency
10996,3,2025-06-05,BUY,2729,160.97,Equity
10997,11,2025-06-05,BUY,250,112.03,ETF
10998,8,2025-06-05,BUY,2146,59.47,Equity
10999,7,2025-06-05,SELL,801,277.78,Equity
11000,4,2025-06-05,SELL,3836,115.82,Equity
11001,4,2025-06-05,SELL,4282,115.78,Equity
11002,15,2025-06-05,SELL,1209,284.3,Currency
11003,6,2025-06-05,BUY,1710,248.9,Equity
11004,2,2025-06-05,BUY,220,33.79,Equity
11005,12,2025-06-05,BUY,3963,219.96,Bond
11006,7,2025-06-05,SELL,3029,277.93,Equity
11007,13,2025-06-05,SELL,2649,43.9,Commodity
11008,2,2025-06-05,BUY,3911,33.96,Equity
11009,14,2025-06-05,BUY,102,69.99,Commodity
11010,2,2025-06-05,BUY,2632,33.97,Equity
11011,4,2025-06-05,BUY,2024,115.57,Equity
11012,5,2025-06-05,BUY,3094,684.3,Equity
11013,13,2025-06-05,BUY,1361,43.94,Commodity
11014,5,2025-06-05,BUY,458,685.52,Equity
11015,9,2025-06-05,BUY,2269,292.0,Equity
11016,1,2025-06-05,SELL,3771,414.61,Equity
11017,6,2025-06-05,BUY,1081,248.05,Equity
11018,1,2025-06-05,SELL,4792,413.49,Equity
11019,7,2025-06-06,BUY,4197,282.49,Equity
11020,9,2025-06-06,BUY,752,290.04,Equity
11021,15,2025-06-06,BUY,4853,284.09,Currency
11022,5,2025-06-06,BUY,973,668.65,Equity
11023,13,2025-06-06,SELL,1179,44.33,Commodity
11024,3,2025-06-06,BUY,1898,160.34,Equity
11025,8,2025-06-06,SELL,3552,59.34,Equity
11026,4,2025-06-06,SELL,1632,116.45,Equity
11027,2,2025-06-06,SELL,4860,33.08,Equity
11028,11,2025-06-06,SELL,2964,113.64,ETF
11029,15,2025-06-06,BUY,3765,283.7,Currency
11030,9,2025-06-06,SELL,2812,290.48,Equity
11031,4,2025-06-06,SELL,1024,116.37,Equity
11032,7,2025-06-06,BUY,3066,282.41,Equity
11033,15,2025-06-06,SELL,2188,282.81,Currency
11034,3,2025-06-06,BUY,3703,159.79,Equity
11035,4,2025-06-06,BUY,2199,116.11,Equity
11036,15,2025-06-06,SELL,2296,282.92,Currency
11037,3,2025-06-06,SELL,178,160.27,Equity
11038,12,2025-06-06,BUY,3898,219.57,Bond
11039,10,2025-06-06,BUY,2757,78.34,Equity
11040,6,2025-06-06,BUY,690,252.88,Equity
11041,1,2025-06-06,BUY,4051,411.7,Equity
11042,8,2025-06-06,BUY,815,59.39,Equity
11043,11,2025-06-06,SELL,4224,113.41,ETF
11044,15,2025-06-06,SELL,1272,283.68,Currency
11045,8,2025-06-06,BUY,3189,59.17,Equity
11046,1,2025-06-06,BUY,655,412.39,Equity
11047,15,2025-06-06,BUY,3066,284.24,Currency
11048,9,2025-06-06,BUY,3572,290.35,Equity
11049,6,2025-06-06,BUY,3090,252.91,Equity
11050,9,2025-06-06,BUY,1214,290.98,Equity
11051,10,2025-06-06,SELL,1627,78.22,Equity
11052,2,2025-06-06,SELL,2767,33.01,Equity
11053,3,2025-06-06,BUY,1757,160.44,Equity
11054,13,2025-06-06,BUY,875,44.3,Commodity
11055,12,2025-06-06,BUY,297,219.41,Bond
11056,2,2025-06-06,SELL,354,33.03,Equity
11057,13,2025-06-06,SELL,1034,44.25,Commodity
11058,2,2025-06-06,BUY,4579,33.02,Equity
11059,12,2025-06-09,SELL,77,220.12,Bond
11060,10,2025-06-09,SELL,407,78.28,Equity
11061,1,2025-06-09,BUY,4330,417.37,Equity
11062,11,2025-06-09,BUY,840,113.98,ETF
11063,4,2025-06-09,BUY,267,115.49,Equity
11064,1,2025-06-09,SELL,248,416.48,Equity
11065,8,2025-06-09,SELL,4624,61.03,Equity
11066,14,2025-06-09,BUY,1391,71.22,Commodity
11067,14,2025-06-09,BUY,3700,71.1,Commodity
11068,12,2025-06-09,BUY,3862,219.75,Bond
11069,12,2025-06-09,SELL,2403,220.0,Bond
11070,7,2025-06-09,SELL,4982,284.44,Equity
11071,10,2025-06-09,BUY,402,78.34,Equity
11072,2,2025-06-09,BUY,3636,32.66,Equity
11073,14,2025-06-09,BUY,2226,71.16,Commodity
11074,7,2025-06-09,BUY,54,285.28,Equity
11075,10,2025-06-09,BUY,4962,78.69,Equity
11076,10,2025-06-09,BUY,1776,78.42,Equity
11077,12,2025-06-09,BUY,502,219.18,Bond
11078,14,2025-06-09,BUY,455,71.38,Commodity
11079,14,2025-06-09,SELL,4348,71.41,Commodity
11080,6,2025-06-09,SELL,392,256.06,Equity
11081,15,2025-06-09,SELL,1805,282.97,Currency
11082,2,2025-06-09,BUY,3527,32.64,Equity
11083,13,2025-06-09,SELL,871,45.55,Commodity
11084,2,2025-06-09,BUY,3894,32.6,Equity
11085,6,2025-06-09,BUY,2912,257.07,Equity
11086,5,2025-06-09,BUY,2026,661.17,Equity
11087,11,2025-06-09,BUY,3933,113.71,ETF
11088,9,2025-06-09,SELL,4983,288.3,Equity
11089,11,2025-06-09,BUY,3154,114.01,ETF
11090,5,2025-06-09,BUY,2511,661.73,Equity
11091,5,2025-06-09,SELL,3275,659.93,Equity
11092,10,2025-06-09,SELL,3330,78.42,Equity
11093,13,2025-06-09,SELL,2093,45.71,Commodity
11094,4,2025-06-09,BUY,134,115.39,Equity
11095,7,2025-06-09,BUY,1472,286.07,Equity
11096,3,2025-06-10,SELL,1489,159.2,Equity
11097,15,2025-06-10,BUY,550,282.94,Currency
11098,14,2025-06-10,BUY,3689,72.81,Commodity
11099,9,2025-06-10,BUY,1703,281.41,Equity
11100,13,2025-06-10,BUY,3995,45.16,Commodity
11101,5,2025-06-10,SELL,3814,688.27,Equity
11102,4,2025-06-10,BUY,757,115.41,Equity
11103,13,2025-06-10,SELL,474,45.22,Commodity
11104,8,2025-06-10,BUY,853,60.08,Equity
11105,14,2025-06-10,BUY,1206,73.1,Commodity
11106,14,2025-06-10,SELL,3716,73.05,Commodity
11107,11,2025-06-10,BUY,4201,113.61,ETF
11108,13,2025-06-10,SELL,75,45.21,Commodity
11109,15,2025-06-10,BUY,4370,281.92,Currency
11110,5,2025-06-10,BUY,223,684.41,Equity
11111,6,2025-06-10,SELL,678,251.31,Equity
11112,9,2025-06-10,SELL,1045,282.49,Equity
11113,10,2025-06-10,SELL,4970,78.93,Equity
11114,8,2025-06-10,SELL,2436,60.03,Equity
11115,4,2025-06-10,BUY,1725,115.43,Equity
11116,4,2025-06-10,BUY,2932,115.04,Equity
11117,3,2025-06-10,BUY,1429,159.45,Equity
11118,5,2025-06-10,BUY,2554,684.3,Equity
11119,6,2025-06-10,SELL,837,251.91,Equity
11120,11,2025-06-10,BUY,4966,113.84,ETF
11121,15,2025-06-10,BUY,573,282.23,Currency
11122,11,2025-06-10,SELL,4829,113.67,ETF
11123,14,2025-06-10,SELL,4723,73.12,Commodity
11124,2,2025-06-10,SELL,2538,32.3,Equity
11125,9,2025-06-10,SELL,4135,281.48,Equity
11126,8,2025-06-10,SELL,1234,60.33,Equity
11127,8,2025-06-10,SELL,3880,59.99,Equity
11128,13,2025-06-10,SELL,2263,45.28,Commodity
11129,4,2025-06-10,SELL,668,115.38,Equity
11130,4,2025-06-10,BUY,1588,115.09,Equity
11131,4,2025-06-10,BUY,3999,115.43,Equity
11132,5,2025-06-10,BUY,3354,686.13,Equity
11133,4,2025-06-10,BUY,1204,114.84,Equity
11134,9,2025-06-10,BUY,3775,281.42,Equity
11135,14,2025-06-11,SELL,3733,74.26,Commodity
11136,5,2025-06-11,SELL,2609,677.56,Equity
11137,11,2025-06-11,BUY,3934,114.71,ETF
11138,5,2025-06-11,BUY,3492,676.69,Equity
11139,5,2025-06-11,SELL,2782,677.03,Equity
11140,1,2025-06-11,BUY,2717,405.1,Equity
11141,12,2025-06-11,SELL,2275,220.41,Bond
11142,6,2025-06-11,SELL,3523,245.99,Equity
11143,5,2025-06-11,BUY,4591,677.84,Equity
11144,4,2025-06-11,SELL,1136,114.93,Equity
11145,3,2025-06-11,BUY,3595,159.44,Equity
11146,7,2025-06-11,BUY,1271,292.34,Equity
11147,6,2025-06-11,BUY,2281,246.88,Equity
11148,3,2025-06-11,BUY,1835,159.79,Equity
11149,3,2025-06-11,SELL,4394,159.4,Equity
11150,10,2025-06-11,SELL,1800,77.9,Equity
11151,10,2025-06-11,SELL,433,78.11,Equity
11152,13,2025-06-11,BUY,4906,45.47,Commodity
11153,6,2025-06-11,SELL,4161,247.23,Equity
11154,4,2025-06-11,SELL,2141,114.61,Equity
11155,12,2025-06-11,BUY,825,219.89,Bond
11156,11,2025-06-11,BUY,2323,114.42,ETF
11157,8,2025-06-11,SELL,4858,59.92,Equity
11158,2,2025-06-11,SELL,619,32.08,Equity
11159,5,2025-06-11,SELL,4649,677.51,Equity
11160,6,2025-06-11,BUY,3065,246.18,Equity
11161,15,2025-06-11,SELL,1044,283.22,Currency
11162,7,2025-06-11,BUY,3628,293.34,Equity
11163,9,2025-06-11,BUY,3554,283.03,Equity
11164,5,2025-06-11,BUY,3137,676.08,Equity
11165,12,2025-06-11,SELL,4679,219.68,Bond
11166,7,2025-06-11,SELL,1140,293.33,Equity
11167,2,2025-06-11,SELL,3974,32.18,Equity
11168,5,2025-06-11,SELL,3130,676.95,Equity
11169,6,2025-06-11,SELL,3468,246.23,Equity
11170,10,2025-06-11,SELL,4918,77.93,Equity
11171,12,2025-06-11,SELL,47,220.25,Bond
11172,5,2025-06-11,SELL,3364,675.73,Equity
11173,11,2025-06-12,BUY,1102,117.2,ETF
11174,7,2025-06-12,BUY,1129,291.21,Equity
11175,8,2025-06-12,BUY,1611,59.34,Equity
11176,1,2025-06-12,SELL,1328,405.72,Equity
11177,5,2025-06-12,BUY,4625,703.96,Equity
11178,10,2025-06-12,BUY,3701,77.77,Equity
11179,15,2025-06-12,BUY,3273,284.71,Currency
11180,4,2025-06-12,SELL,2441,115.52,Equity
11181,10,2025-06-12,BUY,199,77.83,Equity
11182,13,2025-06-12,BUY,1012,45.65,Commodity
11183,1,2025-06-12,BUY,2584,406.47,Equity
11184,9,2025-06-12,BUY,3295,278.45,Equity
11185,4,2025-06-12,BUY,1910,115.25,Equity
11186,10,2025-06-12,SELL,25,77.82,Equity
11187,5,2025-06-12,BUY,2626,701.52,Equity
11188,4,2025-06-12,BUY,3903,115.16,Equity
11189,4,2025-06-12,SELL,581,115.39,Equity
11190,10,2025-06-12,BUY,1235,77.66,Equity
11191,13,2025-06-12,SELL,2807,45.81,Commodity
11192,6,2025-06-12,SELL,3509,245.26,Equity
11193,9,2025-06-12,SELL,2858,279.19,Equity
11194,3,2025-06-12,SELL,2188,156.47,Equity
11195,15,2025-06-12,SELL,4860,284.82,Currency
11196,6,2025-06-12,BUY,2765,244.43,Equity
11197,2,2025-06-12,SELL,750,31.25,Equity
11198,10,2025-06-12,BUY,3413,77.67,Equity
11199,12,2025-06-12,SELL,4669,220.19,Bond
11200,3,2025-06-12,SELL,1794,157.11,Equity
11201,13,2025-06-12,SELL,4801,45.65,Commodity
11202,6,2025-06-12,BUY,2678,245.01,Equity
11203,14,2025-06-12,SELL,3000,75.38,Commodity
11204,11,2025-06-13,SELL,4621,117.43,ETF
11205,5,2025-06-13,SELL,987,712.34,Equity
11206,12,2025-06-13,SELL,932,221.08,Bond
11207,2,2025-06-13,BUY,4535,31.34,Equity
11208,9,2025-06-13,SELL,1383,275.11,Equity
11209,11,2025-06-13,BUY,2886,117.63,ETF
11210,13,2025-06-13,SELL,3693,45.89,Commodity
11211,8,2025-06-13,BUY,4858,61.38,Equity
11212,7,2025-06-13,SELL,3496,309.15,Equity
11213,6,2025-06-13,BUY,4351,239.84,Equity
11214,8,2025-06-13,BUY,1572,61.55,Equity
11215,8,2025-06-13,BUY,901,61.62,Equity
11216,3,2025-06-13,SELL,2301,151.5,Equity
11217,8,2025-06-13,BUY,4069,61.46,Equity
11218,5,2025-06-13,SELL,3445,711.2,Equity
11219,1,2025-06-13,BUY,1265,415.43,Equity
11220,8,2025-06-13,SELL,791,61.49,Equity
11221,1,2025-06-13,SELL,1969,416.0,Equity
11222,10,2025-06-13,SELL,380,77.35,Equity
11223,15,2025-06-13,SELL,4364,282.78,Currency
11224,14,2025-06-13,SELL,2979,74.93,Commodity
11225,7,2025-06-13,BUY,1526,308.98,Equity
11226,11,2025-06-13,BUY,2447,117.03,ETF
11227,9,2025-06-13,BUY,4555,275.8,Equity
11228,8,2025-06-13,BUY,3629,61.57,Equity
11229,5,2025-06-13,BUY,3106,710.41,Equity
11230,13,2025-06-13,BUY,4373,46.01,Commodity
11231,1,2025-06-13,SELL,2393,415.53,Equity
11232,11,2025-06-13,SELL,201,117.34,ETF
11233,4,2025-06-13,BUY,1243,116.47,Equity
11234,15,2025-06-13,SELL,4375,282.67,Currency
11235,5,2025-06-13,BUY,1180,712.25,Equity
11236,6,2025-06-13,BUY,258,240.94,Equity
11237,13,2025-06-13,SELL,1793,45.97,Commodity
11238,10,2025-06-13,SELL,25,77.34,Equity
11239,8,2025-06-13,SELL,2294,61.63,Equity
11240,13,2025-06-13,SELL,2169,46.06,Commodity
11241,3,2025-06-13,BUY,1742,151.13,Equity
11242,7,2025-06-13,BUY,3422,309.19,Equity
11243,12,2025-06-13,SELL,1587,220.93,Bond
11244,3,2025-06-16,SELL,4756,152.93,Equity
11245,4,2025-06-16,BUY,859,118.0,Equity
11246,3,2025-06-16,SELL,4708,153.1,Equity
11247,2,2025-06-16,SELL,298,30.9,Equity
11248,9,2025-06-16,SELL,2204,276.51,Equity
11249,12,2025-06-16,BUY,4595,221.97,Bond
11250,7,2025-06-16,SELL,4955,307.7,Equity
11251,12,2025-06-16,BUY,4840,221.63,Bond
11252,12,2025-06-16,BUY,3049,222.48,Bond
11253,8,2025-06-16,BUY,2451,62.3,Equity
11254,4,2025-06-16,BUY,1625,117.6,Equity
11255,9,2025-06-16,SELL,44,276.58,Equity
11256,12,2025-06-16,SELL,1578,221.35,Bond
11257,10,2025-06-16,SELL,2032,78.14,Equity
11258,7,2025-06-16,SELL,3452,307.54,Equity
11259,8,2025-06-16,BUY,2735,62.26,Equity
11260,8,2025-06-16,BUY,4759,62.36,Equity
11261,2,2025-06-16,BUY,389,30.81,Equity
11262,6,2025-06-16,SELL,427,235.65,Equity
11263,4,2025-06-16,BUY,4129,117.41,Equity
11264,3,2025-06-16,SELL,4360,152.6,Equity
11265,8,2025-06-16,BUY,2196,62.26,Equity
11266,1,2025-06-16,SELL,4630,419.58,Equity
11267,15,2025-06-16,SELL,610,282.77,Currency
11268,8,2025-06-16,BUY,1000,62.35,Equity
11269,3,2025-06-16,BUY,645,153.16,Equity
11270,2,2025-06-16,SELL,1200,30.77,Equity
11271,12,2025-06-16,BUY,1682,221.46,Bond
11272,14,2025-06-16,BUY,184,73.25,Commodity
11273,2,2025-06-16,SELL,4990,30.89,Equity
11274,5,2025-06-16,BUY,4285,709.26,Equity
11275,8,2025-06-16,SELL,2915,62.15,Equity
11276,4,2025-06-16,SELL,3391,117.7,Equity
11277,6,2025-06-16,SELL,3686,235.27,Equity
11278,2,2025-06-17,SELL,502,31.33,Equity
11279,3,2025-06-17,SELL,4958,149.55,Equity
11280,13,2025-06-17,BUY,49,46.28,Commodity
11281,9,2025-06-17,SELL,3224,276.4,Equity
11282,12,2025-06-17,BUY,1226,220.26,Bond
11283,3,2025-06-17,BUY,4622,149.69,Equity
11284,13,2025-06-17,SELL,1593,46.24,Commodity
11285,14,2025-06-17,BUY,860,72.64,Commodity
11286,4,2025-06-17,BUY,4555,117.09,Equity
11287,6,2025-06-17,BUY,3954,231.06,Equity
11288,4,2025-06-17,BUY,3932,116.53,Equity
11289,11,2025-06-17,BUY,2129,119.96,ETF
11290,14,2025-06-17,SELL,4421,72.65,Commodity
11291,3,2025-06-17,BUY,2313,150.06,Equity
11292,3,2025-06-17,BUY,2715,149.28,Equity
11293,7,2025-06-17,BUY,1466,308.73,Equity
11294,15,2025-06-17,SELL,2266,285.11,Currency
11295,11,2025-06-17,SELL,4584,120.06,ETF
11296,7,2025-06-17,BUY,685,309.19,Equity
11297,9,2025-06-17,SELL,60,276.73,Equity
11298,14,2025-06-17,BUY,808,72.77,Commodity
11299,7,2025-06-17,SELL,4792,309.24,Equity
11300,4,2025-06-17,BUY,713,116.78,Equity
11301,14,2025-06-17,BUY,1117,73.03,Commodity
11302,14,2025-06-17,SELL,2062,72.9,Commodity
11303,11,2025-06-17,BUY,3697,120.32,ETF
11304,14,2025-06-17,BUY,4101,72.63,Commodity
11305,8,2025-06-17,SELL,1933,62.62,Equity
11306,15,2025-06-18,BUY,1373,286.08,Currency
11307,3,2025-06-18,BUY,4322,156.38,Equity
11308,11,2025-06-18,BUY,1141,118.04,ETF
11309,6,2025-06-18,BUY,1614,236.56,Equity
11310,14,2025-06-18,SELL,1010,74.73,Commodity
11311,12,2025-06-18,BUY,4648,220.98,Bond
11312,15,2025-06-18,BUY,2722,285.26,Currency
11313,2,2025-06-18,SELL,3721,30.3,Equity
11314,9,2025-06-18,SELL,359,270.09,Equity
11315,2,2025-06-18,SELL,4086,30.23,Equity
11316,1,2025-06-18,BUY,3246,431.36,Equity
11317,8,2025-06-18,BUY,2391,62.73,Equity
11318,9,2025-06-18,SELL,319,270.79,Equity
11319,8,2025-06-18,SELL,2286,62.65,Equity
11320,11,2025-06-18,SELL,3828,118.63,ETF
11321,7,2025-06-18,BUY,981,302.56,Equity
11322,2,2025-06-18,BUY,832,30.32,Equity
11323,3,2025-06-18,BUY,1535,156.41,Equity
11324,4,2025-06-18,SELL,4042,116.78,Equity
11325,9,2025-06-18,BUY,346,269.52,Equity
11326,1,2025-06-18,SELL,3594,431.63,Equity
11327,14,2025-06-18,SELL,3323,74.62,Commodity
11328,9,2025-06-18,SELL,3535,270.28,Equity
11329,11,2025-06-18,BUY,527,117.98,ETF
11330,11,2025-06-18,SELL,1691,118.14,ETF
11331,11,2025-06-18,BUY,398,118.65,ETF
11332,6,2025-06-18,BUY,2963,236.88,Equity
11333,3,2025-06-18,SELL,3257,156.43,Equity
11334,6,2025-06-18,SELL,1255,237.15,Equity
11335,12,2025-06-18,SELL,1220,220.84,Bond
11336,15,2025-06-18,BUY,3918,284.54,Currency
11337,13,2025-06-18,BUY,2217,46.25,Commodity
11338,11,2025-06-18,SELL,2766,118.54,ETF
11339,15,2025-06-18,BUY,774,286.13,Currency
11340,13,2025-06-18,SELL,69,46.24,Commodity
11341,7,2025-06-18,BUY,898,301.54,Equity
11342,1,2025-06-18,SELL,3797,431.78,Equity
11343,12,2025-06-19,BUY,4889,221.07,Bond
11344,8,2025-06-19,SELL,457,63.05,Equity
11345,6,2025-06-19,BUY,1210,239.47,Equity
11346,12,2025-06-19,BUY,2486,222.07,Bond
11347,6,2025-06-19,BUY,1153,239.21,Equity
11348,8,2025-06-19,SELL,4779,62.96,Equity
11349,6,2025-06-19,BUY,4947,239.57,Equity
11350,3,2025-06-19,SELL,848,156.01,Equity
11351,9,2025-06-19,SELL,3593,277.19,Equity
11352,8,2025-06-19,BUY,4485,62.96,Equity
11353,9,2025-06-19,SELL,3035,278.2,Equity
11354,15,2025-06-19,SELL,2690,284.84,Currency
11355,14,2025-06-19,SELL,2847,74.57,Commodity
11356,6,2025-06-19,BUY,1708,239.37,Equity
11357,9,2025-06-19,SELL,1396,276.88,Equity
11358,7,2025-06-19,BUY,641,307.84,Equity
11359,2,2025-06-19,BUY,3028,30.33,Equity
11360,12,2025-06-19,SELL,4666,221.87,Bond
11361,5,2025-06-19,BUY,1410,710.21,Equity
11362,12,2025-06-19,BUY,2270,221.01,Bond
11363,3,2025-06-19,SELL,1332,155.69,Equity
11364,15,2025-06-19,BUY,4173,285.5,Currency
11365,9,2025-06-19,BUY,3089,277.23,Equity
11366,10,2025-06-19,SELL,3388,81.7,Equity
11367,5,2025-06-19,SELL,3347,710.44,Equity
11368,4,2025-06-19,SELL,3319,115.73,Equity
11369,10,2025-06-19,SELL,1592,81.83,Equity
11370,10,2025-06-19,SELL,2146,81.58,Equity
11371,15,2025-06-19,SELL,2785,285.24,Currency
11372,1,2025-06-19,SELL,3689,438.32,Equity
11373,10,2025-06-19,SELL,4776,81.59,Equity
11374,1,2025-06-19,BUY,1568,436.13,Equity
11375,11,2025-06-20,SELL,3092,117.57,ETF
11376,1,2025-06-20,BUY,660,425.17,Equity
11377,10,2025-06-20,SELL,235,82.74,Equity
11378,15,2025-06-20,BUY,3577,284.94,Currency
11379,8,2025-06-20,BUY,3892,59.92,Equity
11380,3,2025-06-20,BUY,1690,151.74,Equity
11381,8,2025-06-20,BUY,1760,60.15,Equity
11382,1,2025-06-20,BUY,3961,424.29,Equity
11383,6,2025-06-20,BUY,1782,237.34,Equity
11384,15,2025-06-20,BUY,1204,284.96,Currency
11385,1,2025-06-20,BUY,4459,425.36,Equity
11386,11,2025-06-20,BUY,3453,117.61,ETF
11387,7,2025-06-20,BUY,3956,309.27,Equity
11388,3,2025-06-20,BUY,4431,151.99,Equity
11389,1,2025-06-20,BUY,1472,424.37,Equity
11390,2,2025-06-20,BUY,2468,29.75,Equity
11391,2,2025-06-20,SELL,2340,29.78,Equity
11392,11,2025-06-20,SELL,3356,118.05,ETF
11393,9,2025-06-20,BUY,2106,275.82,Equity
11394,4,2025-06-20,BUY,1622,117.56,Equity
11395,8,2025-06-20,SELL,4428,60.09,Equity
11396,11,2025-06-20,SELL,2167,117.52,ETF
11397,3,2025-06-20,BUY,1718,151.4,Equity
11398,5,2025-06-20,SELL,3073,716.33,Equity
11399,11,2025-06-20,BUY,3117,117.5,ETF
11400,8,2025-06-20,SELL,4018,59.93,Equity
11401,4,2025-06-20,SELL,3487,117.56,Equity
11402,8,2025-06-20,BUY,4219,60.13,Equity
11403,15,2025-06-20,SELL,2310,285.28,Currency
11404,9,2025-06-20,SELL,3144,276.37,Equity
11405,8,2025-06-20,BUY,2914,59.97,Equity
11406,14,2025-06-20,SELL,2598,74.05,Commodity
11407,13,2025-06-20,SELL,2582,47.28,Commodity
11408,14,2025-06-20,SELL,4818,74.08,Commodity
11409,4,2025-06-20,BUY,4251,117.81,Equity
11410,12,2025-06-20,BUY,2631,219.5,Bond
11411,2,2025-06-23,BUY,214,29.27,Equity
11412,4,2025-06-23,BUY,1504,115.47,Equity
11413,15,2025-06-23,SELL,293,284.47,Currency
11414,14,2025-06-23,BUY,1589,74.15,Commodity
11415,10,2025-06-23,BUY,4103,82.4,Equity
11416,14,2025-06-23,SELL,3818,73.79,Commodity
11417,2,2025-06-23,SELL,1303,29.34,Equity
11418,13,2025-06-23,SELL,1499,46.28,Commodity
11419,8,2025-06-23,BUY,131,60.12,Equity
11420,15,2025-06-23,BUY,1600,285.33,Currency
11421,10,2025-06-23,BUY,779,82.45,Equity
11422,14,2025-06-23,BUY,4393,74.14,Commodity
11423,3,2025-06-23,SELL,4972,154.03,Equity
11424,5,2025-06-23,BUY,3018,743.3,Equity
11425,9,2025-06-23,BUY,4040,272.42,Equity
11426,13,2025-06-23,SELL,4943,46.42,Commodity
11427,15,2025-06-23,SELL,2915,285.28,Currency
11428,9,2025-06-23,BUY,484,272.94,Equity
11429,9,2025-06-23,BUY,2206,273.29,Equity
11430,6,2025-06-23,SELL,128,237.86,Equity
11431,11,2025-06-23,BUY,3544,118.32,ETF
11432,14,2025-06-23,BUY,3975,74.17,Commodity
11433,14,2025-06-23,BUY,1710,73.9,Commodity
11434,12,2025-06-23,SELL,3730,220.62,Bond
11435,14,2025-06-23,SELL,602,73.81,Commodity
11436,15,2025-06-23,BUY,2869,285.47,Currency
11437,8,2025-06-23,SELL,4813,60.26,Equity
11438,5,2025-06-23,BUY,4514,741.06,Equity
11439,5,2025-06-23,BUY,517,743.51,Equity
11440,14,2025-06-23,BUY,144,74.04,Commodity
11441,2,2025-06-23,BUY,729,29.36,Equity
11442,11,2025-06-23,SELL,3441,117.91,ETF
11443,10,2025-06-23,BUY,4294,82.4,Equity
11444,11,2025-06-23,SELL,2861,118.25,ETF
11445,8,2025-06-23,SELL,2286,60.04,Equity
11446,4,2025-06-23,BUY,1207,115.65,Equity
11447,13,2025-06-23,BUY,1550,46.26,Commodity
11448,15,2025-06-23,SELL,2542,284.34,Currency
11449,3,2025-06-24,BUY,739,154.37,Equity
11450,1,2025-06-24,SELL,4712,427.75,Equity
11451,9,2025-06-24,BUY,3445,269.82,Equity
11452,5,2025-06-24,BUY,3346,741.17,Equity
11453,15,2025-06-24,SELL,1143,284.48,Currency
11454,11,2025-06-24,BUY,3550,116.07,ETF
11455,12,2025-06-24,BUY,3054,220.42,Bond
11456,12,2025-06-24,BUY,1493,219.98,Bond
11457,7,2025-06-24,BUY,4285,302.22,Equity
11458,13,2025-06-24,SELL,4924,45.34,Commodity
11459,7,2025-06-24,BUY,3724,303.53,Equity
11460,6,2025-06-24,SELL,744,238.86,Equity
11461,1,2025-06-24,BUY,3033,427.53,Equity
11462,2,2025-06-24,BUY,262,29.14,Equity
11463,1,2025-06-24,SELL,4530,427.41,Equity
11464,12,2025-06-24,BUY,892,220.75,Bond
11465,5,2025-06-24,SELL,1814,738.24,Equity
11466,13,2025-06-24,BUY,2066,45.38,Commodity
11467,5,2025-06-24,BUY,2773,740.18,Equity
11468,2,2025-06-24,BUY,2969,29.28,Equity
11469,14,2025-06-24,SELL,3096,72.87,Commodity
11470,1,2025-06-24,SELL,1609,427.89,Equity
11471,8,2025-06-24,SELL,3577,61.2,Equity
11472,7,2025-06-24,BUY,4632,302.05,Equity
11473,2,2025-06-24,BUY,4980,29.18,Equity
11474,11,2025-06-24,BUY,2436,116.29,ETF
11475,3,2025-06-25,SELL,1134,152.67,Equity
11476,5,2025-06-25,BUY,4056,753.37,Equity
11477,3,2025-06-25,SELL,1632,152.02,Equity
11478,2,2025-06-25,SELL,2155,29.4,Equity
11479,10,2025-06-25,SELL,3396,85.27,Equity
11480,8,2025-06-25,SELL,3618,60.72,Equity
11481,8,2025-06-25,SELL,4540,60.82,Equity
11482,4,2025-06-25,BUY,601,121.05,Equity
11483,14,2025-06-25,SELL,3719,72.21,Commodity
11484,4,2025-06-25,SELL,1225,120.86,Equity
11485,15,2025-06-25,SELL,4323,287.06,Currency
11486,3,2025-06-25,BUY,508,152.06,Equity
11487,2,2025-06-25,SELL,3034,29.4,Equity
11488,10,2025-06-25,BUY,2696,85.21,Equity
11489,11,2025-06-25,BUY,3611,113.34,ETF
11490,12,2025-06-25,SELL,447,220.23,Bond
11491,5,2025-06-25,BUY,827,753.96,Equity
11492,2,2025-06-25,BUY,1810,29.46,Equity
11493,8,2025-06-25,BUY,1254,60.64,Equity
11494,9,2025-06-25,BUY,1620,266.03,Equity
11495,5,2025-06-25,BUY,476,755.87,Equity
11496,2,2025-06-25,BUY,1198,29.51,Equity
11497,1,2025-06-26,BUY,2781,433.73,Equity
11498,1,2025-06-26,BUY,3854,435.72,Equity
11499,4,2025-06-26,BUY,2342,118.23,Equity
11500,11,2025-06-26,SELL,2214,114.55,ETF
11501,5,2025-06-26,BUY,2788,738.02,Equity
11502,11,2025-06-26,SELL,2315,114.38,ETF
11503,9,2025-06-26,SELL,467,258.44,Equity
11504,5,2025-06-26,BUY,382,739.16,Equity
11505,12,2025-06-26,BUY,2705,221.45,Bond
11506,14,2025-06-26,SELL,2519,74.27,Commodity
11507,1,2025-06-26,BUY,1641,433.69,Equity
11508,13,2025-06-26,BUY,729,43.08,Commodity
11509,15,2025-06-26,BUY,4253,284.63,Currency
11510,3,2025-06-26,BUY,2004,146.52,Equity
11511,1,2025-06-26,BUY,4149,434.26,Equity
11512,2,2025-06-26,SELL,1417,29.77,Equity
11513,5,2025-06-26,SELL,3176,737.81,Equity
11514,9,2025-06-26,BUY,3759,258.69,Equity
11515,3,2025-06-26,BUY,533,146.59,Equity
11516,13,2025-06-26,SELL,3993,43.15,Commodity
11517,1,2025-06-26,SELL,455,433.65,Equity
11518,13,2025-06-26,BUY,4008,43.06,Commodity
11519,10,2025-06-26,BUY,85,81.11,Equity
11520,1,2025-06-26,BUY,4215,434.91,Equity
11521,13,2025-06-26,SELL,3025,43.05,Commodity
11522,11,2025-06-26,BUY,662,114.19,ETF
11523,12,2025-06-26,SELL,1940,221.04,Bond
11524,4,2025-06-27,SELL,3703,115.73,Equity
11525,11,2025-06-27,SELL,41,114.94,ETF
11526,4,2025-06-27,BUY,3095,116.02,Equity
11527,1,2025-06-27,SELL,1598,438.39,Equity
11528,10,2025-06-27,BUY,3146,78.95,Equity
11529,14,2025-06-27,BUY,1129,73.83,Commodity
11530,2,2025-06-27,SELL,2718,29.97,Equity
11531,9,2025-06-27,BUY,144,259.74,Equity
11532,6,2025-06-27,BUY,858,245.48,Equity
11533,3,2025-06-27,BUY,4732,152.53,Equity
11534,3,2025-06-27,BUY,861,152.88,Equity
11535,10,2025-06-27,SELL,2569,79.09,Equity
11536,8,2025-06-27,BUY,1594,62.31,Equity
11537,5,2025-06-27,BUY,4265,751.79,Equity
11538,10,2025-06-27,BUY,3090,79.1,Equity
11539,7,2025-06-27,BUY,3109,313.45,Equity
11540,14,2025-06-27,BUY,3426,74.08,Commodity
11541,2,2025-06-27,BUY,4262,29.98,Equity
11542,14,2025-06-27,SELL,4220,73.93,Commodity
11543,13,2025-06-27,SELL,4101,44.83,Commodity
11544,8,2025-06-27,BUY,619,61.95,Equity
11545,14,2025-06-30,BUY,4806,72.57,Commodity
11546,4,2025-06-30,BUY,96,117.63,Equity
11547,8,2025-06-30,SELL,1487,62.84,Equity
11548,8,2025-06-30,BUY,718,62.85,Equity
11549,6,2025-06-30,SELL,1243,252.19,Equity
11550,10,2025-06-30,BUY,3335,79.31,Equity
11551,2,2025-06-30,SELL,4463,30.25,Equity
11552,13,2025-06-30,BUY,762,44.82,Commodity
11553,1,2025-06-30,BUY,3518,447.56,Equity
11554,13,2025-06-30,SELL,4404,44.83,Commodity
11555,9,2025-06-30,BUY,3924,259.45,Equity
11556,8,2025-06-30,SELL,4887,62.93,Equity
11557,13,2025-06-30,SELL,1683,44.83,Commodity
11558,6,2025-06-30,BUY,3335,251.84,Equity
11559,5,2025-06-30,SELL,4209,738.83,Equity
11560,6,2025-06-30,SELL,1878,252.34,Equity
11561,6,2025-06-30,SELL,2428,252.68,Equity
11562,4,2025-06-30,BUY,4412,117.53,Equity
11563,12,2025-06-30,BUY,1564,219.19,Bond
11564,2,2025-06-30,SELL,1214,30.24,Equity
11565,10,2025-06-30,BUY,665,79.11,Equity
11566,7,2025-06-30,SELL,1537,311.81,Equity
11567,2,2025-06-30,BUY,4018,30.2,Equity
11568,7,2025-06-30,SELL,4110,311.17,Equity
11569,12,2025-06-30,BUY,286,219.36,Bond
11570,10,2025-06-30,SELL,1383,78.94,Equity
11571,5,2025-06-30,BUY,4207,740.45,Equity
11572,9,2025-06-30,BUY,3263,260.58,Equity
11573,10,2025-06-30,SELL,2377,79.12,Equity
11574,1,2025-06-30,BUY,619,449.05,Equity
11575,1,2025-06-30,BUY,4305,448.81,Equity
11576,2,2025-06-30,BUY,790,30.3,Equity
11577,10,2025-06-30,BUY,2116,79.14,Equity
11578,5,2025-06-30,SELL,1721,737.92,Equity
11579,3,2025-06-30,SELL,1876,159.0,Equity
11580,13,2025-06-30,SELL,4813,44.97,Commodity
11581,12,2025-06-30,BUY,4023,219.85,Bond
11582,1,2025-06-30,BUY,1872,448.55,Equity
11583,13,2025-07-01,BUY,1919,42.85,Commodity
11584,4,2025-07-01,BUY,3370,115.39,Equity
11585,13,2025-07-01,SELL,332,43.06,Commodity
11586,13,2025-07-01,SELL,759,42.9,Commodity
11587,4,2025-07-01,BUY,3008,114.99,Equity
11588,4,2025-07-01,BUY,1921,115.32,Equity
11589,5,2025-07-01,BUY,359,740.33,Equity
11590,2,2025-07-01,BUY,1551,30.31,Equity
11591,4,2025-07-01,SELL,1234,115.02,Equity
11592,10,2025-07-01,SELL,785,75.82,Equity
11593,12,2025-07-01,BUY,2382,217.25,Bond
11594,6,2025-07-01,SELL,2789,252.22,Equity
11595,10,2025-07-01,SELL,4508,75.71,Equity
11596,12,2025-07-01,SELL,2958,217.43,Bond
11597,10,2025-07-01,BUY,1763,75.98,Equity
11598,7,2025-07-01,SELL,2301,318.72,Equity
11599,2,2025-07-01,SELL,3925,30.24,Equity
11600,5,2025-07-01,SELL,4855,739.35,Equity
11601,7,2025-07-01,SELL,2024,318.41,Equity
11602,4,2025-07-01,BUY,1273,115.47,Equity
11603,10,2025-07-01,SELL,458,75.7,Equity
11604,4,2025-07-01,BUY,504,115.35,Equity
11605,2,2025-07-01,BUY,1269,30.21,Equity
11606,13,2025-07-01,SELL,84,42.88,Commodity
11607,4,2025-07-01,SELL,4712,115.2,Equity
11608,1,2025-07-02,SELL,1649,429.55,Equity
11609,8,2025-07-02,BUY,2061,65.11,Equity
11610,11,2025-07-02,SELL,2529,116.49,ETF
11611,10,2025-07-02,SELL,4516,73.47,Equity
11612,7,2025-07-02,BUY,3948,315.83,Equity
11613,2,2025-07-02,SELL,2362,29.94,Equity
11614,11,2025-07-02,SELL,2079,116.78,ETF
11615,8,2025-07-02,SELL,605,64.99,Equity
11616,13,2025-07-02,SELL,4030,43.02,Commodity
11617,5,2025-07-02,BUY,3005,753.91,Equity
11618,12,2025-07-02,BUY,3555,216.81,Bond
11619,9,2025-07-02,SELL,4590,264.2,Equity
11620,2,2025-07-02,SELL,3917,29.96,Equity
11621,8,2025-07-02,SELL,2803,65.05,Equity
11622,15,2025-07-02,BUY,3146,280.73,Currency
11623,15,2025-07-02,SELL,3945,280.55,Currency
11624,12,2025-07-02,SELL,4678,217.17,Bond
11625,12,2025-07-02,SELL,2885,216.48,Bond
11626,13,2025-07-02,SELL,498,42.95,Commodity
11627,15,2025-07-02,BUY,4523,281.52,Currency
11628,15,2025-07-02,SELL,1236,280.97,Currency
11629,6,2025-07-02,BUY,3338,259.64,Equity
11630,13,2025-07-02,SELL,4599,43.07,Commodity
11631,1,2025-07-02,BUY,4570,431.49,Equity
11632,5,2025-07-02,SELL,835,756.52,Equity
11633,13,2025-07-02,SELL,2606,42.96,Commodity
11634,14,2025-07-02,BUY,929,72.32,Commodity
11635,8,2025-07-02,SELL,2615,65.03,Equity
11636,6,2025-07-02,BUY,4698,259.21,Equity
11637,9,2025-07-02,BUY,774,265.04,Equity
11638,8,2025-07-02,BUY,4862,65.08,Equity
11639,7,2025-07-03,SELL,3139,305.75,Equity
11640,12,2025-07-03,SELL,3310,218.53,Bond
11641,4,2025-07-03,BUY,4160,118.8,Equity
11642,5,2025-07-03,SELL,1814,740.12,Equity
11643,13,2025-07-03,SELL,2308,44.0,Commodity
11644,8,2025-07-03,SELL,3977,65.34,Equity
11645,12,2025-07-03,SELL,3529,218.66,Bond
11646,13,2025-07-03,BUY,4216,44.05,Commodity
11647,11,2025-07-03,SELL,4775,116.79,ETF
11648,10,2025-07-03,SELL,999,74.33,Equity
11649,8,2025-07-03,SELL,1191,65.46,Equity
11650,10,2025-07-03,SELL,4570,74.01,Equity
11651,13,2025-07-03,BUY,1780,43.94,Commodity
11652,15,2025-07-03,BUY,4312,281.14,Currency
11653,12,2025-07-03,SELL,2129,218.57,Bond
11654,8,2025-07-03,BUY,4715,65.47,Equity
11655,12,2025-07-03,SELL,3741,218.46,Bond
11656,2,2025-07-03,SELL,3752,29.75,Equity
11657,11,2025-07-03,BUY,1373,116.88,ETF
11658,14,2025-07-03,BUY,1942,72.77,Commodity
11659,3,2025-07-03,BUY,189,160.11,Equity
11660,13,2025-07-03,SELL,2601,43.86,Commodity
11661,14,2025-07-03,SELL,1119,72.63,Commodity
11662,5,2025-07-03,SELL,10,741.24,Equity
11663,1,2025-07-03,BUY,1877,431.99,Equity
11664,15,2025-07-03,BUY,2494,281.2,Currency
11665,5,2025-07-03,BUY,2496,737.86,Equity
11666,6,2025-07-03,SELL,4815,252.68,Equity
11667,11,2025-07-03,BUY,2621,117.17,ETF
11668,1,2025-07-03,BUY,1662,433.18,Equity
11669,1,2025-07-03,SELL,3822,432.25,Equity
11670,3,2025-07-03,SELL,3227,159.39,Equity
11671,15,2025-07-03,SELL,2767,281.0,Currency
11672,5,2025-07-03,BUY,1197,738.6,Equity
11673,14,2025-07-03,BUY,3674,72.85,Commodity
11674,10,2025-07-03,SELL,40,74.43,Equity
11675,14,2025-07-03,BUY,4699,72.5,Commodity
11676,1,2025-07-03,SELL,3755,432.33,Equity
11677,15,2025-07-03,SELL,4766,281.72,Currency
11678,1,2025-07-03,SELL,724,433.34,Equity
11679,5,2025-07-04,BUY,3065,728.8,Equity
11680,14,2025-07-04,BUY,1525,73.89,Commodity
11681,1,2025-07-04,BUY,3837,415.27,Equity
11682,13,2025-07-04,BUY,605,41.47,Commodity
11683,7,2025-07-04,SELL,314,301.1,Equity
11684,7,2025-07-04,SELL,3637,301.5,Equity
11685,14,2025-07-04,BUY,1890,73.63,Commodity
11686,6,2025-07-04,BUY,2704,249.77,Equity
11687,10,2025-07-04,SELL,2180,77.18,Equity
11688,9,2025-07-04,SELL,3378,271.37,Equity
11689,2,2025-07-04,BUY,1433,29.97,Equity
11690,4,2025-07-04,SELL,4601,122.96,Equity
11691,13,2025-07-04,SELL,4354,41.59,Commodity
11692,1,2025-07-04,SELL,214,416.1,Equity
11693,10,2025-07-04,SELL,4034,76.96,Equity
11694,1,2025-07-04,SELL,1098,416.34,Equity
11695,12,2025-07-04,SELL,3808,219.8,Bond
11696,1,2025-07-04,SELL,1894,416.93,Equity
11697,3,2025-07-04,SELL,3754,161.13,Equity
11698,10,2025-07-04,SELL,1551,76.95,Equity
11699,3,2025-07-04,SELL,387,161.03,Equity
11700,12,2025-07-04,SELL,57,220.2,Bond
11701,4,2025-07-04,SELL,3417,123.24,Equity
11702,10,2025-07-04,SELL,4053,76.9,Equity
11703,2,2025-07-04,BUY,4240,30.01,Equity
11704,6,2025-07-04,SELL,2060,249.4,Equity
11705,2,2025-07-04,SELL,2114,29.97,Equity
11706,13,2025-07-04,BUY,3581,41.47,Commodity
11707,5,2025-07-04,SELL,656,729.89,Equity
11708,11,2025-07-04,SELL,2626,117.57,ETF
11709,9,2025-07-04,SELL,207,271.32,Equity
11710,13,2025-07-04,SELL,1949,41.65,Commodity
11711,13,2025-07-04,BUY,1373,41.48,Commodity
11712,6,2025-07-04,SELL,4806,250.63,Equity
11713,14,2025-07-04,SELL,4525,73.61,Commodity
11714,15,2025-07-04,SELL,4177,280.55,Currency
11715,2,2025-07-07,SELL,437,29.96,Equity
11716,2,2025-07-07,SELL,389,30.05,Equity
11717,11,2025-07-07,BUY,2694,117.45,ETF
11718,11,2025-07-07,SELL,3702,117.55,ETF
11719,1,2025-07-07,SELL,2406,411.52,Equity
11720,6,2025-07-07,BUY,2293,254.62,Equity
11721,5,2025-07-07,BUY,709,714.14,Equity
11722,5,2025-07-07,SELL,146,717.99,Equity
11723,5,2025-07-07,SELL,1921,714.71,Equity
11724,12,2025-07-07,SELL,3349,219.56,Bond
11725,3,2025-07-07,SELL,115,163.75,Equity
11726,9,2025-07-07,SELL,4925,263.78,Equity
11727,9,2025-07-07,SELL,2162,263.13,Equity
11728,15,2025-07-07,SELL,4277,280.75,Currency
11729,1,2025-07-07,SELL,1132,412.81,Equity
11730,3,2025-07-07,BUY,2478,164.15,Equity
11731,5,2025-07-07,BUY,1174,714.75,Equity
11732,14,2025-07-07,BUY,4164,75.53,Commodity
11733,6,2025-07-07,SELL,2705,253.95,Equity
11734,13,2025-07-07,SELL,272,40.86,Commodity
11735,12,2025-07-07,SELL,440,218.8,Bond
11736,11,2025-07-07,BUY,3208,117.73,ETF
11737,5,2025-07-07,SELL,793,716.25,Equity
11738,2,2025-07-07,BUY,297,30.04,Equity
11739,2,2025-07-07,BUY,893,30.04,Equity
11740,11,2025-07-07,BUY,4287,117.53,ETF
11741,12,2025-07-07,BUY,2862,219.27,Bond
11742,7,2025-07-07,SELL,959,300.71,Equity
11743,12,2025-07-07,BUY,1906,219.55,Bond
11744,11,2025-07-07,SELL,88,117.92,ETF
11745,8,2025-07-08,BUY,2459,67.36,Equity
11746,3,2025-07-08,BUY,128,161.93,Equity
11747,15,2025-07-08,SELL,3391,280.26,Currency
11748,3,2025-07-08,BUY,4897,161.76,Equity
11749,10,2025-07-08,SELL,2867,79.53,Equity
11750,6,2025-07-08,SELL,3978,256.82,Equity
11751,8,2025-07-08,BUY,2993,67.36,Equity
11752,15,2025-07-08,SELL,2239,280.91,Currency
11753,11,2025-07-08,SELL,816,116.97,ETF
11754,12,2025-07-08,BUY,1097,220.36,Bond
11755,7,2025-07-08,SELL,2635,295.86,Equity
11756,10,2025-07-08,BUY,3931,79.11,Equity
11757,10,2025-07-08,SELL,1742,79.09,Equity
11758,11,2025-07-08,SELL,3656,116.39,ETF
11759,4,2025-07-08,SELL,2126,123.45,Equity
11760,2,2025-07-08,BUY,3191,29.59,Equity
11761,13,2025-07-08,BUY,2528,40.62,Commodity
11762,4,2025-07-08,SELL,223,123.45,Equity
11763,3,2025-07-08,SELL,4328,161.28,Equity
11764,1,2025-07-08,BUY,4031,414.78,Equity
11765,3,2025-07-08,SELL,85,161.23,Equity
11766,7,2025-07-08,BUY,2657,297.22,Equity
11767,9,2025-07-08,SELL,4850,266.89,Equity
11768,6,2025-07-08,SELL,1308,256.67,Equity
11769,2,2025-07-08,BUY,475,29.6,Equity
11770,3,2025-07-08,BUY,3481,161.69,Equity
11771,7,2025-07-08,SELL,351,296.8,Equity
11772,3,2025-07-08,BUY,4457,161.55,Equity
11773,3,2025-07-08,SELL,65,161.64,Equity
11774,11,2025-07-08,SELL,279,116.87,ETF
11775,1,2025-07-08,BUY,3851,413.83,Equity
11776,8,2025-07-08,SELL,2360,67.13,Equity
11777,4,2025-07-08,BUY,3086,123.39,Equity
11778,1,2025-07-08,BUY,1169,414.74,Equity
11779,14,2025-07-08,BUY,2086,74.87,Commodity
11780,4,2025-07-08,SELL,2535,123.98,Equity
11781,15,2025-07-08,SELL,3448,281.0,Currency
11782,13,2025-07-08,SELL,4155,40.46,Commodity
11783,14,2025-07-08,BUY,2092,74.97,Commodity
11784,3,2025-07-09,SELL,3557,159.13,Equity
11785,6,2025-07-09,SELL,4799,250.26,Equity
11786,7,2025-07-09,SELL,1085,294.74,Equity
11787,6,2025-07-09,SELL,265,250.05,Equity
11788,3,2025-07-09,BUY,1900,159.32,Equity
11789,9,2025-07-09,BUY,2772,262.17,Equity
11790,4,2025-07-09,BUY,4870,125.81,Equity
11791,10,2025-07-09,SELL,1143,80.36,Equity
11792,11,2025-07-09,SELL,3941,116.73,ETF
11793,15,2025-07-09,BUY,1139,282.29,Currency
11794,5,2025-07-09,BUY,4424,740.61,Equity
11795,4,2025-07-09,BUY,1574,125.81,Equity
11796,11,2025-07-09,SELL,4657,116.61,ETF
11797,13,2025-07-09,BUY,1137,40.91,Commodity
11798,7,2025-07-09,SELL,2857,294.75,Equity
11799,4,2025-07-09,SELL,871,126.09,Equity
11800,14,2025-07-09,SELL,4790,76.5,Commodity
11801,5,2025-07-09,SELL,4449,738.84,Equity
11802,7,2025-07-09,SELL,867,294.54,Equity
11803,5,2025-07-09,SELL,859,738.82,Equity
11804,4,2025-07-09,SELL,754,126.25,Equity
11805,15,2025-07-09,SELL,960,282.45,Currency
11806,8,2025-07-09,BUY,2192,69.23,Equity
11807,6,2025-07-09,BUY,4737,249.86,Equity
11808,8,2025-07-09,BUY,1594,69.26,Equity
11809,4,2025-07-09,BUY,1661,126.04,Equity
11810,5,2025-07-09,BUY,2383,740.32,Equity
11811,7,2025-07-09,SELL,4371,294.53,Equity
11812,7,2025-07-09,SELL,637,294.37,Equity
11813,2,2025-07-09,SELL,1546,30.32,Equity
11814,12,2025-07-09,SELL,1854,220.63,Bond
11815,4,2025-07-09,BUY,2113,126.43,Equity
11816,2,2025-07-09,SELL,103,30.26,Equity
11817,13,2025-07-09,SELL,1378,40.99,Commodity
11818,8,2025-07-10,BUY,4958,69.29,Equity
11819,1,2025-07-10,BUY,2286,398.88,Equity
11820,6,2025-07-10,SELL,1403,253.02,Equity
11821,6,2025-07-10,SELL,453,253.59,Equity
11822,6,2025-07-10,SELL,246,252.54,Equity
11823,12,2025-07-10,BUY,3375,221.27,Bond
11824,5,2025-07-10,BUY,4432,732.68,Equity
11825,12,2025-07-10,SELL,2713,221.55,Bond
11826,6,2025-07-10,SELL,3379,253.46,Equity
11827,10,2025-07-10,BUY,2398,82.24,Equity
11828,3,2025-07-10,SELL,481,158.94,Equity
11829,2,2025-07-10,SELL,878,30.29,Equity
11830,4,2025-07-10,BUY,4041,123.5,Equity
11831,15,2025-07-10,SELL,4037,278.94,Currency
11832,9,2025-07-10,SELL,3198,255.92,Equity
11833,12,2025-07-10,BUY,3445,221.68,Bond
11834,1,2025-07-10,SELL,3572,400.09,Equity
11835,4,2025-07-10,BUY,1491,122.93,Equity
11836,3,2025-07-10,SELL,2095,159.09,Equity
11837,7,2025-07-10,BUY,2653,306.4,Equity
11838,7,2025-07-10,BUY,1105,307.55,Equity
11839,14,2025-07-10,BUY,2326,75.43,Commodity
11840,7,2025-07-10,BUY,649,307.27,Equity
11841,7,2025-07-10,BUY,1695,307.3,Equity
11842,4,2025-07-10,BUY,4771,122.88,Equity
11843,7,2025-07-10,SELL,4273,307.4,Equity
11844,3,2025-07-10,BUY,45,158.7,Equity
11845,13,2025-07-10,SELL,3172,42.04,Commodity
11846,15,2025-07-10,BUY,4543,279.46,Currency
11847,10,2025-07-10,SELL,2611,82.24,Equity
11848,11,2025-07-10,SELL,724,117.18,ETF
11849,11,2025-07-10,BUY,2190,117.06,ETF
11850,10,2025-07-10,BUY,4508,82.23,Equity
11851,10,2025-07-10,BUY,526,82.04,Equity
11852,1,2025-07-10,BUY,112,399.87,Equity
11853,3,2025-07-10,SELL,1793,159.39,Equity
11854,7,2025-07-10,BUY,3137,306.83,Equity
11855,8,2025-07-10,SELL,3309,69.4,Equity
11856,6,2025-07-10,SELL,1484,252.46,Equity
11857,15,2025-07-10,SELL,4548,280.15,Currency
11858,3,2025-07-11,SELL,2612,164.24,Equity
11859,11,2025-07-11,SELL,2363,118.02,ETF
11860,6,2025-07-11,SELL,3695,254.83,Equity
11861,12,2025-07-11,SELL,1192,221.74,Bond
11862,14,2025-07-11,SELL,4473,74.79,Commodity
11863,11,2025-07-11,BUY,3331,118.43,ETF
11864,6,2025-07-11,SELL,4855,254.88,Equity
11865,5,2025-07-11,SELL,937,739.1,Equity
11866,14,2025-07-11,SELL,158,74.81,Commodity
11867,6,2025-07-11,SELL,1814,255.77,Equity
11868,5,2025-07-11,SELL,106,738.37,Equity
11869,9,2025-07-11,BUY,4138,256.25,Equity
11870,5,2025-07-11,SELL,4767,740.69,Equity
11871,14,2025-07-11,BUY,78,74.92,Commodity
11872,2,2025-07-11,SELL,2108,29.7,Equity
11873,2,2025-07-11,SELL,1627,29.79,Equity
11874,14,2025-07-11,BUY,1737,74.96,Commodity
11875,1,2025-07-11,SELL,2264,412.31,Equity
11876,9,2025-07-11,SELL,2369,256.6,Equity
11877,13,2025-07-11,SELL,1547,42.77,Commodity
11878,11,2025-07-11,BUY,1019,117.76,ETF
11879,11,2025-07-11,SELL,2385,118.13,ETF
11880,14,2025-07-11,BUY,1214,74.99,Commodity
11881,6,2025-07-11,SELL,1568,255.85,Equity
11882,10,2025-07-14,SELL,1345,79.71,Equity
11883,1,2025-07-14,SELL,3240,400.05,Equity
11884,5,2025-07-14,SELL,2426,723.18,Equity
11885,4,2025-07-14,BUY,2932,124.55,Equity
11886,5,2025-07-14,SELL,2114,721.35,Equity
11887,11,2025-07-14,BUY,615,115.25,ETF
11888,10,2025-07-14,SELL,1294,79.84,Equity
11889,14,2025-07-14,SELL,4246,74.46,Commodity
11890,15,2025-07-14,BUY,3296,279.88,Currency
11891,6,2025-07-14,SELL,1215,256.64,Equity
11892,9,2025-07-14,SELL,1839,249.93,Equity
11893,5,2025-07-14,SELL,4524,724.25,Equity
11894,14,2025-07-14,SELL,1702,74.27,Commodity
11895,14,2025-07-14,BUY,72,74.28,Commodity
11896,6,2025-07-14,BUY,3083,256.77,Equity
11897,11,2025-07-14,SELL,3860,114.9,ETF
11898,3,2025-07-14,BUY,3395,167.11,Equity
11899,14,2025-07-14,SELL,3165,74.29,Commodity
11900,12,2025-07-14,BUY,4228,221.65,Bond
11901,9,2025-07-14,SELL,2235,250.04,Equity
11902,3,2025-07-14,SELL,1900,167.26,Equity
11903,7,2025-07-14,BUY,1399,300.77,Equity
11904,14,2025-07-14,SELL,4945,74.27,Commodity
11905,9,2025-07-14,SELL,3941,250.35,Equity
11906,14,2025-07-14,SELL,4364,74.7,Commodity
11907,4,2025-07-14,SELL,4873,125.1,Equity
11908,13,2025-07-14,SELL,3377,44.5,Commodity
11909,5,2025-07-14,BUY,4118,723.45,Equity
11910,15,2025-07-14,BUY,2885,279.94,Currency
11911,13,2025-07-14,SELL,1289,44.54,Commodity
11912,7,2025-07-14,SELL,2804,299.42,Equity
11913,6,2025-07-15,SELL,2659,247.12,Equity
11914,9,2025-07-15,BUY,434,249.62,Equity
11915,15,2025-07-15,SELL,3293,281.96,Currency
11916,13,2025-07-15,SELL,3234,45.33,Commodity
11917,11,2025-07-15,SELL,1030,115.63,ETF
11918,11,2025-07-15,BUY,162,115.84,ETF
11919,8,2025-07-15,SELL,4706,71.24,Equity
11920,13,2025-07-15,SELL,3768,45.22,Commodity
11921,15,2025-07-15,SELL,3128,282.4,Currency
11922,1,2025-07-15,BUY,167,396.04,Equity
11923,4,2025-07-15,BUY,1968,124.66,Equity
11924,13,2025-07-15,SELL,2728,45.36,Commodity
11925,3,2025-07-15,SELL,2570,164.02,Equity
11926,8,2025-07-15,BUY,3070,71.58,Equity
11927,4,2025-07-15,SELL,401,124.45,Equity
11928,12,2025-07-15,BUY,997,220.68,Bond
11929,15,2025-07-15,BUY,3290,281.46,Currency
11930,15,2025-07-15,SELL,3608,281.75,Currency
11931,10,2025-07-15,SELL,2114,79.11,Equity
11932,11,2025-07-15,SELL,2358,115.97,ETF
11933,3,2025-07-15,BUY,2870,163.51,Equity
11934,2,2025-07-15,BUY,3962,30.62,Equity
11935,7,2025-07-15,BUY,877,309.45,Equity
11936,2,2025-07-15,SELL,3936,30.59,Equity
11937,8,2025-07-15,BUY,253,71.41,Equity
11938,7,2025-07-15,SELL,3680,309.44,Equity
11939,15,2025-07-15,BUY,1055,281.92,Currency
11940,3,2025-07-16,SELL,4462,163.6,Equity
11941,8,2025-07-16,SELL,1447,68.51,Equity
11942,9,2025-07-16,SELL,4724,253.05,Equity
11943,4,2025-07-16,BUY,216,123.02,Equity
11944,2,2025-07-16,BUY,4813,31.03,Equity
11945,8,2025-07-16,BUY,3403,68.62,Equity
11946,8,2025-07-16,BUY,3191,68.35,Equity
11947,8,2025-07-16,BUY,848,68.52,Equity
11948,14,2025-07-16,BUY,809,74.77,Commodity
11949,8,2025-07-16,BUY,2889,68.46,Equity
11950,3,2025-07-16,SELL,4221,163.75,Equity
11951,12,2025-07-16,BUY,1184,219.5,Bond
11952,12,2025-07-16,BUY,31,219.41,Bond
11953,11,2025-07-16,BUY,4110,113.11,ETF
11954,4,2025-07-16,SELL,4458,123.12,Equity
11955,11,2025-07-16,SELL,4479,113.08,ETF
11956,10,2025-07-16,SELL,905,79.82,Equity
11957,13,2025-07-16,SELL,3908,45.72,Commodity
11958,11,2025-07-16,BUY,4156,112.94,ETF
11959,5,2025-07-16,SELL,3346,708.44,Equity
11960,12,2025-07-16,SELL,3696,219.14,Bond
11961,13,2025-07-16,BUY,1624,45.64,Commodity
11962,7,2025-07-16,BUY,3843,307.54,Equity
11963,2,2025-07-16,SELL,3914,30.89,Equity
11964,14,2025-07-16,BUY,505,74.85,Commodity
11965,9,2025-07-16,SELL,2126,253.22,Equity
11966,2,2025-07-16,SELL,3718,30.93,Equity
11967,2,2025-07-16,SELL,4626,30.98,Equity
11968,9,2025-07-16,SELL,4233,253.43,Equity
11969,8,2025-07-16,SELL,2039,68.54,Equity
11970,5,2025-07-16,SELL,4896,710.24,Equity
11971,2,2025-07-16,SELL,4383,30.94,Equity
11972,6,2025-07-16,BUY,1844,244.95,Equity
11973,8,2025-07-16,SELL,1758,68.35,Equity
11974,14,2025-07-16,BUY,4399,74.79,Commodity
11975,10,2025-07-16,BUY,2293,80.05,Equity
11976,7,2025-07-16,BUY,1159,307.69,Equity
11977,2,2025-07-16,SELL,975,31.0,Equity
11978,10,2025-07-17,SELL,2798,77.63,Equity
11979,3,2025-07-17,SELL,4251,167.23,Equity
11980,2,2025-07-17,BUY,46,30.11,Equity
11981,15,2025-07-17,BUY,4085,283.68,Currency
11982,14,2025-07-17,BUY,986,73.4,Commodity
11983,12,2025-07-17,SELL,4984,218.74,Bond
11984,8,2025-07-17,BUY,2169,66.87,Equity
11985,12,2025-07-17,BUY,2378,218.17,Bond
11986,1,2025-07-17,SELL,3862,382.49,Equity
11987,2,2025-07-17,SELL,4014,30.04,Equity
11988,4,2025-07-17,BUY,1765,124.06,Equity
11989,10,2025-07-17,SELL,3209,77.83,Equity
11990,8,2025-07-17,SELL,1460,66.81,Equity
11991,4,2025-07-17,SELL,1034,123.77,Equity
11992,11,2025-07-17,BUY,3566,111.69,ETF
11993,15,2025-07-17,SELL,1047,282.96,Currency
11994,12,2025-07-17,SELL,3413,218.18,Bond
11995,8,2025-07-17,BUY,139,66.76,Equity
11996,12,2025-07-17,SELL,1573,218.13,Bond
11997,6,2025-07-17,SELL,624,247.1,Equity
11998,11,2025-07-17,BUY,4370,111.42,ETF
11999,5,2025-07-17,SELL,641,672.82,Equity
12000,14,2025-07-17,BUY,2881,73.46,Commodity
12001,1,2025-07-17,SELL,3694,382.28,Equity
12002,14,2025-07-17,BUY,4218,73.24,Commodity
12003,7,2025-07-17,BUY,2402,298.69,Equity
12004,13,2025-07-18,SELL,4212,44.21,Commodity
12005,4,2025-07-18,SELL,2385,126.49,Equity
12006,6,2025-07-18,BUY,1010,251.96,Equity
12007,3,2025-07-18,BUY,2140,170.51,Equity
12008,10,2025-07-18,BUY,4631,76.62,Equity
12009,9,2025-07-18,BUY,3637,250.94,Equity
12010,15,2025-07-18,BUY,1088,282.4,Currency
12011,8,2025-07-18,BUY,499,67.72,Equity
12012,14,2025-07-18,BUY,399,73.16,Commodity
12013,9,2025-07-18,BUY,1772,250.1,Equity
12014,2,2025-07-18,BUY,4836,30.04,Equity
12015,15,2025-07-18,SELL,2088,283.34,Currency
12016,6,2025-07-18,BUY,3987,251.97,Equity
12017,11,2025-07-18,SELL,4953,112.8,ETF
12018,7,2025-07-18,BUY,2498,298.14,Equity
12019,3,2025-07-18,BUY,4010,170.53,Equity
12020,4,2025-07-18,SELL,4198,126.81,Equity
12021,4,2025-07-18,BUY,1834,126.43,Equity
12022,7,2025-07-18,SELL,3974,298.06,Equity
12023,11,2025-07-18,BUY,4008,112.88,ETF
12024,9,2025-07-18,SELL,1846,250.07,Equity
12025,4,2025-07-18,SELL,2156,127.03,Equity
12026,6,2025-07-18,SELL,4462,250.96,Equity
12027,4,2025-07-18,SELL,2127,126.82,Equity
12028,11,2025-07-18,BUY,3407,112.79,ETF
12029,5,2025-07-18,SELL,802,680.53,Equity
12030,12,2025-07-18,BUY,3558,216.52,Bond
12031,11,2025-07-18,BUY,1052,112.73,ETF
12032,6,2025-07-18,BUY,4821,251.14,Equity
12033,3,2025-07-18,BUY,2817,170.96,Equity
12034,12,2025-07-18,SELL,3091,216.17,Bond
12035,14,2025-07-18,SELL,1220,72.9,Commodity
12036,9,2025-07-18,SELL,4190,249.96,Equity
12037,2,2025-07-18,BUY,2375,29.88,Equity
12038,14,2025-07-18,BUY,4115,72.79,Commodity
12039,1,2025-07-18,SELL,396,375.09,Equity
12040,8,2025-07-18,BUY,716,67.47,Equity
12041,2,2025-07-18,BUY,2757,30.05,Equity
12042,7,2025-07-18,BUY,4822,298.56,Equity
12043,11,2025-07-18,SELL,4125,112.93,ETF
12044,6,2025-07-21,SELL,3064,253.02,Equity
12045,11,2025-07-21,SELL,3862,112.6,ETF
12046,12,2025-07-21,SELL,1369,216.36,Bond
12047,14,2025-07-21,SELL,1745,73.23,Commodity
12048,10,2025-07-21,SELL,2155,77.24,Equity
12049,6,2025-07-21,SELL,1749,253.58,Equity
12050,7,2025-07-21,SELL,998,289.92,Equity
12051,3,2025-07-21,SELL,2316,168.24,Equity
12052,2,2025-07-21,BUY,147,30.73,Equity
12053,3,2025-07-21,BUY,405,167.76,Equity
12054,11,2025-07-21,BUY,237,112.9,ETF
12055,7,2025-07-21,BUY,3095,290.16,Equity
12056,1,2025-07-21,BUY,43,373.89,Equity
12057,1,2025-07-21,BUY,1522,374.79,Equity
12058,13,2025-07-21,BUY,862,43.53,Commodity
12059,6,2025-07-21,BUY,4600,252.6,Equity
12060,3,2025-07-21,BUY,1071,168.36,Equity
12061,9,2025-07-21,BUY,1783,253.95,Equity
12062,3,2025-07-21,BUY,2024,168.1,Equity
12063,3,2025-07-21,SELL,2621,168.26,Equity
12064,13,2025-07-21,SELL,4610,43.69,Commodity
12065,8,2025-07-21,SELL,1653,67.44,Equity
12066,3,2025-07-21,BUY,2910,168.16,Equity
12067,15,2025-07-21,SELL,22,282.65,Currency
12068,1,2025-07-21,BUY,2304,374.63,Equity
12069,15,2025-07-21,BUY,2952,284.2,Currency
12070,12,2025-07-21,SELL,786,216.59,Bond
12071,1,2025-07-21,SELL,3442,373.94,Equity
12072,12,2025-07-21,BUY,1660,216.16,Bond
12073,1,2025-07-21,BUY,4761,373.37,Equity
12074,6,2025-07-21,BUY,4625,252.28,Equity
12075,9,2025-07-21,BUY,3318,254.71,Equity
12076,6,2025-07-21,BUY,2881,252.27,Equity
12077,2,2025-07-22,BUY,3973,31.24,Equity
12078,12,2025-07-22,BUY,1196,215.9,Bond
12079,15,2025-07-22,SELL,3838,282.94,Currency
12080,7,2025-07-22,SELL,1110,282.72,Equity
12081,12,2025-07-22,SELL,2471,215.86,Bond
12082,7,2025-07-22,SELL,704,283.26,Equity
12083,13,2025-07-22,BUY,2462,42.59,Commodity
12084,13,2025-07-22,BUY,1366,42.5,Commodity
12085,11,2025-07-22,BUY,1152,113.36,ETF
12086,9,2025-07-22,BUY,4101,250.72,Equity
12087,11,2025-07-22,BUY,4814,113.62,ETF
12088,14,2025-07-22,SELL,16,72.24,Commodity
12089,6,2025-07-22,BUY,3158,257.17,Equity
12090,2,2025-07-22,BUY,696,31.21,Equity
12091,3,2025-07-22,BUY,3795,166.68,Equity
12092,10,2025-07-22,BUY,4128,76.88,Equity
12093,2,2025-07-22,SELL,4290,31.2,Equity
12094,3,2025-07-22,BUY,2762,166.49,Equity
12095,8,2025-07-22,SELL,3734,68.01,Equity
12096,5,2025-07-22,BUY,1052,671.94,Equity
12097,1,2025-07-22,SELL,2028,370.09,Equity
12098,12,2025-07-23,BUY,1973,216.29,Bond
12099,12,2025-07-23,BUY,673,215.67,Bond
12100,11,2025-07-23,BUY,3905,114.79,ETF
12101,3,2025-07-23,SELL,2976,166.35,Equity
12102,6,2025-07-23,BUY,1811,247.38,Equity
12103,7,2025-07-23,BUY,1760,284.24,Equity
12104,2,2025-07-23,BUY,2087,31.48,Equity
12105,2,2025-07-23,BUY,4063,31.55,Equity
12106,11,2025-07-23,BUY,4667,114.54,ETF
12107,14,2025-07-23,BUY,4850,71.5,Commodity
12108,15,2025-07-23,BUY,355,280.61,Currency
12109,7,2025-07-23,BUY,1931,284.79,Equity
12110,9,2025-07-23,SELL,2842,247.34,Equity
12111,2,2025-07-23,BUY,1790,31.51,Equity
12112,11,2025-07-23,BUY,632,114.58,ETF
12113,5,2025-07-23,BUY,285,666.48,Equity
12114,2,2025-07-23,BUY,244,31.54,Equity
12115,7,2025-07-23,BUY,1404,285.21,Equity
12116,8,2025-07-23,BUY,4820,68.0,Equity
12117,9,2025-07-23,SELL,4215,247.07,Equity
12118,3,2025-07-23,SELL,2444,166.87,Equity
12119,7,2025-07-23,SELL,1033,284.16,Equity
12120,7,2025-07-23,BUY,238,284.52,Equity
12121,7,2025-07-23,BUY,1360,284.84,Equity
12122,4,2025-07-23,BUY,533,131.58,Equity
12123,14,2025-07-24,BUY,3549,70.51,Commodity
12124,13,2025-07-24,BUY,1732,44.69,Commodity
12125,13,2025-07-24,SELL,3243,44.75,Commodity
12126,8,2025-07-24,SELL,2810,68.2,Equity
12127,10,2025-07-24,SELL,4557,79.69,Equity
12128,9,2025-07-24,BUY,3135,247.12,Equity
12129,11,2025-07-24,SELL,3107,114.38,ETF
12130,10,2025-07-24,SELL,4552,79.8,Equity
12131,15,2025-07-24,BUY,3972,283.31,Currency
12132,15,2025-07-24,SELL,1728,283.59,Currency
12133,12,2025-07-24,BUY,1862,214.46,Bond
12134,9,2025-07-24,SELL,633,247.7,Equity
12135,1,2025-07-24,BUY,3836,358.69,Equity
12136,6,2025-07-24,BUY,2251,246.09,Equity
12137,6,2025-07-24,SELL,3437,245.27,Equity
12138,6,2025-07-24,SELL,1490,246.5,Equity
12139,11,2025-07-24,BUY,1271,114.09,ETF
12140,6,2025-07-24,SELL,3948,246.6,Equity
12141,2,2025-07-24,SELL,4856,31.49,Equity
12142,7,2025-07-24,BUY,1241,285.92,Equity
12143,6,2025-07-24,BUY,2297,246.17,Equity
12144,8,2025-07-24,SELL,3736,68.38,Equity
12145,11,2025-07-24,BUY,1679,114.18,ETF
12146,15,2025-07-24,SELL,891,283.73,Currency
12147,1,2025-07-24,SELL,1515,358.06,Equity
12148,11,2025-07-24,SELL,1044,114.36,ETF
12149,13,2025-07-24,SELL,750,44.72,Commodity
12150,12,2025-07-24,SELL,2237,214.95,Bond
12151,5,2025-07-24,SELL,4510,650.23,Equity
12152,7,2025-07-24,BUY,2185,286.29,Equity
12153,4,2025-07-24,BUY,4213,128.81,Equity
12154,13,2025-07-24,BUY,882,44.75,Commodity
12155,2,2025-07-24,SELL,4257,31.61,Equity
12156,1,2025-07-24,SELL,867,359.29,Equity
12157,8,2025-07-24,SELL,2046,68.11,Equity
12158,1,2025-07-25,SELL,314,359.54,Equity
12159,14,2025-07-25,BUY,2552,69.75,Commodity
12160,10,2025-07-25,BUY,1166,79.21,Equity
12161,15,2025-07-25,SELL,4370,283.0,Currency
12162,13,2025-07-25,BUY,4753,45.77,Commodity
12163,2,2025-07-25,SELL,4690,31.47,Equity
12164,3,2025-07-25,BUY,4802,161.65,Equity
12165,14,2025-07-25,BUY,4205,69.7,Commodity
12166,13,2025-07-25,SELL,1848,45.55,Commodity
12167,8,2025-07-25,SELL,3890,66.85,Equity
12168,6,2025-07-25,BUY,1731,247.62,Equity
12169,2,2025-07-25,BUY,4889,31.51,Equity
12170,5,2025-07-25,SELL,3512,666.81,Equity
12171,6,2025-07-25,BUY,2782,247.55,Equity
12172,14,2025-07-25,BUY,2201,69.87,Commodity
12173,11,2025-07-25,SELL,2922,115.74,ETF
12174,5,2025-07-25,SELL,2691,665.49,Equity
12175,2,2025-07-25,SELL,4676,31.54,Equity
12176,6,2025-07-25,SELL,2865,246.63,Equity
12177,15,2025-07-25,SELL,1124,282.01,Currency
12178,14,2025-07-25,BUY,3740,69.79,Commodity
12179,5,2025-07-25,BUY,859,668.5,Equity
12180,11,2025-07-25,SELL,2117,115.23,ETF
12181,6,2025-07-25,SELL,621,246.86,Equity
12182,8,2025-07-25,BUY,1194,67.08,Equity
12183,8,2025-07-25,BUY,4104,67.21,Equity
12184,1,2025-07-25,BUY,4698,358.51,Equity
12185,15,2025-07-25,SELL,2372,282.38,Currency
12186,3,2025-07-28,SELL,729,166.16,Equity
12187,5,2025-07-28,SELL,4271,654.1,Equity
12188,10,2025-07-28,SELL,827,79.71,Equity
12189,6,2025-07-28,SELL,1324,243.52,Equity
12190,9,2025-07-28,SELL,558,253.23,Equity
12191,11,2025-07-28,SELL,4819,115.58,ETF
12192,7,2025-07-28,SELL,2975,293.48,Equity
12193,12,2025-07-28,BUY,3879,214.99,Bond
12194,5,2025-07-28,BUY,1916,657.19,Equity
12195,3,2025-07-28,BUY,4478,166.51,Equity
12196,6,2025-07-28,SELL,2805,244.02,Equity
12197,7,2025-07-28,SELL,1633,294.17,Equity
12198,7,2025-07-28,BUY,4330,294.15,Equity
12199,15,2025-07-28,BUY,2588,283.64,Currency
12200,5,2025-07-28,BUY,3942,656.84,Equity
12201,12,2025-07-28,SELL,4664,215.64,Bond
12202,14,2025-07-28,BUY,2875,67.41,Commodity
12203,9,2025-07-28,BUY,4120,253.36,Equity
12204,10,2025-07-28,SELL,4032,79.56,Equity
12205,7,2025-07-28,BUY,3969,293.72,Equity
12206,8,2025-07-28,BUY,2157,66.64,Equity
12207,7,2025-07-28,BUY,2629,294.5,Equity
12208,10,2025-07-28,BUY,1496,79.41,Equity
12209,7,2025-07-28,BUY,1849,294.19,Equity
12210,11,2025-07-28,BUY,3337,116.01,ETF
12211,5,2025-07-28,BUY,1416,656.51,Equity
12212,10,2025-07-28,SELL,1795,79.59,Equity
12213,7,2025-07-28,BUY,2394,293.41,Equity
12214,12,2025-07-28,BUY,4952,215.9,Bond
12215,5,2025-07-28,BUY,1401,656.65,Equity
12216,10,2025-07-28,SELL,2359,79.83,Equity
12217,1,2025-07-28,BUY,2113,368.2,Equity
12218,14,2025-07-28,BUY,726,67.25,Commodity
12219,3,2025-07-28,SELL,2538,166.52,Equity
12220,10,2025-07-28,BUY,4541,79.72,Equity
12221,3,2025-07-29,BUY,3734,166.43,Equity
12222,5,2025-07-29,SELL,2943,644.45,Equity
12223,9,2025-07-29,SELL,3965,245.92,Equity
12224,10,2025-07-29,BUY,805,79.16,Equity
12225,2,2025-07-29,SELL,559,32.57,Equity
12226,3,2025-07-29,BUY,499,166.25,Equity
12227,3,2025-07-29,BUY,3835,166.29,Equity
12228,3,2025-07-29,BUY,129,166.76,Equity
12229,5,2025-07-29,SELL,3130,644.98,Equity
12230,6,2025-07-29,BUY,4001,243.43,Equity
12231,14,2025-07-29,SELL,3316,67.3,Commodity
12232,12,2025-07-29,BUY,1037,212.87,Bond
12233,2,2025-07-29,SELL,674,32.49,Equity
12234,8,2025-07-29,BUY,3513,67.89,Equity
12235,6,2025-07-29,BUY,3251,243.63,Equity
12236,7,2025-07-29,BUY,2526,292.39,Equity
12237,13,2025-07-29,BUY,812,47.01,Commodity
12238,8,2025-07-29,SELL,4689,67.75,Equity
12239,4,2025-07-29,BUY,930,130.18,Equity
12240,9,2025-07-29,BUY,4997,246.86,Equity
12241,14,2025-07-29,BUY,4658,67.1,Commodity
12242,8,2025-07-29,BUY,3366,67.79,Equity
12243,2,2025-07-29,BUY,384,32.61,Equity
12244,13,2025-07-29,SELL,17,47.16,Commodity
12245,8,2025-07-29,SELL,2263,67.65,Equity
12246,14,2025-07-29,SELL,1566,67.18,Commodity
12247,14,2025-07-29,SELL,1962,67.2,Commodity
12248,13,2025-07-29,BUY,4020,46.91,Commodity
12249,11,2025-07-29,BUY,3432,114.91,ETF
12250,13,2025-07-29,BUY,472,47.15,Commodity
12251,2,2025-07-29,BUY,2731,32.63,Equity
12252,5,2025-07-29,SELL,4757,644.81,Equity
12253,5,2025-07-29,SELL,932,642.1,Equity
12254,14,2025-07-29,BUY,1990,67.33,Commodity
12255,6,2025-07-29,SELL,2639,243.07,Equity
12256,8,2025-07-29,BUY,2703,67.89,Equity
12257,12,2025-07-30,SELL,3734,212.52,Bond
12258,3,2025-07-30,SELL,4590,163.25,Equity
12259,12,2025-07-30,BUY,935,211.84,Bond
12260,7,2025-07-30,BUY,1306,278.78,Equity
12261,11,2025-07-30,BUY,2310,114.78,ETF
12262,1,2025-07-30,BUY,823,360.04,Equity
12263,1,2025-07-30,SELL,3503,360.69,Equity
12264,8,2025-07-30,SELL,4697,67.64,Equity
12265,7,2025-07-30,SELL,4673,278.9,Equity
12266,9,2025-07-30,SELL,4201,254.94,Equity
12267,13,2025-07-30,SELL,4598,48.22,Commodity
12268,11,2025-07-30,BUY,4488,114.74,ETF
12269,9,2025-07-30,SELL,3151,254.82,Equity
12270,13,2025-07-30,BUY,3606,48.1,Commodity
12271,6,2025-07-30,BUY,4132,249.54,Equity
12272,5,2025-07-30,SELL,2051,643.17,Equity
12273,13,2025-07-30,BUY,4497,48.31,Commodity
12274,6,2025-07-30,SELL,4854,248.6,Equity
12275,4,2025-07-30,BUY,4852,132.85,Equity
12276,11,2025-07-30,BUY,4308,114.72,ETF
12277,9,2025-07-30,SELL,1417,254.53,Equity
12278,4,2025-07-30,BUY,790,132.18,Equity
12279,9,2025-07-30,BUY,1606,255.23,Equity
12280,11,2025-07-30,SELL,2756,114.69,ETF
12281,14,2025-07-30,BUY,3186,65.43,Commodity
12282,15,2025-07-30,SELL,3323,284.88,Currency
12283,11,2025-07-30,SELL,4075,114.89,ETF
12284,9,2025-07-30,SELL,1095,254.43,Equity
12285,13,2025-07-30,BUY,2523,48.24,Commodity
12286,1,2025-07-30,SELL,3323,360.58,Equity
12287,4,2025-07-30,BUY,1076,132.39,Equity
12288,2,2025-07-30,SELL,48,32.38,Equity
12289,3,2025-07-30,BUY,1707,163.5,Equity
12290,12,2025-07-30,SELL,4778,212.24,Bond
12291,5,2025-07-30,SELL,485,643.25,Equity
12292,13,2025-07-30,SELL,4841,48.17,Commodity
12293,12,2025-07-30,BUY,1086,211.77,Bond
12294,15,2025-07-30,SELL,3801,285.34,Currency
12295,11,2025-07-30,SELL,1320,114.75,ETF
12296,6,2025-07-30,SELL,4634,249.83,Equity
12297,8,2025-07-31,SELL,990,67.76,Equity
12298,11,2025-07-31,BUY,3982,116.01,ETF
12299,3,2025-07-31,SELL,1372,163.53,Equity
12300,2,2025-07-31,SELL,520,32.89,Equity
12301,11,2025-07-31,BUY,3587,115.93,ETF
12302,1,2025-07-31,BUY,2372,361.12,Equity
12303,12,2025-07-31,BUY,2644,211.82,Bond
12304,1,2025-07-31,SELL,3525,361.39,Equity
12305,7,2025-07-31,SELL,2330,273.19,Equity
12306,13,2025-07-31,SELL,4831,47.31,Commodity
12307,13,2025-07-31,SELL,227,47.37,Commodity
12308,11,2025-07-31,BUY,997,115.88,ETF
12309,4,2025-07-31,BUY,3644,131.17,Equity
12310,11,2025-07-31,BUY,1926,115.56,ETF
12311,7,2025-07-31,SELL,1354,274.16,Equity
12312,8,2025-07-31,BUY,1529,67.97,Equity
12313,13,2025-07-31,SELL,4336,47.36,Commodity
12314,6,2025-07-31,SELL,2679,251.96,Equity
12315,1,2025-07-31,BUY,1610,359.81,Equity
12316,1,2025-07-31,SELL,4020,361.04,Equity
12317,12,2025-07-31,BUY,3845,211.54,Bond
12318,12,2025-07-31,SELL,341,211.62,Bond
12319,1,2025-07-31,SELL,924,359.76,Equity
12320,14,2025-07-31,SELL,4075,64.32,Commodity
12321,10,2025-07-31,BUY,482,77.86,Equity
12322,5,2025-07-31,SELL,358,630.6,Equity
12323,14,2025-07-31,BUY,925,64.2,Commodity
12324,10,2025-07-31,BUY,3655,77.88,Equity
12325,7,2025-07-31,SELL,3784,273.67,Equity
12326,13,2025-07-31,SELL,1426,47.45,Commodity
12327,11,2025-07-31,BUY,4018,115.64,ETF
12328,4,2025-07-31,BUY,337,130.79,Equity
12329,3,2025-07-31,BUY,12,163.52,Equity
12330,9,2025-07-31,SELL,747,262.99,Equity
12331,2,2025-07-31,BUY,3309,32.75,Equity
12332,12,2025-08-01,SELL,1066,211.49,Bond
12333,2,2025-08-01,SELL,2389,32.82,Equity
12334,13,2025-08-01,BUY,168,48.74,Commodity
12335,3,2025-08-01,SELL,4292,165.99,Equity
12336,12,2025-08-01,BUY,1544,210.93,Bond
12337,5,2025-08-01,SELL,4402,629.91,Equity
12338,13,2025-08-01,SELL,1676,48.74,Commodity
12339,8,2025-08-01,BUY,3506,68.45,Equity
12340,15,2025-08-01,BUY,2880,282.58,Currency
12341,15,2025-08-01,SELL,3361,282.31,Currency
12342,11,2025-08-01,BUY,4761,117.0,ETF
12343,15,2025-08-01,BUY,630,281.79,Currency
12344,9,2025-08-01,SELL,2515,260.28,Equity
12345,2,2025-08-01,SELL,2359,32.76,Equity
12346,15,2025-08-01,BUY,4810,282.12,Currency
12347,9,2025-08-01,BUY,4016,261.2,Equity
12348,4,2025-08-01,BUY,2579,127.69,Equity
12349,5,2025-08-01,BUY,4021,629.28,Equity
12350,7,2025-08-01,SELL,819,275.11,Equity
12351,10,2025-08-01,BUY,1594,80.93,Equity
12352,1,2025-08-01,SELL,4297,363.75,Equity
12353,13,2025-08-01,SELL,2156,48.68,Commodity
12354,15,2025-08-01,SELL,4231,281.57,Currency
12355,9,2025-08-01,BUY,3789,260.72,Equity
12356,5,2025-08-01,BUY,1611,629.04,Equity
12357,7,2025-08-01,BUY,4619,273.47,Equity
12358,10,2025-08-01,BUY,2459,81.19,Equity
12359,3,2025-08-01,BUY,97,166.48,Equity
12360,1,2025-08-01,BUY,1130,363.83,Equity
12361,4,2025-08-01,SELL,4392,127.7,Equity
12362,1,2025-08-01,SELL,3331,364.04,Equity
12363,13,2025-08-01,BUY,1738,48.73,Commodity
12364,15,2025-08-01,BUY,3448,282.13,Currency
12365,3,2025-08-01,SELL,3383,166.66,Equity
12366,1,2025-08-01,SELL,3060,365.12,Equity
12367,5,2025-08-01,BUY,2580,627.48,Equity
12368,6,2025-08-04,BUY,1151,257.4,Equity
12369,8,2025-08-04,BUY,2617,68.14,Equity
12370,5,2025-08-04,SELL,2757,640.91,Equity
12371,15,2025-08-04,SELL,66,281.54,Currency
12372,5,2025-08-04,BUY,3949,639.38,Equity
12373,1,2025-08-04,BUY,3957,354.8,Equity
12374,9,2025-08-04,SELL,4721,264.66,Equity
12375,15,2025-08-04,BUY,2163,282.71,Currency
12376,11,2025-08-04,SELL,2995,116.42,ETF
12377,4,2025-08-04,SELL,3534,125.54,Equity
12378,5,2025-08-04,BUY,209,642.87,Equity
12379,11,2025-08-04,BUY,2672,116.63,ETF
12380,10,2025-08-04,BUY,2811,81.59,Equity
12381,4,2025-08-04,BUY,911,125.57,Equity
12382,12,2025-08-04,SELL,1611,211.63,Bond
12383,1,2025-08-04,SELL,13,355.07,Equity
12384,3,2025-08-04,SELL,2860,167.98,Equity
12385,2,2025-08-04,SELL,705,33.22,Equity
12386,5,2025-08-04,SELL,2615,639.56,Equity
12387,15,2025-08-04,BUY,648,281.6,Currency
12388,15,2025-08-04,BUY,4124,282.05,Currency
12389,1,2025-08-04,BUY,274,354.39,Equity
12390,9,2025-08-04,BUY,1545,264.27,Equity
12391,6,2025-08-04,BUY,2270,257.47,Equity
12392,12,2025-08-04,SELL,4253,211.43,Bond
12393,6,2025-08-04,SELL,3829,257.57,Equity
12394,12,2025-08-04,SELL,1789,211.1,Bond
12395,4,2025-08-04,BUY,1485,125.51,Equity
12396,12,2025-08-04,BUY,1849,210.77,Bond
12397,14,2025-08-04,SELL,3258,65.25,Commodity
12398,9,2025-08-04,BUY,4105,264.57,Equity
12399,12,2025-08-04,BUY,1040,210.75,Bond
12400,6,2025-08-05,SELL,674,257.96,Equity
12401,5,2025-08-05,BUY,4233,641.19,Equity
12402,14,2025-08-05,SELL,4062,63.87,Commodity
12403,8,2025-08-05,SELL,1250,69.93,Equity
12404,10,2025-08-05,SELL,4939,81.24,Equity
12405,13,2025-08-05,SELL,1869,48.97,Commodity
12406,3,2025-08-05,BUY,575,163.23,Equity
12407,14,2025-08-05,BUY,933,63.52,Commodity
12408,5,2025-08-05,BUY,2034,639.55,Equity
12409,13,2025-08-05,BUY,4570,48.93,Commodity
12410,13,2025-08-05,SELL,1201,49.11,Commodity
12411,15,2025-08-05,SELL,503,280.62,Currency
12412,14,2025-08-05,BUY,2493,63.64,Commodity
12413,4,2025-08-05,BUY,3721,122.82,Equity
12414,1,2025-08-05,BUY,2039,354.59,Equity
12415,8,2025-08-05,BUY,4857,70.12,Equity
12416,7,2025-08-05,BUY,3577,274.38,Equity
12417,7,2025-08-05,BUY,3623,274.33,Equity
12418,12,2025-08-05,BUY,150,210.59,Bond
12419,8,2025-08-05,SELL,2736,69.86,Equity
12420,12,2025-08-05,BUY,1090,210.65,Bond
12421,2,2025-08-05,SELL,2540,32.89,Equity
12422,9,2025-08-05,BUY,2008,263.74,Equity
12423,5,2025-08-05,BUY,239,640.18,Equity
12424,12,2025-08-05,BUY,648,211.15,Bond
12425,9,2025-08-05,BUY,138,263.87,Equity
12426,2,2025-08-05,BUY,2872,32.9,Equity
12427,3,2025-08-05,SELL,2042,163.3,Equity
12428,3,2025-08-05,BUY,2522,163.04,Equity
12429,11,2025-08-05,SELL,4945,118.28,ETF
12430,14,2025-08-05,SELL,2026,63.75,Commodity
12431,12,2025-08-05,SELL,2762,210.79,Bond
12432,6,2025-08-06,BUY,562,256.18,Equity
12433,11,2025-08-06,BUY,4490,118.43,ETF
12434,6,2025-08-06,SELL,2430,256.15,Equity
12435,9,2025-08-06,SELL,1943,256.85,Equity
12436,8,2025-08-06,BUY,4209,71.06,Equity
12437,10,2025-08-06,SELL,295,84.33,Equity
12438,1,2025-08-06,BUY,400,360.84,Equity
12439,10,2025-08-06,SELL,2680,84.22,Equity
12440,14,2025-08-06,SELL,3405,62.42,Commodity
12441,12,2025-08-06,BUY,1432,210.67,Bond
12442,14,2025-08-06,BUY,3963,62.48,Commodity
12443,5,2025-08-06,BUY,4316,645.47,Equity
12444,3,2025-08-06,SELL,1796,164.93,Equity
12445,12,2025-08-06,BUY,2124,210.99,Bond
12446,15,2025-08-06,SELL,4467,281.57,Currency
12447,10,2025-08-06,SELL,4184,84.23,Equity
12448,9,2025-08-06,SELL,4855,256.65,Equity
12449,5,2025-08-06,BUY,2296,643.95,Equity
12450,15,2025-08-06,SELL,1085,281.51,Currency
12451,8,2025-08-06,SELL,1620,70.97,Equity
12452,4,2025-08-06,SELL,2985,122.2,Equity
12453,7,2025-08-06,BUY,4823,274.08,Equity
12454,9,2025-08-06,BUY,3178,256.75,Equity
12455,5,2025-08-06,BUY,2816,644.27,Equity
12456,14,2025-08-06,SELL,3605,62.44,Commodity
12457,3,2025-08-06,SELL,4023,164.42,Equity
12458,3,2025-08-06,SELL,4119,164.17,Equity
12459,5,2025-08-06,BUY,4516,642.68,Equity
12460,5,2025-08-06,SELL,2979,643.03,Equity
12461,14,2025-08-06,SELL,1416,62.49,Commodity
12462,3,2025-08-06,BUY,464,164.61,Equity
12463,10,2025-08-07,SELL,4983,83.16,Equity
12464,9,2025-08-07,BUY,4103,253.84,Equity
12465,8,2025-08-07,SELL,574,72.19,Equity
12466,2,2025-08-07,SELL,4350,33.25,Equity
12467,12,2025-08-07,BUY,1220,210.3,Bond
12468,10,2025-08-07,BUY,2972,83.19,Equity
12469,6,2025-08-07,SELL,4846,254.14,Equity
12470,6,2025-08-07,SELL,1578,254.4,Equity
12471,12,2025-08-07,SELL,3798,210.27,Bond
12472,10,2025-08-07,SELL,1887,83.24,Equity
12473,4,2025-08-07,BUY,761,125.16,Equity
12474,14,2025-08-07,BUY,4201,64.53,Commodity
12475,1,2025-08-07,BUY,4600,369.59,Equity
12476,13,2025-08-07,BUY,1924,48.28,Commodity
12477,11,2025-08-07,BUY,2975,113.13,ETF
12478,1,2025-08-07,SELL,1596,368.6,Equity
12479,3,2025-08-07,SELL,2037,167.43,Equity
12480,1,2025-08-07,SELL,4408,369.09,Equity
12481,3,2025-08-07,BUY,3697,167.98,Equity
12482,8,2025-08-07,BUY,499,72.16,Equity
12483,14,2025-08-07,SELL,3962,64.55,Commodity
12484,11,2025-08-07,BUY,3892,112.99,ETF
12485,5,2025-08-07,BUY,4701,659.23,Equity
12486,8,2025-08-07,BUY,1372,72.21,Equity
12487,13,2025-08-07,SELL,2681,48.07,Commodity
12488,9,2025-08-07,BUY,4189,253.56,Equity
12489,1,2025-08-07,SELL,4340,368.57,Equity
12490,6,2025-08-07,BUY,4326,254.86,Equity
12491,9,2025-08-07,SELL,1248,253.79,Equity
12492,13,2025-08-07,SELL,870,48.21,Commodity
12493,13,2025-08-07,SELL,4762,48.3,Commodity
12494,12,2025-08-07,BUY,3282,209.76,Bond
12495,8,2025-08-07,SELL,2827,72.08,Equity
12496,13,2025-08-07,BUY,712,48.18,Commodity
12497,12,2025-08-07,SELL,3256,209.3,Bond
12498,8,2025-08-07,SELL,4704,72.33,Equity
12499,10,2025-08-07,SELL,771,83.19,Equity
12500,2,2025-08-07,SELL,665,33.34,Equity
12501,1,2025-08-07,BUY,3600,368.79,Equity
12502,4,2025-08-08,BUY,4844,124.84,Equity
12503,2,2025-08-08,SELL,4004,33.53,Equity
12504,1,2025-08-08,SELL,2947,362.71,Equity
12505,15,2025-08-08,BUY,4835,283.18,Currency
12506,5,2025-08-08,BUY,3999,649.37,Equity
12507,14,2025-08-08,SELL,2385,65.52,Commodity
12508,8,2025-08-08,SELL,3119,71.66,Equity
12509,13,2025-08-08,SELL,1204,48.29,Commodity
12510,10,2025-08-08,SELL,3104,82.39,Equity
12511,5,2025-08-08,SELL,505,649.86,Equity
12512,8,2025-08-08,BUY,938,71.95,Equity
12513,2,2025-08-08,SELL,2206,33.63,Equity
12514,3,2025-08-08,BUY,223,169.79,Equity
12515,1,2025-08-08,BUY,748,363.25,Equity
12516,5,2025-08-08,SELL,1727,649.63,Equity
12517,2,2025-08-08,BUY,2673,33.53,Equity
12518,6,2025-08-08,BUY,2433,248.34,Equity
12519,9,2025-08-08,SELL,4556,259.41,Equity
12520,10,2025-08-08,BUY,4270,82.55,Equity
12521,11,2025-08-08,BUY,2747,113.38,ETF
12522,3,2025-08-08,SELL,3293,169.82,Equity
12523,5,2025-08-08,SELL,344,648.87,Equity
12524,11,2025-08-08,SELL,3684,112.79,ETF
12525,6,2025-08-08,BUY,4475,249.81,Equity
12526,12,2025-08-08,BUY,3507,210.65,Bond
12527,12,2025-08-08,SELL,3706,210.36,Bond
12528,14,2025-08-08,BUY,4907,65.6,Commodity
12529,3,2025-08-08,BUY,82,170.2,Equity
12530,7,2025-08-08,SELL,4169,264.97,Equity
12531,3,2025-08-08,SELL,524,170.11,Equity
12532,5,2025-08-08,BUY,2187,649.59,Equity
12533,10,2025-08-08,BUY,2935,82.29,Equity
12534,5,2025-08-08,SELL,87,649.45,Equity
12535,12,2025-08-08,BUY,783,210.72,Bond
12536,6,2025-08-08,BUY,1827,249.4,Equity
12537,2,2025-08-08,BUY,4033,33.64,Equity
12538,6,2025-08-08,BUY,2452,248.6,Equity
12539,6,2025-08-08,BUY,1225,249.64,Equity
12540,13,2025-08-08,BUY,3119,48.43,Commodity
12541,9,2025-08-08,SELL,2203,259.16,Equity
12542,4,2025-08-11,BUY,984,125.21,Equity
12543,6,2025-08-11,BUY,4735,245.06,Equity
12544,12,2025-08-11,BUY,4068,212.48,Bond
12545,9,2025-08-11,BUY,4929,263.91,Equity
12546,11,2025-08-11,SELL,59,111.54,ETF
12547,6,2025-08-11,BUY,3083,244.09,Equity
12548,9,2025-08-11,SELL,756,264.35,Equity
12549,5,2025-08-11,SELL,2086,647.13,Equity
12550,4,2025-08-11,BUY,1625,125.41,Equity
12551,1,2025-08-11,SELL,2668,354.31,Equity
12552,2,2025-08-11,BUY,4398,33.35,Equity
12553,2,2025-08-11,SELL,482,33.43,Equity
12554,7,2025-08-11,SELL,2055,268.27,Equity
12555,10,2025-08-11,BUY,2403,82.6,Equity
12556,1,2025-08-11,SELL,4493,354.71,Equity
12557,3,2025-08-11,SELL,1807,167.68,Equity
12558,14,2025-08-11,BUY,3307,64.98,Commodity
12559,7,2025-08-11,BUY,520,268.72,Equity
12560,3,2025-08-11,SELL,4533,168.31,Equity
12561,15,2025-08-11,SELL,3142,286.26,Currency
12562,15,2025-08-11,BUY,2340,285.0,Currency
12563,13,2025-08-11,BUY,4252,48.77,Commodity
12564,14,2025-08-11,SELL,3567,65.35,Commodity
12565,2,2025-08-11,BUY,4018,33.39,Equity
12566,10,2025-08-11,SELL,1872,82.57,Equity
12567,8,2025-08-11,SELL,3786,73.06,Equity
12568,8,2025-08-12,SELL,2490,72.88,Equity
12569,4,2025-08-12,BUY,1370,128.24,Equity
12570,8,2025-08-12,SELL,3127,72.76,Equity
12571,1,2025-08-12,BUY,3724,349.81,Equity
12572,11,2025-08-12,SELL,3253,111.65,ETF
12573,5,2025-08-12,BUY,2527,650.32,Equity
12574,2,2025-08-12,BUY,456,32.39,Equity
12575,3,2025-08-12,SELL,149,169.68,Equity
12576,9,2025-08-12,SELL,1550,259.6,Equity
12577,12,2025-08-12,BUY,2680,211.61,Bond
12578,13,2025-08-12,BUY,113,47.97,Commodity
12579,12,2025-08-12,BUY,1658,212.46,Bond
12580,13,2025-08-12,BUY,3725,48.0,Commodity
12581,5,2025-08-12,SELL,4901,648.27,Equity
12582,8,2025-08-12,SELL,3855,72.79,Equity
12583,10,2025-08-12,BUY,4528,82.19,Equity
12584,9,2025-08-12,SELL,4275,259.98,Equity
12585,11,2025-08-12,SELL,1615,111.87,ETF
12586,14,2025-08-12,BUY,4653,65.41,Commodity
12587,6,2025-08-12,SELL,3423,243.09,Equity
12588,1,2025-08-12,BUY,2248,349.75,Equity
12589,3,2025-08-12,SELL,3356,169.76,Equity
12590,1,2025-08-12,BUY,3012,349.77,Equity
12591,7,2025-08-12,BUY,3566,269.59,Equity
12592,1,2025-08-12,BUY,3999,349.07,Equity
12593,10,2025-08-12,BUY,4873,82.34,Equity
12594,2,2025-08-12,BUY,205,32.38,Equity
12595,15,2025-08-12,SELL,4179,286.82,Currency
12596,15,2025-08-12,BUY,1328,286.38,Currency
12597,13,2025-08-12,SELL,3605,48.05,Commodity
12598,2,2025-08-12,SELL,3505,32.41,Equity
12599,12,2025-08-12,SELL,514,212.83,Bond
12600,13,2025-08-12,BUY,1097,47.99,Commodity
12601,13,2025-08-12,BUY,2047,48.06,Commodity
12602,2,2025-08-12,SELL,4065,32.39,Equity
12603,14,2025-08-12,BUY,2842,65.37,Commodity
12604,9,2025-08-12,SELL,1864,260.03,Equity
12605,7,2025-08-12,BUY,1528,270.29,Equity
12606,3,2025-08-12,BUY,591,170.17,Equity
12607,11,2025-08-13,SELL,404,111.88,ETF
12608,6,2025-08-13,SELL,4538,241.13,Equity
12609,8,2025-08-13,SELL,538,71.63,Equity
12610,7,2025-08-13,SELL,1056,268.67,Equity
12611,9,2025-08-13,SELL,4655,262.03,Equity
12612,6,2025-08-13,BUY,1184,241.72,Equity
12613,9,2025-08-13,SELL,3405,262.05,Equity
12614,1,2025-08-13,BUY,3404,342.13,Equity
12615,12,2025-08-13,SELL,877,210.95,Bond
12616,12,2025-08-13,SELL,3844,211.39,Bond
12617,14,2025-08-13,BUY,1119,67.07,Commodity
12618,5,2025-08-13,SELL,655,638.87,Equity
12619,15,2025-08-13,SELL,1068,287.21,Currency
12620,7,2025-08-13,SELL,1546,268.1,Equity
12621,7,2025-08-13,SELL,3716,269.02,Equity
12622,10,2025-08-13,SELL,2339,78.59,Equity
12623,12,2025-08-13,SELL,2918,211.47,Bond
12624,9,2025-08-13,BUY,2696,262.66,Equity
12625,5,2025-08-13,BUY,3847,641.06,Equity
12626,8,2025-08-13,BUY,4617,71.89,Equity
12627,11,2025-08-13,SELL,647,111.87,ETF
12628,8,2025-08-14,BUY,140,71.68,Equity
12629,9,2025-08-14,SELL,4478,271.18,Equity
12630,7,2025-08-14,SELL,4238,261.15,Equity
12631,4,2025-08-14,SELL,3317,123.42,Equity
12632,7,2025-08-14,BUY,615,260.61,Equity
12633,5,2025-08-14,BUY,2605,649.5,Equity
12634,4,2025-08-14,SELL,1475,123.22,Equity
12635,3,2025-08-14,SELL,1560,166.6,Equity
12636,7,2025-08-14,BUY,4352,260.26,Equity
12637,8,2025-08-14,BUY,1006,71.76,Equity
12638,4,2025-08-14,BUY,296,123.64,Equity
12639,1,2025-08-14,SELL,4189,352.49,Equity
12640,4,2025-08-14,SELL,4951,123.19,Equity
12641,5,2025-08-14,SELL,825,650.01,Equity
12642,13,2025-08-14,SELL,1769,45.21,Commodity
12643,12,2025-08-14,SELL,1268,211.45,Bond
12644,1,2025-08-14,BUY,1139,352.96,Equity
12645,4,2025-08-14,BUY,2115,123.1,Equity
12646,6,2025-08-14,BUY,2188,241.11,Equity
12647,2,2025-08-14,BUY,4371,32.58,Equity
12648,15,2025-08-14,BUY,4562,286.55,Currency
12649,8,2025-08-14,SELL,1236,72.06,Equity
12650,14,2025-08-14,BUY,3685,67.74,Commodity
12651,3,2025-08-14,SELL,2607,165.86,Equity
12652,9,2025-08-14,SELL,936,272.11,Equity
12653,2,2025-08-14,BUY,1044,32.58,Equity
12654,11,2025-08-14,BUY,1816,111.89,ETF
12655,5,2025-08-14,BUY,3699,649.37,Equity
12656,5,2025-08-14,BUY,3529,650.02,Equity
12657,7,2025-08-14,BUY,1418,261.51,Equity
12658,6,2025-08-14,BUY,2175,241.02,Equity
12659,6,2025-08-14,SELL,1971,241.66,Equity
12660,11,2025-08-14,SELL,4070,111.81,ETF
12661,8,2025-08-14,SELL,2001,71.72,Equity
12662,9,2025-08-15,SELL,3504,268.62,Equity
12663,3,2025-08-15,SELL,2147,167.26,Equity
12664,3,2025-08-15,SELL,2556,166.72,Equity
12665,15,2025-08-15,SELL,2878,285.6,Currency
12666,12,2025-08-15,SELL,3963,210.94,Bond
12667,4,2025-08-15,SELL,1144,120.94,Equity
12668,13,2025-08-15,BUY,1170,46.02,Commodity
12669,8,2025-08-15,BUY,2757,71.33,Equity
12670,2,2025-08-15,BUY,3621,32.45,Equity
12671,10,2025-08-15,BUY,1234,79.99,Equity
12672,14,2025-08-15,SELL,3360,68.12,Commodity
12673,14,2025-08-15,BUY,3853,68.28,Commodity
12674,8,2025-08-15,BUY,1525,71.43,Equity
12675,5,2025-08-15,SELL,2134,649.91,Equity
12676,14,2025-08-15,SELL,291,68.3,Commodity
12677,11,2025-08-15,SELL,4539,112.32,ETF
12678,3,2025-08-15,BUY,2263,167.29,Equity
12679,13,2025-08-15,BUY,1016,45.9,Commodity
12680,6,2025-08-15,SELL,2666,239.88,Equity
12681,2,2025-08-15,SELL,468,32.48,Equity
12682,8,2025-08-15,BUY,3177,71.3,Equity
12683,15,2025-08-15,SELL,148,286.41,Currency
12684,10,2025-08-15,SELL,4269,80.28,Equity
12685,12,2025-08-15,SELL,4719,211.13,Bond
12686,13,2025-08-15,BUY,4243,45.86,Commodity
12687,12,2025-08-15,BUY,4386,210.56,Bond
12688,13,2025-08-15,BUY,298,45.76,Commodity
12689,4,2025-08-18,BUY,3105,120.27,Equity
12690,11,2025-08-18,SELL,70,110.99,ETF
12691,5,2025-08-18,BUY,1371,635.82,Equity
12692,5,2025-08-18,BUY,3580,635.73,Equity
12693,7,2025-08-18,SELL,177,259.4,Equity
12694,14,2025-08-18,SELL,2080,69.22,Commodity
12695,7,2025-08-18,SELL,3148,258.44,Equity
12696,9,2025-08-18,SELL,3344,269.02,Equity
12697,1,2025-08-18,BUY,1681,356.17,Equity
12698,4,2025-08-18,SELL,3018,120.06,Equity
12699,8,2025-08-18,BUY,3787,71.42,Equity
12700,8,2025-08-18,SELL,2893,71.46,Equity
12701,2,2025-08-18,BUY,767,33.1,Equity
12702,8,2025-08-18,SELL,2761,71.29,Equity
12703,7,2025-08-18,SELL,4311,259.23,Equity
12704,11,2025-08-18,BUY,4834,111.17,ETF
12705,13,2025-08-18,SELL,1033,47.13,Commodity
12706,2,2025-08-18,BUY,4835,33.14,Equity
12707,5,2025-08-18,BUY,2358,632.73,Equity
12708,5,2025-08-18,BUY,3304,635.66,Equity
12709,11,2025-08-18,BUY,2667,111.44,ETF
12710,6,2025-08-18,BUY,4202,238.56,Equity
12711,2,2025-08-18,SELL,4147,33.15,Equity
12712,8,2025-08-18,SELL,1232,71.55,Equity
12713,9,2025-08-18,SELL,1851,269.39,Equity
12714,6,2025-08-18,BUY,638,237.33,Equity
12715,4,2025-08-18,SELL,1745,119.94,Equity
12716,4,2025-08-18,SELL,1102,119.91,Equity
12717,1,2025-08-19,BUY,4653,352.11,Equity
12718,2,2025-08-19,BUY,269,32.29,Equity
12719,12,2025-08-19,SELL,2001,209.7,Bond
12720,2,2025-08-19,SELL,3204,32.34,Equity
12721,6,2025-08-19,BUY,3717,240.94,Equity
12722,15,2025-08-19,SELL,423,281.76,Currency
12723,15,2025-08-19,BUY,4264,281.67,Currency
12724,7,2025-08-19,BUY,4902,256.07,Equity
12725,13,2025-08-19,SELL,1642,46.99,Commodity
12726,10,2025-08-19,BUY,2462,82.54,Equity
12727,14,2025-08-19,BUY,4585,68.18,Commodity
12728,4,2025-08-19,SELL,4374,113.3,Equity
12729,3,2025-08-19,SELL,3791,166.61,Equity
12730,11,2025-08-19,SELL,988,110.87,ETF
12731,6,2025-08-19,BUY,4212,241.88,Equity
12732,5,2025-08-19,SELL,4291,623.42,Equity
12733,2,2025-08-19,BUY,3364,32.31,Equity
12734,10,2025-08-19,BUY,1043,82.27,Equity
12735,4,2025-08-19,SELL,4455,113.45,Equity
12736,15,2025-08-19,BUY,854,283.25,Currency
12737,12,2025-08-19,BUY,4637,209.84,Bond
12738,8,2025-08-20,SELL,1201,73.04,Equity
12739,11,2025-08-20,BUY,1191,109.58,ETF
12740,15,2025-08-20,BUY,2309,281.86,Currency
12741,1,2025-08-20,BUY,4088,344.76,Equity
12742,2,2025-08-20,BUY,3483,32.01,Equity
12743,5,2025-08-20,BUY,1700,612.44,Equity
12744,4,2025-08-20,BUY,4984,115.94,Equity
12745,10,2025-08-20,BUY,3284,81.03,Equity
12746,10,2025-08-20,BUY,1863,81.24,Equity
12747,5,2025-08-20,BUY,118,612.46,Equity
12748,5,2025-08-20,BUY,3209,610.95,Equity
12749,2,2025-08-20,SELL,3830,32.01,Equity
12750,8,2025-08-20,BUY,170,72.73,Equity
12751,10,2025-08-20,BUY,3335,81.09,Equity
12752,7,2025-08-20,BUY,621,258.89,Equity
12753,12,2025-08-20,SELL,1744,210.94,Bond
12754,9,2025-08-20,SELL,3824,258.02,Equity
12755,4,2025-08-20,BUY,4722,116.1,Equity
12756,13,2025-08-20,BUY,1642,47.3,Commodity
12757,3,2025-08-20,BUY,4987,169.66,Equity
12758,7,2025-08-20,BUY,3192,259.85,Equity
12759,5,2025-08-20,BUY,4173,611.18,Equity
12760,2,2025-08-20,BUY,3577,31.9,Equity
12761,11,2025-08-20,SELL,1499,109.35,ETF
12762,11,2025-08-20,SELL,1688,109.38,ETF
12763,10,2025-08-20,SELL,1348,81.36,Equity
12764,7,2025-08-20,BUY,3045,259.73,Equity
12765,12,2025-08-20,BUY,2735,210.82,Bond
12766,12,2025-08-20,BUY,3754,210.71,Bond
12767,5,2025-08-20,BUY,3980,611.66,Equity
12768,7,2025-08-20,BUY,4648,259.57,Equity
12769,6,2025-08-20,SELL,2917,242.26,Equity
12770,12,2025-08-20,BUY,2617,210.16,Bond
12771,10,2025-08-20,SELL,577,81.17,Equity
12772,7,2025-08-20,SELL,1373,259.86,Equity
12773,13,2025-08-20,BUY,1506,47.23,Commodity
12774,9,2025-08-20,SELL,4362,259.02,Equity
12775,9,2025-08-20,SELL,3444,257.75,Equity
12776,14,2025-08-20,BUY,2598,67.31,Commodity
12777,14,2025-08-21,BUY,3889,67.87,Commodity
12778,13,2025-08-21,SELL,4900,47.17,Commodity
12779,15,2025-08-21,SELL,925,282.98,Currency
12780,2,2025-08-21,SELL,1288,31.94,Equity
12781,9,2025-08-21,SELL,4207,245.58,Equity
12782,3,2025-08-21,BUY,4266,171.1,Equity
12783,15,2025-08-21,SELL,2404,282.01,Currency
12784,1,2025-08-21,BUY,4329,336.0,Equity
12785,11,2025-08-21,BUY,3360,109.92,ETF
12786,8,2025-08-21,SELL,319,71.52,Equity
12787,6,2025-08-21,BUY,2107,245.46,Equity
12788,4,2025-08-21,BUY,4195,112.66,Equity
12789,10,2025-08-21,SELL,3858,80.19,Equity
12790,1,2025-08-21,SELL,2465,335.03,Equity
12791,5,2025-08-21,BUY,430,612.41,Equity
12792,3,2025-08-21,BUY,3835,171.62,Equity
12793,1,2025-08-21,BUY,4475,336.1,Equity
12794,12,2025-08-21,SELL,1850,210.39,Bond
12795,1,2025-08-21,SELL,1857,335.15,Equity
12796,5,2025-08-21,SELL,3205,612.89,Equity
12797,1,2025-08-21,SELL,2790,335.83,Equity
12798,1,2025-08-21,SELL,4400,335.96,Equity
12799,4,2025-08-21,SELL,4519,112.95,Equity
12800,10,2025-08-21,SELL,343,80.06,Equity
12801,6,2025-08-21,SELL,1153,245.63,Equity
12802,9,2025-08-21,SELL,4259,245.11,Equity
12803,13,2025-08-21,SELL,2882,46.9,Commodity
12804,8,2025-08-21,SELL,1871,71.45,Equity
12805,14,2025-08-21,SELL,188,67.9,Commodity
12806,13,2025-08-21,BUY,4373,46.92,Commodity
12807,10,2025-08-21,BUY,2709,80.5,Equity
12808,14,2025-08-21,BUY,3486,67.81,Commodity
12809,3,2025-08-21,SELL,4697,171.87,Equity
12810,1,2025-08-21,SELL,3683,334.63,Equity
12811,12,2025-08-21,SELL,3630,210.29,Bond
12812,9,2025-08-21,BUY,405,245.0,Equity
12813,9,2025-08-21,BUY,2015,244.27,Equity
12814,6,2025-08-22,SELL,833,248.06,Equity
12815,4,2025-08-22,BUY,3392,114.5,Equity
12816,10,2025-08-22,SELL,1289,79.78,Equity
12817,12,2025-08-22,BUY,4707,209.3,Bond
12818,9,2025-08-22,BUY,3303,239.2,Equity
12819,5,2025-08-22,BUY,2067,609.99,Equity
12820,10,2025-08-22,SELL,1316,80.05,Equity
12821,3,2025-08-22,SELL,85,171.47,Equity
12822,6,2025-08-22,BUY,1925,248.85,Equity
12823,6,2025-08-22,BUY,2458,248.7,Equity
12824,10,2025-08-22,SELL,885,80.03,Equity
12825,4,2025-08-22,SELL,3662,113.93,Equity
12826,9,2025-08-22,BUY,4260,239.21,Equity
12827,4,2025-08-22,BUY,1665,114.38,Equity
12828,15,2025-08-22,BUY,2859,281.05,Currency
12829,2,2025-08-22,SELL,2217,32.0,Equity
12830,15,2025-08-22,SELL,4445,281.96,Currency
12831,8,2025-08-22,BUY,4306,72.83,Equity
12832,13,2025-08-22,SELL,4007,46.25,Commodity
12833,1,2025-08-22,BUY,3122,324.84,Equity
12834,5,2025-08-22,BUY,2605,612.31,Equity
12835,7,2025-08-22,BUY,534,267.23,Equity
12836,1,2025-08-22,BUY,1941,324.98,Equity
12837,14,2025-08-22,BUY,906,66.54,Commodity
12838,6,2025-08-22,BUY,4261,249.51,Equity
12839,13,2025-08-22,SELL,4192,46.09,Commodity
12840,2,2025-08-22,BUY,2442,31.86,Equity
12841,4,2025-08-22,SELL,2754,114.41,Equity
12842,13,2025-08-22,SELL,3976,46.11,Commodity
12843,5,2025-08-22,BUY,2320,610.49,Equity
12844,13,2025-08-22,SELL,2355,46.1,Commodity
12845,6,2025-08-22,SELL,4602,249.4,Equity
12846,9,2025-08-22,SELL,4094,239.24,Equity
12847,13,2025-08-22,BUY,3175,46.2,Commodity
12848,5,2025-08-25,SELL,4102,607.51,Equity
12849,9,2025-08-25,SELL,1935,236.26,Equity
12850,13,2025-08-25,BUY,4712,44.24,Commodity
12851,6,2025-08-25,SELL,3030,249.48,Equity
12852,11,2025-08-25,SELL,2675,110.8,ETF
12853,14,2025-08-25,BUY,4090,68.0,Commodity
12854,14,2025-08-25,SELL,814,67.97,Commodity
12855,5,2025-08-25,BUY,4750,607.34,Equity
12856,3,2025-08-25,SELL,703,175.56,Equity
12857,3,2025-08-25,BUY,3824,175.63,Equity
12858,15,2025-08-25,BUY,318,282.98,Currency
12859,6,2025-08-25,BUY,2150,249.77,Equity
12860,8,2025-08-25,BUY,4641,75.22,Equity
12861,5,2025-08-25,BUY,2161,608.94,Equity
12862,8,2025-08-25,SELL,2668,74.95,Equity
12863,11,2025-08-25,BUY,2738,111.07,ETF
12864,13,2025-08-25,BUY,598,44.36,Commodity
12865,6,2025-08-25,SELL,607,250.0,Equity
12866,8,2025-08-25,SELL,719,75.12,Equity
12867,5,2025-08-25,SELL,4363,607.03,Equity
12868,15,2025-08-25,SELL,2091,283.81,Currency
12869,10,2025-08-25,SELL,3113,81.78,Equity
12870,2,2025-08-25,BUY,4223,32.41,Equity
12871,12,2025-08-25,SELL,2153,209.79,Bond
12872,13,2025-08-25,SELL,2550,44.36,Commodity
12873,3,2025-08-25,BUY,4108,175.73,Equity
12874,14,2025-08-25,SELL,4603,68.16,Commodity
12875,15,2025-08-26,SELL,899,286.1,Currency
12876,1,2025-08-26,SELL,4029,327.97,Equity
12877,9,2025-08-26,SELL,3899,240.8,Equity
12878,9,2025-08-26,SELL,3175,240.73,Equity
12879,3,2025-08-26,BUY,1484,180.74,Equity
12880,6,2025-08-26,BUY,1986,259.9,Equity
12881,11,2025-08-26,BUY,692,113.01,ETF
12882,10,2025-08-26,SELL,846,80.64,Equity
12883,12,2025-08-26,SELL,2133,210.54,Bond
12884,6,2025-08-26,SELL,977,259.45,Equity
12885,15,2025-08-26,SELL,158,285.45,Currency
12886,2,2025-08-26,SELL,2224,32.45,Equity
12887,12,2025-08-26,SELL,1663,211.56,Bond
12888,8,2025-08-26,SELL,2584,74.18,Equity
12889,10,2025-08-26,BUY,4593,80.85,Equity
12890,15,2025-08-26,BUY,2981,284.8,Currency
12891,8,2025-08-26,SELL,3721,74.14,Equity
12892,5,2025-08-26,SELL,2704,615.35,Equity
12893,11,2025-08-26,SELL,1852,113.29,ETF
12894,14,2025-08-26,SELL,3759,69.72,Commodity
12895,11,2025-08-26,BUY,2961,113.24,ETF
12896,13,2025-08-26,SELL,1470,44.59,Commodity
12897,4,2025-08-26,BUY,3213,119.87,Equity
12898,13,2025-08-26,BUY,1462,44.44,Commodity
12899,15,2025-08-26,BUY,4151,284.84,Currency
12900,7,2025-08-26,BUY,3077,268.21,Equity
12901,12,2025-08-26,BUY,1407,211.44,Bond
12902,9,2025-08-27,SELL,4497,241.62,Equity
12903,15,2025-08-27,SELL,131,286.38,Currency
12904,3,2025-08-27,BUY,558,180.09,Equity
12905,11,2025-08-27,SELL,2105,109.52,ETF
12906,14,2025-08-27,SELL,853,69.85,Commodity
12907,13,2025-08-27,BUY,3125,44.48,Commodity
12908,11,2025-08-27,SELL,2778,109.36,ETF
12909,9,2025-08-27,BUY,250,241.0,Equity
12910,2,2025-08-27,BUY,4792,32.15,Equity
12911,2,2025-08-27,SELL,2908,32.08,Equity
12912,13,2025-08-27,BUY,1206,44.64,Commodity
12913,10,2025-08-27,SELL,2184,83.13,Equity
12914,5,2025-08-27,SELL,3292,616.7,Equity
12915,10,2025-08-27,SELL,806,83.06,Equity
12916,15,2025-08-27,SELL,986,286.23,Currency
12917,4,2025-08-27,SELL,367,119.56,Equity
12918,4,2025-08-27,BUY,570,119.21,Equity
12919,12,2025-08-27,BUY,1069,212.83,Bond
12920,13,2025-08-27,SELL,604,44.64,Commodity
12921,7,2025-08-27,SELL,3332,266.31,Equity
12922,4,2025-08-27,SELL,4540,119.41,Equity
12923,6,2025-08-27,SELL,554,254.76,Equity
12924,7,2025-08-27,BUY,1031,265.6,Equity
12925,15,2025-08-27,SELL,3441,285.15,Currency
12926,10,2025-08-27,BUY,1701,83.13,Equity
12927,9,2025-08-27,BUY,2028,240.4,Equity
12928,5,2025-08-27,SELL,3968,616.93,Equity
12929,14,2025-08-27,SELL,4082,69.85,Commodity
12930,4,2025-08-27,SELL,4725,119.52,Equity
12931,9,2025-08-27,BUY,31,241.27,Equity
12932,5,2025-08-28,BUY,4214,600.7,Equity
12933,9,2025-08-28,SELL,973,246.55,Equity
12934,10,2025-08-28,SELL,4878,86.32,Equity
12935,9,2025-08-28,BUY,1731,247.26,Equity
12936,3,2025-08-28,BUY,1390,180.36,Equity
12937,6,2025-08-28,SELL,1607,250.93,Equity
12938,3,2025-08-28,BUY,1546,180.21,Equity
12939,4,2025-08-28,SELL,893,117.4,Equity
12940,4,2025-08-28,BUY,2830,117.23,Equity
12941,6,2025-08-28,SELL,1498,250.21,Equity
12942,9,2025-08-28,BUY,2403,246.09,Equity
12943,5,2025-08-28,SELL,3440,598.7,Equity
12944,5,2025-08-28,SELL,2024,599.28,Equity
12945,12,2025-08-28,BUY,1890,212.06,Bond
12946,7,2025-08-28,BUY,4501,258.0,Equity
12947,4,2025-08-28,BUY,2937,117.29,Equity
12948,8,2025-08-28,BUY,3643,77.37,Equity
12949,8,2025-08-28,SELL,3554,77.62,Equity
12950,3,2025-08-28,BUY,1583,180.41,Equity
12951,12,2025-08-28,SELL,515,212.56,Bond
12952,5,2025-08-28,SELL,4038,599.39,Equity
12953,6,2025-08-28,SELL,410,249.61,Equity
12954,15,2025-08-28,SELL,3393,285.39,Currency
12955,7,2025-08-28,BUY,3001,258.11,Equity
12956,10,2025-08-28,SELL,3343,85.95,Equity
12957,7,2025-08-28,BUY,4671,258.04,Equity
12958,10,2025-08-28,BUY,4633,86.36,Equity
12959,3,2025-08-28,BUY,36,180.6,Equity
12960,14,2025-08-28,BUY,4007,71.5,Commodity
12961,11,2025-08-28,BUY,957,108.4,ETF
12962,7,2025-08-28,SELL,4200,258.26,Equity
12963,9,2025-08-28,BUY,1294,246.25,Equity
12964,7,2025-08-28,BUY,2299,258.15,Equity
12965,2,2025-08-28,SELL,944,33.06,Equity
12966,11,2025-08-28,BUY,3246,107.93,ETF
12967,11,2025-08-28,SELL,3653,108.06,ETF
12968,1,2025-08-29,BUY,4275,314.64,Equity
12969,13,2025-08-29,SELL,4604,42.74,Commodity
12970,2,2025-08-29,SELL,141,33.52,Equity
12971,9,2025-08-29,SELL,518,252.66,Equity
12972,6,2025-08-29,BUY,3364,249.02,Equity
12973,6,2025-08-29,BUY,2337,248.31,Equity
12974,10,2025-08-29,SELL,3886,87.94,Equity
12975,6,2025-08-29,SELL,1477,248.29,Equity
12976,7,2025-08-29,SELL,3255,261.1,Equity
12977,2,2025-08-29,SELL,2953,33.46,Equity
12978,13,2025-08-29,BUY,432,42.89,Commodity
12979,8,2025-08-29,SELL,2850,77.43,Equity
12980,8,2025-08-29,SELL,1724,77.57,Equity
12981,9,2025-08-29,BUY,4314,253.61,Equity
12982,5,2025-08-29,BUY,112,595.83,Equity
12983,7,2025-08-29,BUY,4622,261.17,Equity
12984,5,2025-08-29,SELL,1826,594.25,Equity
12985,3,2025-08-29,BUY,4052,180.96,Equity
12986,9,2025-08-29,SELL,739,253.08,Equity
12987,11,2025-08-29,SELL,3381,107.55,ETF
12988,2,2025-08-29,SELL,2985,33.48,Equity
12989,15,2025-08-29,BUY,706,284.09,Currency
12990,7,2025-08-29,SELL,1654,261.8,Equity
12991,10,2025-08-29,SELL,1526,87.95,Equity
12992,11,2025-08-29,SELL,3119,107.16,ETF
12993,4,2025-08-29,BUY,1208,118.88,Equity
12994,3,2025-08-29,SELL,3075,180.9,Equity
12995,5,2025-08-29,BUY,789,596.74,Equity
12996,6,2025-08-29,SELL,3614,248.5,Equity
12997,7,2025-08-29,SELL,2925,261.25,Equity
12998,1,2025-08-29,SELL,1471,314.27,Equity
12999,7,2025-08-29,SELL,4719,261.95,Equity
13000,15,2025-09-01,BUY,3662,284.72,Currency
13001,11,2025-09-01,BUY,779,108.34,ETF
13002,13,2025-09-01,SELL,3792,42.69,Commodity
13003,13,2025-09-01,SELL,3698,42.75,Commodity
13004,7,2025-09-01,BUY,526,259.63,Equity
13005,14,2025-09-01,BUY,4345,69.44,Commodity
13006,11,2025-09-01,SELL,1964,108.32,ETF
13007,1,2025-09-01,BUY,64,310.69,Equity
13008,7,2025-09-01,BUY,4506,259.5,Equity
13009,11,2025-09-01,SELL,419,108.43,ETF
13010,14,2025-09-01,SELL,40,69.69,Commodity
13011,14,2025-09-01,SELL,2876,69.74,Commodity
13012,8,2025-09-01,BUY,3561,78.17,Equity
13013,15,2025-09-01,SELL,801,285.32,Currency
13014,9,2025-09-01,SELL,1447,248.33,Equity
13015,4,2025-09-01,SELL,4221,122.62,Equity
13016,2,2025-09-01,SELL,4354,33.89,Equity
13017,2,2025-09-01,BUY,4424,34.01,Equity
13018,3,2025-09-01,SELL,2640,179.22,Equity
13019,6,2025-09-01,SELL,2946,244.44,Equity
13020,12,2025-09-01,SELL,4899,211.37,Bond
13021,9,2025-09-01,BUY,1634,249.11,Equity
13022,5,2025-09-01,SELL,4353,579.38,Equity
13023,11,2025-09-01,SELL,4357,108.14,ETF
13024,1,2025-09-02,SELL,3742,319.71,Equity
13025,8,2025-09-02,SELL,3736,78.92,Equity
13026,4,2025-09-02,SELL,3306,121.6,Equity
13027,4,2025-09-02,BUY,3032,121.59,Equity
13028,14,2025-09-02,BUY,2992,70.12,Commodity
13029,9,2025-09-02,BUY,1087,251.63,Equity
13030,10,2025-09-02,BUY,2722,92.26,Equity
13031,7,2025-09-02,BUY,4393,254.14,Equity
13032,7,2025-09-02,SELL,1533,255.15,Equity
13033,8,2025-09-02,SELL,3277,79.12,Equity
13034,5,2025-09-02,BUY,54,577.03,Equity
13035,1,2025-09-02,BUY,1107,318.8,Equity
13036,12,2025-09-02,SELL,2234,211.58,Bond
13037,3,2025-09-02,BUY,3995,179.7,Equity
13038,14,2025-09-02,BUY,200,69.97,Commodity
13039,12,2025-09-02,SELL,174,211.6,Bond
13040,9,2025-09-02,BUY,2784,251.53,Equity
13041,8,2025-09-02,SELL,4731,79.09,Equity
13042,6,2025-09-02,BUY,3246,244.59,Equity
13043,3,2025-09-02,SELL,2550,179.38,Equity
13044,15,2025-09-02,BUY,3142,285.16,Currency
13045,14,2025-09-02,SELL,3846,69.94,Commodity
13046,10,2025-09-02,SELL,4838,92.69,Equity
13047,10,2025-09-02,BUY,1750,92.29,Equity
13048,4,2025-09-02,SELL,4590,121.54,Equity
13049,6,2025-09-02,BUY,165,243.15,Equity
13050,13,2025-09-02,SELL,4668,43.12,Commodity
13051,7,2025-09-02,BUY,2904,254.42,Equity
13052,9,2025-09-03,BUY,1443,249.28,Equity
13053,15,2025-09-03,BUY,3502,286.21,Currency
13054,10,2025-09-03,SELL,2597,91.64,Equity
13055,7,2025-09-03,SELL,1418,246.57,Equity
13056,5,2025-09-03,BUY,3683,580.67,Equity
13057,8,2025-09-03,BUY,2605,77.89,Equity
13058,8,2025-09-03,BUY,4078,77.77,Equity
13059,4,2025-09-03,SELL,1159,121.13,Equity
13060,3,2025-09-03,BUY,3827,175.53,Equity
13061,15,2025-09-03,BUY,4963,286.51,Currency
13062,11,2025-09-03,BUY,2216,107.7,ETF
13063,15,2025-09-03,SELL,4972,285.44,Currency
13064,7,2025-09-03,BUY,1162,246.46,Equity
13065,8,2025-09-03,BUY,3111,77.47,Equity
13066,15,2025-09-03,SELL,260,285.97,Currency
13067,6,2025-09-03,BUY,1047,243.24,Equity
13068,4,2025-09-03,BUY,4660,120.9,Equity
13069,13,2025-09-03,BUY,1283,43.36,Commodity
13070,4,2025-09-03,SELL,1188,120.68,Equity
13071,5,2025-09-03,SELL,3635,580.92,Equity
13072,11,2025-09-03,BUY,1210,107.67,ETF
13073,10,2025-09-03,SELL,3966,91.84,Equity
13074,11,2025-09-03,BUY,3554,107.83,ETF
13075,7,2025-09-03,SELL,2999,247.19,Equity
13076,14,2025-09-03,BUY,2950,70.92,Commodity
13077,9,2025-09-03,SELL,1951,249.24,Equity
13078,5,2025-09-03,SELL,2008,579.95,Equity
13079,5,2025-09-03,BUY,2265,579.14,Equity
13080,13,2025-09-03,SELL,1311,43.31,Commodity
13081,4,2025-09-03,SELL,4603,120.53,Equity
13082,6,2025-09-03,BUY,2031,242.62,Equity
13083,15,2025-09-03,SELL,2421,286.59,Currency
13084,13,2025-09-03,SELL,4400,43.49,Commodity
13085,14,2025-09-03,SELL,1412,70.76,Commodity
13086,11,2025-09-03,SELL,2816,107.84,ETF
13087,14,2025-09-03,BUY,4420,70.96,Commodity
13088,11,2025-09-03,SELL,1531,107.55,ETF
13089,10,2025-09-03,SELL,3751,91.93,Equity
13090,6,2025-09-04,SELL,3230,245.84,Equity
13091,1,2025-09-04,BUY,2331,321.37,Equity
13092,14,2025-09-04,BUY,888,68.22,Commodity
13093,5,2025-09-04,BUY,1477,583.68,Equity
13094,6,2025-09-04,SELL,4318,245.87,Equity
13095,4,2025-09-04,SELL,1354,119.58,Equity
13096,2,2025-09-04,SELL,4554,34.02,Equity
13097,8,2025-09-04,SELL,2444,76.67,Equity
13098,6,2025-09-04,BUY,3009,245.7,Equity
13099,12,2025-09-04,BUY,4570,209.84,Bond
13100,7,2025-09-04,BUY,3905,244.64,Equity
13101,6,2025-09-04,BUY,4653,245.86,Equity
13102,8,2025-09-04,SELL,2743,76.77,Equity
13103,3,2025-09-04,BUY,4652,176.99,Equity
13104,8,2025-09-04,BUY,181,76.96,Equity
13105,2,2025-09-04,SELL,1307,34.02,Equity
13106,6,2025-09-04,SELL,1120,245.67,Equity
13107,10,2025-09-04,BUY,4851,93.07,Equity
13108,3,2025-09-04,SELL,4685,177.22,Equity
13109,13,2025-09-04,BUY,3671,43.63,Commodity
13110,15,2025-09-04,BUY,867,285.39,Currency
13111,3,2025-09-04,BUY,2036,177.41,Equity
13112,14,2025-09-04,BUY,902,68.02,Commodity
13113,4,2025-09-04,SELL,2152,119.55,Equity
13114,14,2025-09-04,SELL,3540,68.21,Commodity
13115,3,2025-09-04,BUY,376,176.99,Equity
13116,6,2025-09-04,SELL,2513,245.3,Equity
13117,9,2025-09-04,BUY,2197,246.78,Equity
13118,8,2025-09-04,SELL,4428,76.76,Equity
13119,4,2025-09-04,SELL,2299,118.9,Equity
13120,11,2025-09-04,SELL,4469,106.99,ETF
13121,1,2025-09-04,SELL,1047,322.26,Equity
13122,1,2025-09-04,BUY,1355,321.68,Equity
13123,2,2025-09-04,SELL,4568,34.05,Equity
13124,12,2025-09-04,SELL,1235,209.71,Bond
13125,4,2025-09-04,BUY,2129,119.15,Equity
13126,11,2025-09-04,BUY,2071,106.46,ETF
13127,7,2025-09-04,SELL,1721,244.98,Equity
13128,1,2025-09-04,SELL,2240,322.37,Equity
13129,5,2025-09-05,SELL,3193,592.18,Equity
13130,9,2025-09-05,BUY,4891,243.43,Equity
13131,2,2025-09-05,BUY,1160,33.93,Equity
13132,10,2025-09-05,SELL,2192,94.56,Equity
13133,7,2025-09-05,SELL,953,246.81,Equity
13134,13,2025-09-05,BUY,3713,43.54,Commodity
13135,4,2025-09-05,SELL,3478,116.31,Equity
13136,4,2025-09-05,BUY,4663,116.06,Equity
13137,4,2025-09-05,BUY,4063,116.11,Equity
13138,8,2025-09-05,BUY,4357,78.65,Equity
13139,7,2025-09-05,BUY,618,245.84,Equity
13140,5,2025-09-05,SELL,4979,589.92,Equity
13141,13,2025-09-05,BUY,1819,43.54,Commodity
13142,12,2025-09-05,SELL,936,208.12,Bond
13143,2,2025-09-05,SELL,3197,33.82,Equity
13144,15,2025-09-05,SELL,952,285.09,Currency
13145,14,2025-09-05,BUY,2998,66.1,Commodity
13146,12,2025-09-05,BUY,1514,207.56,Bond
13147,2,2025-09-05,BUY,3850,33.95,Equity
13148,13,2025-09-05,SELL,2930,43.49,Commodity
13149,14,2025-09-05,BUY,208,65.91,Commodity
13150,15,2025-09-05,BUY,1328,285.5,Currency
13151,9,2025-09-05,BUY,3391,243.23,Equity
13152,5,2025-09-05,BUY,2072,591.4,Equity
13153,7,2025-09-05,BUY,3397,246.0,Equity
13154,9,2025-09-08,BUY,63,245.06,Equity
13155,2,2025-09-08,SELL,84,33.71,Equity
13156,10,2025-09-08,BUY,4768,91.85,Equity
13157,7,2025-09-08,SELL,3172,242.85,Equity
13158,15,2025-09-08,BUY,4578,285.47,Currency
13159,15,2025-09-08,BUY,2074,285.4,Currency
13160,6,2025-09-08,SELL,1620,246.37,Equity
13161,13,2025-09-08,BUY,430,43.1,Commodity
13162,5,2025-09-08,BUY,4667,598.77,Equity
13163,6,2025-09-08,SELL,2594,246.41,Equity
13164,2,2025-09-08,BUY,3887,33.73,Equity
13165,14,2025-09-08,SELL,1326,65.62,Commodity
13166,14,2025-09-08,SELL,2916,65.63,Commodity
13167,2,2025-09-08,SELL,1892,33.53,Equity
13168,3,2025-09-08,BUY,2358,179.79,Equity
13169,14,2025-09-08,BUY,3984,65.53,Commodity
13170,13,2025-09-08,SELL,3472,42.99,Commodity
13171,2,2025-09-08,SELL,3907,33.64,Equity
13172,6,2025-09-08,SELL,3666,246.85,Equity
13173,1,2025-09-08,SELL,4142,325.37,Equity
13174,2,2025-09-09,SELL,3188,33.52,Equity
13175,10,2025-09-09,BUY,1261,91.8,Equity
13176,5,2025-09-09,BUY,4231,586.46,Equity
13177,9,2025-09-09,SELL,4702,246.56,Equity
13178,13,2025-09-09,BUY,3315,43.27,Commodity
13179,13,2025-09-09,SELL,4900,43.41,Commodity
13180,14,2025-09-09,SELL,1908,64.9,Commodity
13181,9,2025-09-09,SELL,948,246.94,Equity
13182,15,2025-09-09,SELL,4892,282.57,Currency
13183,9,2025-09-09,BUY,1572,247.33,Equity
13184,2,2025-09-09,SELL,171,33.64,Equity
13185,6,2025-09-09,SELL,507,250.55,Equity
13186,11,2025-09-09,BUY,2744,105.16,ETF
13187,9,2025-09-09,BUY,2461,246.99,Equity
13188,10,2025-09-09,BUY,1283,91.57,Equity
13189,2,2025-09-09,SELL,3918,33.55,Equity
13190,9,2025-09-09,BUY,4801,246.18,Equity
13191,6,2025-09-09,SELL,4668,250.14,Equity
13192,3,2025-09-09,BUY,508,178.14,Equity
13193,12,2025-09-09,BUY,389,207.79,Bond
13194,10,2025-09-09,BUY,4823,91.57,Equity
13195,7,2025-09-09,BUY,2629,248.32,Equity
13196,15,2025-09-09,BUY,2403,280.97,Currency
13197,13,2025-09-09,BUY,2045,43.42,Commodity
13198,4,2025-09-09,BUY,3148,118.78,Equity
13199,14,2025-09-09,BUY,4172,64.93,Commodity
13200,8,2025-09-09,BUY,1664,78.7,Equity
13201,6,2025-09-09,SELL,2713,250.66,Equity
13202,6,2025-09-09,SELL,4355,250.69,Equity
13203,3,2025-09-09,BUY,1069,178.61,Equity
13204,11,2025-09-09,SELL,1790,105.11,ETF
13205,13,2025-09-09,SELL,4976,43.29,Commodity
13206,1,2025-09-09,BUY,108,323.79,Equity
13207,5,2025-09-09,BUY,3341,587.98,Equity
13208,6,2025-09-09,SELL,522,251.46,Equity
13209,6,2025-09-09,BUY,684,250.7,Equity
13210,14,2025-09-09,BUY,1660,64.9,Commodity
13211,8,2025-09-09,BUY,1864,78.47,Equity
13212,11,2025-09-09,SELL,4183,104.93,ETF
13213,8,2025-09-10,SELL,3631,77.67,Equity
13214,5,2025-09-10,BUY,2876,603.77,Equity
13215,15,2025-09-10,BUY,4664,282.11,Currency
13216,3,2025-09-10,BUY,1958,174.98,Equity
13217,14,2025-09-10,SELL,3459,65.43,Commodity
13218,12,2025-09-10,SELL,4925,207.61,Bond
13219,14,2025-09-10,BUY,2569,65.32,Commodity
13220,2,2025-09-10,SELL,1798,33.22,Equity
13221,2,2025-09-10,SELL,4212,33.21,Equity
13222,5,2025-09-10,BUY,2400,602.4,Equity
13223,3,2025-09-10,BUY,1271,175.9,Equity
13224,14,2025-09-10,BUY,2022,65.31,Commodity
13225,9,2025-09-10,BUY,461,252.0,Equity
13226,7,2025-09-10,BUY,1628,250.17,Equity
13227,4,2025-09-10,BUY,4217,119.66,Equity
13228,9,2025-09-10,SELL,1749,252.23,Equity
13229,11,2025-09-10,SELL,1017,106.05,ETF
13230,4,2025-09-10,SELL,613,119.95,Equity
13231,5,2025-09-10,SELL,4279,602.95,Equity
13232,6,2025-09-10,SELL,1459,250.9,Equity
13233,9,2025-09-10,SELL,3896,253.21,Equity
13234,4,2025-09-10,BUY,790,120.19,Equity
13235,7,2025-09-10,SELL,3683,250.22,Equity
13236,7,2025-09-10,BUY,474,249.92,Equity
13237,12,2025-09-10,SELL,183,208.03,Bond
13238,8,2025-09-10,SELL,1566,77.77,Equity
13239,10,2025-09-10,BUY,54,90.43,Equity
13240,1,2025-09-10,SELL,1956,316.0,Equity
13241,2,2025-09-10,SELL,4660,33.33,Equity
13242,10,2025-09-10,SELL,59,90.32,Equity
13243,3,2025-09-10,BUY,2711,175.59,Equity
13244,4,2025-09-10,SELL,4142,119.98,Equity
13245,12,2025-09-10,BUY,382,207.14,Bond
13246,2,2025-09-10,SELL,71,33.33,Equity
13247,5,2025-09-10,BUY,3158,604.34,Equity
13248,9,2025-09-10,BUY,2026,252.26,Equity
13249,12,2025-09-10,SELL,3517,208.16,Bond
13250,13,2025-09-10,BUY,941,42.01,Commodity
13251,8,2025-09-10,BUY,991,77.58,Equity
13252,12,2025-09-11,SELL,317,206.89,Bond
13253,8,2025-09-11,SELL,2955,80.89,Equity
13254,6,2025-09-11,BUY,4293,247.52,Equity
13255,8,2025-09-11,SELL,1765,80.75,Equity
13256,9,2025-09-11,SELL,3740,255.39,Equity
13257,3,2025-09-11,SELL,3715,177.91,Equity
13258,14,2025-09-11,BUY,1788,64.34,Commodity
13259,6,2025-09-11,BUY,2777,246.38,Equity
13260,3,2025-09-11,SELL,2743,177.82,Equity
13261,10,2025-09-11,SELL,2563,93.08,Equity
13262,14,2025-09-11,SELL,3225,64.45,Commodity
13263,15,2025-09-11,BUY,2516,282.71,Currency
13264,13,2025-09-11,BUY,1323,40.98,Commodity
13265,13,2025-09-11,SELL,4290,41.06,Commodity
13266,3,2025-09-11,BUY,4033,178.11,Equity
13267,12,2025-09-11,BUY,2214,206.3,Bond
13268,5,2025-09-11,BUY,4171,602.19,Equity
13269,9,2025-09-11,SELL,4147,255.18,Equity
13270,15,2025-09-11,BUY,4305,284.09,Currency
13271,12,2025-09-11,SELL,4581,207.36,Bond
13272,8,2025-09-11,BUY,2093,80.95,Equity
13273,2,2025-09-11,SELL,4807,33.07,Equity
13274,2,2025-09-12,SELL,4715,32.96,Equity
13275,6,2025-09-12,BUY,35,253.28,Equity
13276,11,2025-09-12,BUY,4385,107.33,ETF
13277,5,2025-09-12,BUY,2960,602.82,Equity
13278,7,2025-09-12,SELL,169,254.24,Equity
13279,2,2025-09-12,SELL,2735,32.95,Equity
13280,3,2025-09-12,BUY,839,173.82,Equity
13281,6,2025-09-12,SELL,1225,253.2,Equity
13282,5,2025-09-12,SELL,1247,603.49,Equity
13283,10,2025-09-12,SELL,2820,92.18,Equity
13284,13,2025-09-12,BUY,3650,41.16,Commodity
13285,7,2025-09-12,SELL,2556,255.15,Equity
13286,1,2025-09-12,BUY,3649,323.15,Equity
13287,4,2025-09-12,BUY,1260,116.68,Equity
13288,13,2025-09-12,SELL,3666,41.18,Commodity
13289,3,2025-09-12,BUY,4222,173.49,Equity
13290,10,2025-09-12,SELL,852,91.72,Equity
13291,6,2025-09-12,SELL,4360,252.35,Equity
13292,1,2025-09-12,SELL,4332,323.66,Equity
13293,1,2025-09-12,SELL,4477,323.78,Equity
13294,1,2025-09-15,SELL,1086,322.83,Equity
13295,7,2025-09-15,BUY,595,250.55,Equity
13296,15,2025-09-15,SELL,3714,281.47,Currency
13297,8,2025-09-15,SELL,693,81.13,Equity
13298,6,2025-09-15,BUY,277,251.67,Equity
13299,1,2025-09-15,SELL,994,322.71,Equity
13300,8,2025-09-15,SELL,2514,80.81,Equity
13301,15,2025-09-15,BUY,3955,281.39,Currency
13302,1,2025-09-15,BUY,510,321.87,Equity
13303,12,2025-09-15,SELL,1836,206.69,Bond
13304,4,2025-09-15,BUY,885,113.86,Equity
13305,13,2025-09-15,SELL,1675,43.06,Commodity
13306,1,2025-09-15,BUY,1900,323.24,Equity
13307,4,2025-09-15,SELL,4539,113.95,Equity
13308,5,2025-09-15,BUY,1080,607.5,Equity
13309,5,2025-09-15,BUY,2690,604.51,Equity
13310,12,2025-09-15,BUY,2387,205.76,Bond
13311,9,2025-09-15,SELL,166,263.1,Equity
13312,5,2025-09-15,BUY,3714,605.09,Equity
13313,9,2025-09-15,BUY,926,263.89,Equity
13314,15,2025-09-15,SELL,3473,280.48,Currency
13315,12,2025-09-15,SELL,1425,206.58,Bond
13316,13,2025-09-15,BUY,2608,42.85,Commodity
13317,10,2025-09-15,SELL,1132,91.81,Equity
13318,11,2025-09-15,BUY,2514,107.89,ETF
13319,14,2025-09-15,BUY,2096,63.86,Commodity
13320,1,2025-09-15,BUY,2217,322.75,Equity
13321,7,2025-09-15,BUY,4286,250.95,Equity
13322,7,2025-09-15,SELL,3625,250.35,Equity
13323,6,2025-09-15,BUY,4205,250.99,Equity
13324,2,2025-09-16,SELL,187,32.94,Equity
13325,4,2025-09-16,SELL,2239,112.59,Equity
13326,1,2025-09-16,SELL,234,327.13,Equity
13327,4,2025-09-16,BUY,2930,112.53,Equity
13328,15,2025-09-16,SELL,2439,280.12,Currency
13329,13,2025-09-16,SELL,4057,44.0,Commodity
13330,2,2025-09-16,BUY,3432,32.89,Equity
13331,12,2025-09-16,BUY,3030,208.08,Bond
13332,4,2025-09-16,SELL,4555,112.8,Equity
13333,4,2025-09-16,SELL,704,112.28,Equity
13334,11,2025-09-16,SELL,437,107.71,ETF
13335,4,2025-09-16,SELL,2908,112.47,Equity
13336,4,2025-09-16,BUY,3678,112.22,Equity
13337,1,2025-09-16,BUY,2694,328.53,Equity
13338,15,2025-09-16,BUY,4912,279.13,Currency
13339,8,2025-09-16,BUY,4609,79.34,Equity
13340,11,2025-09-16,BUY,2444,107.42,ETF
13341,8,2025-09-16,BUY,84,79.29,Equity
13342,5,2025-09-16,SELL,2994,612.84,Equity
13343,5,2025-09-16,SELL,3224,614.22,Equity
13344,15,2025-09-16,SELL,1189,279.78,Currency
13345,2,2025-09-16,BUY,531,32.8,Equity
13346,5,2025-09-16,BUY,896,612.05,Equity
13347,12,2025-09-16,BUY,3259,207.93,Bond
13348,8,2025-09-16,BUY,1862,79.55,Equity
13349,14,2025-09-16,SELL,4386,62.5,Commodity
13350,4,2025-09-16,SELL,2977,112.27,Equity
13351,4,2025-09-16,SELL,3053,112.69,Equity
13352,14,2025-09-16,SELL,1521,62.38,Commodity
13353,7,2025-09-16,SELL,2695,254.7,Equity
13354,10,2025-09-16,BUY,1613,94.16,Equity
13355,15,2025-09-16,SELL,2500,278.83,Currency
13356,6,2025-09-17,BUY,2673,262.32,Equity
13357,8,2025-09-17,SELL,1677,81.15,Equity
13358,6,2025-09-17,SELL,4237,262.53,Equity
13359,2,2025-09-17,SELL,1110,32.28,Equity
13360,8,2025-09-17,BUY,2268,81.21,Equity
13361,6,2025-09-17,SELL,836,262.27,Equity
13362,14,2025-09-17,BUY,4345,61.76,Commodity
13363,4,2025-09-17,SELL,3128,109.25,Equity
13364,14,2025-09-17,BUY,1602,61.54,Commodity
13365,9,2025-09-17,SELL,2943,262.05,Equity
13366,8,2025-09-17,SELL,214,81.31,Equity
13367,11,2025-09-17,SELL,2888,107.23,ETF
13368,13,2025-09-17,BUY,514,43.34,Commodity
13369,2,2025-09-17,BUY,4692,32.17,Equity
13370,1,2025-09-17,SELL,1411,326.06,Equity
13371,15,2025-09-17,BUY,367,280.33,Currency
13372,2,2025-09-17,BUY,3595,32.21,Equity
13373,11,2025-09-17,BUY,4155,107.39,ETF
13374,15,2025-09-17,SELL,4824,280.83,Currency
13375,15,2025-09-17,BUY,4601,281.1,Currency
13376,5,2025-09-17,SELL,3347,615.15,Equity
13377,8,2025-09-17,BUY,3655,80.93,Equity
13378,9,2025-09-17,BUY,508,261.33,Equity
13379,4,2025-09-17,BUY,3442,109.34,Equity
13380,9,2025-09-17,SELL,864,261.95,Equity
13381,3,2025-09-17,BUY,1210,175.28,Equity
13382,5,2025-09-17,BUY,730,616.0,Equity
13383,15,2025-09-17,BUY,3845,280.17,Currency
13384,2,2025-09-17,BUY,2924,32.24,Equity
13385,14,2025-09-17,BUY,4563,61.69,Commodity
13386,3,2025-09-17,SELL,2599,174.9,Equity
13387,2,2025-09-17,BUY,4481,32.15,Equity
13388,1,2025-09-17,BUY,1852,326.22,Equity
13389,4,2025-09-18,SELL,3548,112.12,Equity
13390,7,2025-09-18,SELL,1171,258.9,Equity
13391,14,2025-09-18,BUY,873,62.47,Commodity
13392,5,2025-09-18,BUY,2977,622.49,Equity
13393,5,2025-09-18,SELL,3944,621.08,Equity
13394,4,2025-09-18,BUY,1750,112.29,Equity
13395,15,2025-09-18,BUY,3661,281.01,Currency
13396,12,2025-09-18,BUY,4879,208.47,Bond
13397,6,2025-09-18,SELL,165,274.68,Equity
13398,14,2025-09-18,SELL,2568,62.17,Commodity
13399,11,2025-09-18,SELL,4089,107.09,ETF
13400,8,2025-09-18,BUY,155,79.55,Equity
13401,8,2025-09-18,SELL,4067,79.8,Equity
13402,9,2025-09-18,SELL,4436,251.59,Equity
13403,8,2025-09-18,BUY,997,79.74,Equity
13404,10,2025-09-18,BUY,1038,92.25,Equity
13405,5,2025-09-18,BUY,4185,623.62,Equity
13406,7,2025-09-18,SELL,2732,258.8,Equity
13407,7,2025-09-18,SELL,3287,258.84,Equity
13408,8,2025-09-18,BUY,4451,79.75,Equity
13409,8,2025-09-18,SELL,3736,79.83,Equity
13410,2,2025-09-18,BUY,887,32.27,Equity
13411,4,2025-09-18,BUY,1844,112.19,Equity
13412,7,2025-09-18,BUY,3689,259.39,Equity
13413,14,2025-09-18,SELL,2331,62.52,Commodity
13414,12,2025-09-18,BUY,1313,208.85,Bond
13415,3,2025-09-19,SELL,2220,175.31,Equity
13416,15,2025-09-19,BUY,3308,280.78,Currency
13417,4,2025-09-19,BUY,3116,110.46,Equity
13418,2,2025-09-19,SELL,3180,31.77,Equity
13419,7,2025-09-19,BUY,1617,258.3,Equity
13420,13,2025-09-19,SELL,764,43.83,Commodity
13421,12,2025-09-19,SELL,2223,209.04,Bond
13422,8,2025-09-19,SELL,4387,80.11,Equity
13423,13,2025-09-19,SELL,3715,43.78,Commodity
13424,12,2025-09-19,SELL,4083,208.77,Bond
13425,7,2025-09-19,SELL,4190,258.86,Equity
13426,7,2025-09-19,SELL,4604,258.68,Equity
13427,12,2025-09-19,BUY,4876,209.3,Bond
13428,9,2025-09-19,BUY,4517,251.29,Equity
13429,6,2025-09-19,BUY,3118,284.52,Equity
13430,1,2025-09-19,BUY,1773,329.66,Equity
13431,14,2025-09-19,SELL,3152,63.37,Commodity
13432,7,2025-09-19,SELL,399,259.12,Equity
13433,12,2025-09-19,SELL,2623,208.42,Bond
13434,13,2025-09-19,SELL,3737,43.78,Commodity
13435,11,2025-09-19,BUY,4608,106.06,ETF
13436,1,2025-09-19,SELL,3446,328.44,Equity
13437,3,2025-09-19,SELL,3677,175.08,Equity
13438,7,2025-09-19,SELL,3763,259.15,Equity
13439,13,2025-09-19,BUY,4893,43.88,Commodity
13440,12,2025-09-22,BUY,1007,209.44,Bond
13441,2,2025-09-22,BUY,2179,32.4,Equity
13442,15,2025-09-22,SELL,3499,279.13,Currency
13443,11,2025-09-22,BUY,1276,104.91,ETF
13444,7,2025-09-22,SELL,527,257.52,Equity
13445,15,2025-09-22,BUY,215,279.36,Currency
13446,11,2025-09-22,BUY,233,104.6,ETF
13447,7,2025-09-22,BUY,3552,257.35,Equity
13448,13,2025-09-22,SELL,2043,44.63,Commodity
13449,12,2025-09-22,SELL,4934,209.12,Bond
13450,11,2025-09-22,BUY,3103,104.47,ETF
13451,7,2025-09-22,SELL,3039,257.47,Equity
13452,15,2025-09-22,BUY,4818,280.47,Currency
13453,15,2025-09-22,BUY,903,280.38,Currency
13454,2,2025-09-22,SELL,412,32.4,Equity
13455,8,2025-09-22,BUY,869,81.83,Equity
13456,8,2025-09-22,SELL,2249,81.49,Equity
13457,12,2025-09-22,SELL,276,209.56,Bond
13458,6,2025-09-22,BUY,2173,287.67,Equity
13459,12,2025-09-22,SELL,179,209.67,Bond
13460,11,2025-09-22,BUY,1439,104.76,ETF
13461,11,2025-09-22,BUY,2911,104.72,ETF
13462,9,2025-09-22,SELL,887,254.95,Equity
13463,11,2025-09-22,BUY,4219,104.67,ETF
13464,5,2025-09-22,BUY,4238,631.39,Equity
13465,1,2025-09-22,BUY,3047,327.03,Equity
13466,5,2025-09-22,BUY,4263,631.69,Equity
13467,11,2025-09-22,SELL,1705,104.4,ETF
13468,1,2025-09-22,SELL,2233,327.32,Equity
13469,10,2025-09-22,BUY,3869,93.48,Equity
13470,14,2025-09-22,BUY,189,61.96,Commodity
13471,12,2025-09-22,SELL,3969,209.75,Bond
13472,10,2025-09-22,SELL,442,93.15,Equity
13473,13,2025-09-22,SELL,3889,44.54,Commodity
13474,10,2025-09-23,SELL,1690,95.84,Equity
13475,6,2025-09-23,SELL,3443,287.19,Equity
13476,9,2025-09-23,BUY,4655,256.18,Equity
13477,8,2025-09-23,BUY,429,80.8,Equity
13478,8,2025-09-23,BUY,1972,80.93,Equity
13479,1,2025-09-23,SELL,1733,331.56,Equity
13480,6,2025-09-23,SELL,3962,286.21,Equity
13481,5,2025-09-23,BUY,471,643.96,Equity
13482,10,2025-09-23,SELL,2113,96.09,Equity
13483,4,2025-09-23,SELL,2840,110.41,Equity
13484,10,2025-09-23,BUY,4039,96.26,Equity
13485,12,2025-09-23,SELL,3026,209.66,Bond
13486,2,2025-09-23,SELL,3238,33.12,Equity
13487,6,2025-09-23,BUY,2394,287.19,Equity
13488,5,2025-09-23,SELL,4428,642.34,Equity
13489,7,2025-09-23,BUY,889,260.56,Equity
13490,13,2025-09-23,SELL,740,44.81,Commodity
13491,4,2025-09-23,BUY,1512,110.63,Equity
13492,9,2025-09-23,BUY,4701,257.2,Equity
13493,13,2025-09-23,BUY,1745,44.88,Commodity
13494,3,2025-09-23,BUY,1061,180.2,Equity
13495,3,2025-09-23,SELL,3943,179.79,Equity
13496,3,2025-09-23,SELL,1460,179.77,Equity
13497,5,2025-09-23,BUY,979,642.44,Equity
13498,12,2025-09-24,BUY,4673,210.34,Bond
13499,14,2025-09-24,BUY,795,62.22,Commodity
13500,7,2025-09-24,SELL,800,256.59,Equity
13501,6,2025-09-24,BUY,4493,281.36,Equity
13502,10,2025-09-24,BUY,1157,98.25,Equity
13503,5,2025-09-24,SELL,3557,637.36,Equity
13504,1,2025-09-24,BUY,904,320.9,Equity
13505,7,2025-09-24,BUY,954,255.68,Equity
13506,8,2025-09-24,SELL,160,81.87,Equity
13507,5,2025-09-24,BUY,4210,638.99,Equity
13508,3,2025-09-24,BUY,2491,179.85,Equity
13509,7,2025-09-24,BUY,2621,256.09,Equity
13510,3,2025-09-24,BUY,745,179.95,Equity
13511,2,2025-09-24,SELL,4937,33.23,Equity
13512,14,2025-09-24,BUY,459,62.2,Commodity
13513,1,2025-09-24,SELL,4015,321.17,Equity
13514,12,2025-09-24,BUY,3854,210.54,Bond
13515,4,2025-09-24,BUY,2723,110.3,Equity
13516,8,2025-09-24,BUY,1258,81.83,Equity
13517,7,2025-09-24,BUY,1005,256.79,Equity
13518,12,2025-09-24,SELL,2811,210.3,Bond
13519,13,2025-09-24,SELL,4777,44.13,Commodity
13520,11,2025-09-24,BUY,1864,104.28,ETF
13521,5,2025-09-24,SELL,1484,638.88,Equity
13522,10,2025-09-24,SELL,414,97.98,Equity
13523,13,2025-09-25,SELL,96,43.3,Commodity
13524,4,2025-09-25,BUY,1546,111.91,Equity
13525,2,2025-09-25,SELL,4983,32.88,Equity
13526,6,2025-09-25,BUY,3679,275.14,Equity
13527,12,2025-09-25,SELL,2837,210.64,Bond
13528,9,2025-09-25,BUY,1690,259.86,Equity
13529,5,2025-09-25,SELL,3315,642.39,Equity
13530,15,2025-09-25,BUY,1148,278.47,Currency
13531,8,2025-09-25,SELL,1845,84.64,Equity
13532,10,2025-09-25,SELL,4607,97.53,Equity
13533,1,2025-09-25,BUY,394,319.9,Equity
13534,15,2025-09-25,SELL,3271,278.73,Currency
13535,14,2025-09-25,BUY,4828,62.26,Commodity
13536,12,2025-09-25,SELL,4691,210.26,Bond
13537,8,2025-09-25,BUY,2330,84.5,Equity
13538,15,2025-09-25,SELL,1620,279.24,Currency
13539,8,2025-09-25,SELL,2771,84.76,Equity
13540,1,2025-09-25,SELL,3030,318.73,Equity
13541,1,2025-09-25,BUY,2155,319.81,Equity
13542,5,2025-09-25,BUY,1713,641.44,Equity
13543,3,2025-09-25,SELL,2660,174.91,Equity
13544,15,2025-09-25,SELL,3963,278.55,Currency
13545,3,2025-09-25,SELL,62,175.22,Equity
13546,12,2025-09-25,SELL,4287,210.2,Bond
13547,9,2025-09-25,BUY,1181,259.58,Equity
13548,12,2025-09-26,SELL,4598,211.31,Bond
13549,6,2025-09-26,BUY,1696,273.43,Equity
13550,15,2025-09-26,BUY,4875,279.38,Currency
13551,11,2025-09-26,SELL,2850,102.49,ETF
13552,14,2025-09-26,SELL,1082,61.46,Commodity
13553,7,2025-09-26,BUY,502,259.23,Equity
13554,1,2025-09-26,BUY,300,326.71,Equity
13555,12,2025-09-26,BUY,217,211.19,Bond
13556,8,2025-09-26,SELL,910,81.66,Equity
13557,11,2025-09-26,BUY,84,102.49,ETF
13558,2,2025-09-26,BUY,1840,32.5,Equity
13559,9,2025-09-26,BUY,3665,259.75,Equity
13560,3,2025-09-26,SELL,2314,166.59,Equity
13561,5,2025-09-26,SELL,1332,654.92,Equity
13562,7,2025-09-26,SELL,2340,257.96,Equity
13563,7,2025-09-26,BUY,4474,258.51,Equity
13564,11,2025-09-26,BUY,4194,102.23,ETF
13565,4,2025-09-26,SELL,2755,110.44,Equity
13566,6,2025-09-26,SELL,3872,272.46,Equity
13567,15,2025-09-26,BUY,4058,279.6,Currency
13568,6,2025-09-26,SELL,47,273.16,Equity
13569,3,2025-09-26,SELL,4651,165.85,Equity
13570,2,2025-09-26,SELL,3502,32.51,Equity
13571,9,2025-09-29,SELL,1921,257.32,Equity
13572,6,2025-09-29,BUY,1906,280.91,Equity
13573,2,2025-09-29,SELL,1113,31.5,Equity
13574,6,2025-09-29,BUY,2663,279.99,Equity
13575,3,2025-09-29,BUY,292,173.12,Equity
13576,11,2025-09-29,BUY,1527,100.48,ETF
13577,15,2025-09-29,SELL,4977,275.95,Currency
13578,10,2025-09-29,BUY,4930,99.89,Equity
13579,1,2025-09-29,BUY,771,320.79,Equity
13580,5,2025-09-29,BUY,816,637.34,Equity
13581,8,2025-09-29,BUY,1831,82.39,Equity
13582,12,2025-09-29,SELL,3230,210.11,Bond
13583,8,2025-09-29,SELL,1351,82.64,Equity
13584,9,2025-09-29,BUY,4368,258.59,Equity
13585,3,2025-09-29,SELL,4200,172.63,Equity
13586,13,2025-09-29,SELL,2164,41.93,Commodity
13587,9,2025-09-29,BUY,4780,257.32,Equity
13588,7,2025-09-29,BUY,2302,254.27,Equity
13589,12,2025-09-29,BUY,4890,209.89,Bond
13590,2,2025-09-29,SELL,39,31.58,Equity
13591,2,2025-09-29,SELL,4966,31.48,Equity
13592,10,2025-09-29,SELL,3678,99.86,Equity
13593,8,2025-09-29,SELL,2230,82.37,Equity
13594,11,2025-09-29,SELL,3885,100.45,ETF
13595,9,2025-09-29,BUY,718,258.47,Equity
13596,15,2025-09-29,SELL,1781,275.88,Currency
13597,10,2025-09-29,BUY,2333,100.08,Equity
13598,1,2025-09-29,SELL,3375,321.77,Equity
13599,5,2025-09-29,BUY,144,634.74,Equity
13600,5,2025-09-29,SELL,2505,637.74,Equity
13601,9,2025-09-30,SELL,4766,258.57,Equity
13602,3,2025-09-30,SELL,1364,175.89,Equity
13603,11,2025-09-30,BUY,2354,99.2,ETF
13604,12,2025-09-30,BUY,4644,208.75,Bond
13605,3,2025-09-30,SELL,4368,175.93,Equity
13606,14,2025-09-30,SELL,1918,60.68,Commodity
13607,10,2025-09-30,BUY,1547,99.86,Equity
13608,8,2025-09-30,BUY,3939,81.6,Equity
13609,3,2025-09-30,SELL,2062,175.02,Equity
13610,5,2025-09-30,SELL,1824,633.15,Equity
13611,8,2025-09-30,SELL,2637,81.75,Equity
13612,4,2025-09-30,BUY,2689,110.22,Equity
13613,10,2025-09-30,SELL,3076,99.75,Equity
13614,6,2025-09-30,BUY,2864,273.89,Equity
13615,3,2025-09-30,SELL,4884,175.07,Equity
13616,6,2025-09-30,SELL,3431,273.52,Equity
13617,1,2025-09-30,BUY,3243,317.74,Equity
13618,5,2025-09-30,SELL,212,632.87,Equity
13619,13,2025-09-30,SELL,2421,42.15,Commodity
13620,3,2025-09-30,BUY,3718,174.91,Equity
13621,13,2025-09-30,SELL,579,42.17,Commodity
13622,15,2025-09-30,SELL,549,275.44,Currency
13623,13,2025-09-30,SELL,914,42.33,Commodity
13624,8,2025-09-30,SELL,3859,81.82,Equity
13625,14,2025-10-01,SELL,690,60.34,Commodity
13626,4,2025-10-01,SELL,4110,111.33,Equity
13627,8,2025-10-01,SELL,3144,83.38,Equity
13628,10,2025-10-01,BUY,4799,102.0,Equity
13629,15,2025-10-01,SELL,1979,274.98,Currency
13630,4,2025-10-01,SELL,1308,110.95,Equity
13631,8,2025-10-01,SELL,1750,83.32,Equity
13632,8,2025-10-01,BUY,992,83.61,Equity
13633,4,2025-10-01,BUY,3222,111.2,Equity
13634,9,2025-10-01,SELL,4328,258.2,Equity
13635,4,2025-10-01,BUY,1108,110.85,Equity
13636,7,2025-10-01,SELL,4692,258.85,Equity
13637,9,2025-10-01,SELL,2101,259.52,Equity
13638,10,2025-10-01,BUY,4053,101.97,Equity
13639,9,2025-10-01,BUY,1772,259.49,Equity
13640,1,2025-10-01,SELL,781,322.38,Equity
13641,15,2025-10-01,SELL,345,273.9,Currency
13642,10,2025-10-01,SELL,4221,102.23,Equity
13643,5,2025-10-01,SELL,526,628.47,Equity
13644,11,2025-10-01,BUY,1995,99.91,ETF
13645,8,2025-10-01,BUY,101,83.76,Equity
13646,15,2025-10-01,BUY,642,275.05,Currency
13647,6,2025-10-01,BUY,4734,268.17,Equity
13648,9,2025-10-01,BUY,2555,259.27,Equity
13649,7,2025-10-01,BUY,87,258.09,Equity
13650,12,2025-10-01,SELL,2164,208.94,Bond
13651,15,2025-10-01,BUY,3302,275.1,Currency
13652,2,2025-10-01,SELL,1531,32.38,Equity
13653,15,2025-10-01,BUY,1227,274.14,Currency
13654,5,2025-10-01,BUY,4712,629.08,Equity
13655,2,2025-10-01,SELL,1978,32.44,Equity
13656,2,2025-10-01,BUY,1456,32.39,Equity
13657,10,2025-10-01,SELL,2576,102.06,Equity
13658,12,2025-10-01,SELL,223,209.51,Bond
13659,7,2025-10-01,SELL,2216,258.55,Equity
13660,4,2025-10-01,BUY,824,110.85,Equity
13661,10,2025-10-02,SELL,1967,99.56,Equity
13662,5,2025-10-02,BUY,683,630.59,Equity
13663,5,2025-10-02,BUY,1326,630.21,Equity
13664,3,2025-10-02,BUY,313,178.18,Equity
13665,4,2025-10-02,BUY,78,114.07,Equity
13666,7,2025-10-02,BUY,1908,248.98,Equity
13667,6,2025-10-02,BUY,2217,270.46,Equity
13668,9,2025-10-02,BUY,3857,264.29,Equity
13669,5,2025-10-02,SELL,3804,630.95,Equity
13670,14,2025-10-02,BUY,2331,62.57,Commodity
13671,6,2025-10-02,BUY,3554,269.77,Equity
13672,11,2025-10-02,SELL,4913,98.04,ETF
13673,4,2025-10-02,SELL,749,114.06,Equity
13674,2,2025-10-02,SELL,3632,31.97,Equity
13675,8,2025-10-02,SELL,3332,80.65,Equity
13676,3,2025-10-02,SELL,4898,178.06,Equity
13677,8,2025-10-02,SELL,1320,80.79,Equity
13678,8,2025-10-02,SELL,2176,81.07,Equity
13679,14,2025-10-02,SELL,1730,62.64,Commodity
13680,15,2025-10-02,SELL,281,275.34,Currency
13681,1,2025-10-03,SELL,4192,319.33,Equity
13682,5,2025-10-03,BUY,635,618.53,Equity
13683,2,2025-10-03,SELL,4751,32.3,Equity
13684,9,2025-10-03,SELL,1603,261.96,Equity
13685,9,2025-10-03,SELL,2603,261.07,Equity
13686,9,2025-10-03,BUY,1932,260.91,Equity
13687,12,2025-10-03,BUY,767,209.12,Bond
13688,14,2025-10-03,SELL,3030,64.74,Commodity
13689,1,2025-10-03,BUY,886,319.96,Equity
13690,10,2025-10-03,BUY,4346,96.61,Equity
13691,9,2025-10-03,BUY,2989,261.06,Equity
13692,8,2025-10-03,SELL,1876,81.69,Equity
13693,7,2025-10-03,SELL,4352,245.5,Equity
13694,9,2025-10-03,BUY,801,261.38,Equity
13695,7,2025-10-03,BUY,1422,244.96,Equity
13696,5,2025-10-03,BUY,853,616.82,Equity
13697,11,2025-10-03,BUY,2717,97.81,ETF
13698,5,2025-10-03,BUY,2252,619.73,Equity
13699,5,2025-10-03,SELL,13,619.59,Equity
13700,15,2025-10-03,BUY,737,278.2,Currency
13701,14,2025-10-03,BUY,1447,64.74,Commodity
13702,7,2025-10-03,SELL,3714,245.93,Equity
13703,13,2025-10-03,SELL,3375,43.32,Commodity
13704,4,2025-10-03,BUY,2887,116.58,Equity
13705,2,2025-10-03,BUY,3306,32.39,Equity
13706,4,2025-10-03,BUY,4755,116.64,Equity
13707,8,2025-10-03,SELL,3911,81.56,Equity
13708,10,2025-10-03,SELL,4047,96.58,Equity
13709,7,2025-10-03,BUY,1388,245.31,Equity
13710,15,2025-10-03,SELL,2961,276.99,Currency
13711,13,2025-10-03,SELL,4889,43.33,Commodity
13712,12,2025-10-03,BUY,69,208.29,Bond
13713,10,2025-10-03,SELL,4958,96.18,Equity
13714,2,2025-10-06,BUY,1983,31.88,Equity
13715,14,2025-10-06,BUY,298,63.1,Commodity
13716,14,2025-10-06,SELL,723,62.94,Commodity
13717,3,2025-10-06,BUY,671,180.83,Equity
13718,8,2025-10-06,SELL,3008,80.11,Equity
13719,13,2025-10-06,BUY,2171,44.16,Commodity
13720,4,2025-10-06,BUY,482,116.47,Equity
13721,12,2025-10-06,BUY,3335,208.32,Bond
13722,4,2025-10-06,BUY,4361,116.63,Equity
13723,8,2025-10-06,BUY,3963,80.08,Equity
13724,2,2025-10-06,BUY,2290,31.87,Equity
13725,6,2025-10-06,BUY,4756,272.45,Equity
13726,2,2025-10-06,BUY,1053,31.84,Equity
13727,3,2025-10-06,SELL,3553,181.8,Equity
13728,6,2025-10-06,BUY,4941,273.31,Equity
13729,1,2025-10-06,BUY,3929,319.1,Equity
13730,12,2025-10-06,BUY,2917,208.78,Bond
13731,15,2025-10-06,SELL,4915,276.87,Currency
13732,1,2025-10-06,SELL,2679,318.73,Equity
13733,9,2025-10-06,SELL,4039,254.95,Equity
13734,11,2025-10-06,BUY,2906,99.7,ETF
13735,1,2025-10-06,BUY,2292,319.53,Equity
13736,6,2025-10-06,BUY,2597,272.68,Equity
13737,12,2025-10-06,SELL,1823,209.27,Bond
13738,6,2025-10-06,SELL,4161,273.04,Equity
13739,12,2025-10-06,SELL,3965,209.28,Bond
13740,5,2025-10-06,SELL,1882,649.36,Equity
13741,8,2025-10-06,BUY,649,80.28,Equity
13742,6,2025-10-07,SELL,894,271.85,Equity
13743,6,2025-10-07,BUY,1358,270.86,Equity
13744,5,2025-10-07,BUY,2206,663.42,Equity
13745,13,2025-10-07,SELL,2877,43.87,Commodity
13746,8,2025-10-07,SELL,4419,80.82,Equity
13747,6,2025-10-07,SELL,562,271.19,Equity
13748,15,2025-10-07,BUY,605,272.34,Currency
13749,7,2025-10-07,BUY,3922,240.36,Equity
13750,14,2025-10-07,BUY,4603,63.06,Commodity
13751,5,2025-10-07,BUY,4949,664.15,Equity
13752,10,2025-10-07,SELL,3621,95.76,Equity
13753,14,2025-10-07,SELL,3633,62.9,Commodity
13754,6,2025-10-07,BUY,2797,271.31,Equity
13755,7,2025-10-07,SELL,2174,240.83,Equity
13756,11,2025-10-07,SELL,1761,99.25,ETF
13757,15,2025-10-07,SELL,3941,272.72,Currency
13758,4,2025-10-07,SELL,1468,112.08,Equity
13759,8,2025-10-07,SELL,1219,81.06,Equity
13760,14,2025-10-07,SELL,2435,62.76,Commodity
13761,11,2025-10-07,BUY,3900,99.62,ETF
13762,2,2025-10-07,SELL,2976,32.28,Equity
13763,11,2025-10-07,BUY,1291,99.29,ETF
13764,4,2025-10-07,SELL,910,111.6,Equity
13765,2,2025-10-07,SELL,1502,32.19,Equity
13766,13,2025-10-07,BUY,1083,43.84,Commodity
13767,11,2025-10-07,BUY,2341,99.63,ETF
13768,4,2025-10-07,SELL,1482,111.79,Equity
13769,6,2025-10-07,SELL,1279,271.77,Equity
13770,3,2025-10-07,BUY,2421,177.06,Equity
13771,3,2025-10-08,SELL,3770,174.76,Equity
13772,6,2025-10-08,BUY,428,268.1,Equity
13773,7,2025-10-08,BUY,3976,244.75,Equity
13774,14,2025-10-08,BUY,3663,61.75,Commodity
13775,4,2025-10-08,BUY,817,114.98,Equity
13776,15,2025-10-08,BUY,1055,272.68,Currency
13777,12,2025-10-08,BUY,1562,207.23,Bond
13778,4,2025-10-08,SELL,75,115.05,Equity
13779,8,2025-10-08,BUY,2874,80.64,Equity
13780,8,2025-10-08,SELL,4304,80.39,Equity
13781,9,2025-10-08,SELL,2934,255.1,Equity
13782,13,2025-10-08,BUY,4287,42.93,Commodity
13783,13,2025-10-08,BUY,4791,42.77,Commodity
13784,10,2025-10-08,BUY,4206,95.12,Equity
13785,4,2025-10-08,SELL,3056,114.8,Equity
13786,2,2025-10-08,BUY,1984,33.25,Equity
13787,6,2025-10-08,SELL,1451,267.91,Equity
13788,14,2025-10-08,SELL,164,61.55,Commodity
13789,9,2025-10-08,SELL,82,255.36,Equity
13790,5,2025-10-08,SELL,410,653.4,Equity
13791,2,2025-10-08,SELL,1693,33.11,Equity
13792,1,2025-10-08,BUY,402,308.84,Equity
13793,13,2025-10-08,BUY,863,42.87,Commodity
13794,11,2025-10-08,BUY,4875,98.76,ETF
13795,12,2025-10-08,BUY,4026,206.94,Bond
13796,2,2025-10-08,BUY,3023,33.16,Equity
13797,12,2025-10-08,SELL,599,207.89,Bond
13798,1,2025-10-09,SELL,1048,301.05,Equity
13799,13,2025-10-09,BUY,1274,44.31,Commodity
13800,10,2025-10-09,BUY,2405,95.79,Equity
13801,2,2025-10-09,SELL,941,32.5,Equity
13802,6,2025-10-09,BUY,1249,261.9,Equity
13803,3,2025-10-09,SELL,748,180.45,Equity
13804,6,2025-10-09,BUY,3775,262.35,Equity
13805,7,2025-10-09,SELL,2952,245.29,Equity
13806,14,2025-10-09,BUY,2954,59.77,Commodity
13807,3,2025-10-09,SELL,1356,179.93,Equity
13808,14,2025-10-09,SELL,3651,59.81,Commodity
13809,6,2025-10-09,SELL,3195,261.87,Equity
13810,14,2025-10-09,BUY,4878,59.96,Commodity
13811,9,2025-10-09,SELL,875,257.79,Equity
13812,8,2025-10-09,SELL,1376,79.53,Equity
13813,11,2025-10-09,BUY,4244,99.57,ETF
13814,1,2025-10-09,BUY,3507,301.08,Equity
13815,6,2025-10-09,SELL,1061,261.83,Equity
13816,5,2025-10-09,BUY,670,665.93,Equity
13817,8,2025-10-09,BUY,437,79.54,Equity
13818,12,2025-10-09,SELL,3527,207.69,Bond
13819,1,2025-10-09,SELL,1410,302.44,Equity
13820,7,2025-10-09,SELL,4998,244.22,Equity
13821,5,2025-10-09,BUY,3415,667.77,Equity
13822,14,2025-10-10,SELL,1122,61.29,Commodity
13823,1,2025-10-10,SELL,2751,306.95,Equity
13824,3,2025-10-10,SELL,2771,178.05,Equity
13825,4,2025-10-10,BUY,4553,112.97,Equity
13826,10,2025-10-10,SELL,1368,96.75,Equity
13827,10,2025-10-10,SELL,989,96.88,Equity
13828,11,2025-10-10,BUY,4556,97.93,ETF
13829,5,2025-10-10,SELL,4701,645.41,Equity
13830,6,2025-10-10,BUY,4288,268.32,Equity
13831,4,2025-10-10,SELL,2802,113.19,Equity
13832,3,2025-10-10,SELL,3535,178.12,Equity
13833,2,2025-10-10,BUY,1661,32.49,Equity
13834,8,2025-10-10,SELL,1003,79.69,Equity
13835,12,2025-10-10,SELL,3007,209.58,Bond
13836,1,2025-10-10,SELL,4145,307.94,Equity
13837,1,2025-10-10,SELL,1339,307.92,Equity
13838,11,2025-10-10,SELL,359,97.95,ETF
13839,1,2025-10-10,SELL,3848,307.59,Equity
13840,7,2025-10-10,SELL,2884,251.57,Equity
13841,1,2025-10-10,SELL,3496,306.33,Equity
13842,15,2025-10-10,BUY,487,274.51,Currency
13843,11,2025-10-10,BUY,4298,97.63,ETF
13844,3,2025-10-10,SELL,3267,178.01,Equity
13845,9,2025-10-10,BUY,465,258.26,Equity
13846,14,2025-10-10,BUY,4210,61.17,Commodity
13847,11,2025-10-10,BUY,2214,97.61,ETF
13848,1,2025-10-10,BUY,1252,306.79,Equity
13849,1,2025-10-10,BUY,221,307.12,Equity
13850,1,2025-10-10,BUY,365,307.27,Equity
13851,13,2025-10-10,SELL,2253,45.69,Commodity
13852,3,2025-10-10,BUY,2548,178.47,Equity
13853,10,2025-10-10,BUY,3871,97.22,Equity
13854,13,2025-10-10,SELL,1948,45.62,Commodity
13855,6,2025-10-10,SELL,419,268.68,Equity
13856,13,2025-10-10,SELL,1550,45.68,Commodity
13857,13,2025-10-10,SELL,2798,45.56,Commodity
13858,8,2025-10-10,SELL,2062,79.49,Equity
13859,1,2025-10-10,BUY,700,307.43,Equity
13860,9,2025-10-10,SELL,1557,258.68,Equity
13861,1,2025-10-13,BUY,3471,302.53,Equity
13862,11,2025-10-13,BUY,2916,98.89,ETF
13863,6,2025-10-13,BUY,2107,265.21,Equity
13864,1,2025-10-13,BUY,2591,301.51,Equity
13865,1,2025-10-13,SELL,4232,302.31,Equity
13866,1,2025-10-13,BUY,2198,301.7,Equity
13867,10,2025-10-13,BUY,4679,98.29,Equity
13868,13,2025-10-13,SELL,36,45.53,Commodity
13869,8,2025-10-13,SELL,2410,80.61,Equity
13870,6,2025-10-13,BUY,1578,266.09,Equity
13871,5,2025-10-13,SELL,1036,658.67,Equity
13872,14,2025-10-13,BUY,443,60.39,Commodity
13873,9,2025-10-13,BUY,1569,254.29,Equity
13874,2,2025-10-13,BUY,3402,32.63,Equity
13875,5,2025-10-13,BUY,220,659.65,Equity
13876,12,2025-10-13,BUY,4563,211.93,Bond
13877,8,2025-10-13,SELL,2646,80.45,Equity
13878,13,2025-10-13,SELL,4451,45.73,Commodity
13879,7,2025-10-13,SELL,3488,258.34,Equity
13880,4,2025-10-13,BUY,3479,115.4,Equity
13881,9,2025-10-13,SELL,2580,253.86,Equity
13882,8,2025-10-13,SELL,1590,80.57,Equity
13883,3,2025-10-13,BUY,4513,178.66,Equity
13884,2,2025-10-13,SELL,3763,32.65,Equity
13885,5,2025-10-13,SELL,2612,660.72,Equity
13886,5,2025-10-13,BUY,683,659.09,Equity
13887,2,2025-10-13,SELL,1982,32.6,Equity
13888,12,2025-10-13,SELL,2397,211.32,Bond
13889,13,2025-10-13,BUY,4761,45.67,Commodity
13890,5,2025-10-13,BUY,813,658.85,Equity
13891,15,2025-10-13,BUY,4685,270.52,Currency
13892,8,2025-10-13,BUY,377,80.22,Equity
13893,1,2025-10-13,BUY,1787,301.66,Equity
13894,3,2025-10-13,SELL,342,179.0,Equity
13895,12,2025-10-13,SELL,687,211.79,Bond
13896,4,2025-10-13,BUY,1900,115.67,Equity
13897,7,2025-10-13,BUY,4504,258.05,Equity
13898,2,2025-10-13,BUY,1315,32.58,Equity
13899,14,2025-10-14,BUY,460,60.21,Commodity
13900,9,2025-10-14,BUY,3405,262.9,Equity
13901,11,2025-10-14,BUY,621,98.51,ETF
13902,3,2025-10-14,SELL,866,178.37,Equity
13903,13,2025-10-14,BUY,496,45.33,Commodity
13904,11,2025-10-14,BUY,1060,98.61,ETF
13905,10,2025-10-14,BUY,3419,97.52,Equity
13906,14,2025-10-14,SELL,2764,60.0,Commodity
13907,5,2025-10-14,BUY,913,646.13,Equity
13908,6,2025-10-14,BUY,590,264.81,Equity
13909,4,2025-10-14,BUY,366,115.08,Equity
13910,15,2025-10-14,BUY,451,273.94,Currency
13911,6,2025-10-14,BUY,3716,263.87,Equity
13912,5,2025-10-14,SELL,582,648.14,Equity
13913,5,2025-10-14,SELL,474,648.81,Equity
13914,4,2025-10-14,BUY,4078,115.07,Equity
13915,15,2025-10-14,SELL,2951,274.19,Currency
13916,12,2025-10-14,BUY,2734,212.9,Bond
13917,13,2025-10-14,SELL,2617,45.31,Commodity
13918,14,2025-10-14,SELL,2183,60.03,Commodity
13919,7,2025-10-14,SELL,3217,258.13,Equity
13920,8,2025-10-14,BUY,1704,81.34,Equity
13921,11,2025-10-14,BUY,2243,98.17,ETF
13922,2,2025-10-14,SELL,1256,32.55,Equity
13923,9,2025-10-14,SELL,2255,262.4,Equity
13924,6,2025-10-14,SELL,2762,264.19,Equity
13925,2,2025-10-14,SELL,4543,32.51,Equity
13926,13,2025-10-14,BUY,4314,45.18,Commodity
13927,13,2025-10-15,SELL,1070,44.82,Commodity
13928,11,2025-10-15,BUY,1713,98.49,ETF
13929,14,2025-10-15,SELL,688,59.11,Commodity
13930,4,2025-10-15,BUY,83,114.26,Equity
13931,8,2025-10-15,BUY,3187,81.81,Equity
13932,8,2025-10-15,BUY,4959,81.75,Equity
13933,12,2025-10-15,BUY,201,211.84,Bond
13934,12,2025-10-15,BUY,3899,211.24,Bond
13935,2,2025-10-15,BUY,3830,32.82,Equity
13936,8,2025-10-15,BUY,1985,81.83,Equity
13937,12,2025-10-15,SELL,3310,211.42,Bond
13938,3,2025-10-15,BUY,4821,177.42,Equity
13939,8,2025-10-15,BUY,2843,81.64,Equity
13940,13,2025-10-15,SELL,1579,44.83,Commodity
13941,2,2025-10-15,SELL,3557,32.96,Equity
13942,1,2025-10-15,BUY,3532,312.79,Equity
13943,10,2025-10-15,BUY,4953,100.67,Equity
13944,6,2025-10-15,BUY,1276,270.73,Equity
13945,10,2025-10-15,BUY,500,101.1,Equity
13946,13,2025-10-15,SELL,2177,44.97,Commodity
13947,7,2025-10-15,SELL,1116,260.06,Equity
13948,14,2025-10-15,BUY,3503,59.03,Commodity
13949,4,2025-10-15,SELL,1760,114.21,Equity
13950,1,2025-10-15,SELL,1806,313.0,Equity
13951,12,2025-10-15,BUY,4628,211.38,Bond
13952,15,2025-10-16,BUY,126,275.46,Currency
13953,3,2025-10-16,SELL,850,179.94,Equity
13954,5,2025-10-16,SELL,4717,648.46,Equity
13955,9,2025-10-16,BUY,4456,269.73,Equity
13956,12,2025-10-16,BUY,950,211.43,Bond
13957,1,2025-10-16,BUY,4225,322.87,Equity
13958,3,2025-10-16,BUY,569,179.98,Equity
13959,4,2025-10-16,SELL,4062,114.05,Equity
13960,2,2025-10-16,SELL,2997,32.34,Equity
13961,9,2025-10-16,BUY,4227,269.65,Equity
13962,10,2025-10-16,BUY,3434,102.0,Equity
13963,2,2025-10-16,SELL,3341,32.42,Equity
13964,2,2025-10-16,SELL,1791,32.29,Equity
13965,5,2025-10-16,BUY,780,647.53,Equity
13966,1,2025-10-16,SELL,4882,322.72,Equity
13967,10,2025-10-16,BUY,2714,101.76,Equity
13968,10,2025-10-16,SELL,4141,102.04,Equity
13969,5,2025-10-16,BUY,4090,649.57,Equity
13970,2,2025-10-16,SELL,438,32.35,Equity
13971,11,2025-10-16,BUY,765,98.96,ETF
13972,4,2025-10-16,BUY,2250,114.49,Equity
13973,2,2025-10-16,SELL,3275,32.34,Equity
13974,15,2025-10-16,BUY,1892,276.12,Currency
13975,4,2025-10-16,SELL,1598,114.31,Equity
13976,8,2025-10-16,SELL,2156,83.93,Equity
13977,10,2025-10-16,BUY,3054,101.84,Equity
13978,8,2025-10-16,SELL,2210,83.87,Equity
13979,4,2025-10-16,BUY,1146,114.22,Equity
13980,2,2025-10-16,SELL,3075,32.41,Equity
13981,13,2025-10-16,BUY,3433,46.93,Commodity
13982,13,2025-10-16,SELL,206,46.93,Commodity
13983,12,2025-10-16,SELL,161,212.44,Bond
13984,1,2025-10-16,BUY,2268,323.5,Equity
13985,10,2025-10-16,BUY,1645,101.66,Equity
13986,1,2025-10-16,SELL,3826,323.54,Equity
13987,14,2025-10-16,BUY,3252,59.58,Commodity
13988,14,2025-10-16,SELL,1944,59.56,Commodity
13989,8,2025-10-16,SELL,3460,83.65,Equity
13990,5,2025-10-17,BUY,2876,654.95,Equity
13991,2,2025-10-17,BUY,3136,31.6,Equity
13992,10,2025-10-17,BUY,144,101.13,Equity
13993,14,2025-10-17,SELL,2322,61.42,Commodity
13994,15,2025-10-17,BUY,4648,278.12,Currency
13995,11,2025-10-17,SELL,3613,98.76,ETF
13996,5,2025-10-17,BUY,2382,656.24,Equity
13997,14,2025-10-17,BUY,677,61.26,Commodity
13998,3,2025-10-17,SELL,4704,182.93,Equity
13999,1,2025-10-17,BUY,3092,320.95,Equity
14000,14,2025-10-17,SELL,2559,61.47,Commodity
14001,14,2025-10-17,BUY,4165,61.37,Commodity
14002,1,2025-10-17,SELL,3264,321.69,Equity
14003,1,2025-10-17,SELL,3382,320.23,Equity
14004,11,2025-10-17,SELL,2335,98.5,ETF
14005,5,2025-10-17,SELL,3839,656.67,Equity
14006,10,2025-10-17,SELL,4091,101.12,Equity
14007,8,2025-10-17,BUY,2598,83.58,Equity
14008,1,2025-10-17,SELL,4009,321.29,Equity
14009,1,2025-10-17,BUY,752,320.1,Equity
14010,11,2025-10-17,BUY,188,98.46,ETF
14011,4,2025-10-17,BUY,4566,114.31,Equity
14012,1,2025-10-17,BUY,4157,321.63,Equity
14013,12,2025-10-17,SELL,1782,211.26,Bond
14014,4,2025-10-17,SELL,2785,114.37,Equity
14015,14,2025-10-17,SELL,3675,61.15,Commodity
14016,9,2025-10-17,BUY,3339,271.36,Equity
14017,4,2025-10-17,SELL,2726,114.32,Equity
14018,12,2025-10-17,SELL,3493,211.57,Bond
14019,10,2025-10-17,SELL,528,100.73,Equity
14020,11,2025-10-17,SELL,4209,98.82,ETF
14021,12,2025-10-17,SELL,3690,211.33,Bond
14022,10,2025-10-17,SELL,2770,100.66,Equity
14023,9,2025-10-17,BUY,2626,272.29,Equity
14024,15,2025-10-20,BUY,1676,274.62,Currency
14025,11,2025-10-20,SELL,3822,99.98,ETF
14026,11,2025-10-20,BUY,1364,100.18,ETF
14027,15,2025-10-20,BUY,2982,273.6,Currency
14028,8,2025-10-20,SELL,3670,85.21,Equity
14029,10,2025-10-20,SELL,1243,102.49,Equity
14030,10,2025-10-20,BUY,3948,102.47,Equity
14031,9,2025-10-20,SELL,2020,274.13,Equity
14032,14,2025-10-20,SELL,306,60.3,Commodity
14033,4,2025-10-20,SELL,1488,112.45,Equity
14034,9,2025-10-20,BUY,4665,273.57,Equity
14035,2,2025-10-20,BUY,2509,31.1,Equity
14036,4,2025-10-20,SELL,380,112.43,Equity
14037,4,2025-10-20,SELL,3786,112.17,Equity
14038,15,2025-10-20,BUY,3197,273.16,Currency
14039,11,2025-10-20,BUY,3149,100.22,ETF
14040,5,2025-10-20,BUY,427,658.76,Equity
14041,3,2025-10-20,BUY,4048,179.91,Equity
14042,9,2025-10-20,BUY,438,273.64,Equity
14043,5,2025-10-20,SELL,4982,656.98,Equity
14044,2,2025-10-20,SELL,918,30.98,Equity
14045,6,2025-10-21,BUY,4430,264.21,Equity
14046,13,2025-10-21,BUY,1877,47.9,Commodity
14047,11,2025-10-21,SELL,4043,98.7,ETF
14048,8,2025-10-21,SELL,2412,85.39,Equity
14049,9,2025-10-21,BUY,2895,273.14,Equity
14050,8,2025-10-21,SELL,1414,85.32,Equity
14051,13,2025-10-21,SELL,1502,47.67,Commodity
14052,15,2025-10-21,BUY,4679,274.06,Currency
14053,6,2025-10-21,BUY,140,263.57,Equity
14054,11,2025-10-21,SELL,843,98.86,ETF
14055,7,2025-10-21,SELL,4300,253.98,Equity
14056,12,2025-10-21,BUY,1981,211.36,Bond
14057,15,2025-10-21,BUY,2004,274.81,Currency
14058,11,2025-10-21,SELL,2204,98.64,ETF
14059,7,2025-10-21,SELL,2912,254.02,Equity
14060,9,2025-10-21,BUY,2026,272.35,Equity
14061,15,2025-10-21,BUY,4961,274.34,Currency
14062,8,2025-10-21,BUY,822,85.42,Equity
14063,6,2025-10-21,SELL,4530,264.7,Equity
14064,8,2025-10-21,SELL,1736,85.36,Equity
14065,6,2025-10-21,SELL,70,264.09,Equity
14066,1,2025-10-21,SELL,533,326.0,Equity
14067,11,2025-10-21,SELL,1250,98.76,ETF
14068,12,2025-10-21,SELL,1202,211.21,Bond
14069,11,2025-10-21,SELL,3246,98.93,ETF
14070,6,2025-10-21,SELL,2637,263.69,Equity
14071,10,2025-10-21,BUY,180,104.47,Equity
14072,1,2025-10-21,SELL,3001,326.74,Equity
14073,11,2025-10-21,SELL,3609,98.66,ETF
14074,15,2025-10-21,BUY,1381,274.33,Currency
14075,6,2025-10-21,BUY,1732,264.52,Equity
14076,14,2025-10-21,BUY,2026,58.61,Commodity
14077,13,2025-10-21,SELL,1470,47.73,Commodity
14078,11,2025-10-22,BUY,2768,97.87,ETF
14079,7,2025-10-22,SELL,2910,251.81,Equity
14080,4,2025-10-22,SELL,1919,109.55,Equity
14081,5,2025-10-22,SELL,2792,659.69,Equity
14082,8,2025-10-22,SELL,4245,86.66,Equity
14083,14,2025-10-22,SELL,4172,57.99,Commodity
14084,14,2025-10-22,SELL,1537,57.98,Commodity
14085,15,2025-10-22,BUY,981,275.8,Currency
14086,4,2025-10-22,SELL,3573,109.51,Equity
14087,5,2025-10-22,BUY,582,660.32,Equity
14088,7,2025-10-22,BUY,2897,252.92,Equity
14089,10,2025-10-22,SELL,2292,104.31,Equity
14090,13,2025-10-22,BUY,4947,47.79,Commodity
14091,10,2025-10-22,BUY,74,104.46,Equity
14092,13,2025-10-22,SELL,1749,47.79,Commodity
14093,1,2025-10-22,BUY,4869,329.68,Equity
14094,8,2025-10-22,SELL,4318,86.64,Equity
14095,5,2025-10-22,BUY,733,657.95,Equity
14096,8,2025-10-22,SELL,1750,86.74,Equity
14097,6,2025-10-22,BUY,2937,267.42,Equity
14098,13,2025-10-23,SELL,145,47.88,Commodity
14099,8,2025-10-23,BUY,4447,88.17,Equity
14100,3,2025-10-23,SELL,3568,188.75,Equity
14101,11,2025-10-23,SELL,1630,97.78,ETF
14102,8,2025-10-23,BUY,1441,88.38,Equity
14103,10,2025-10-23,SELL,2759,103.4,Equity
14104,2,2025-10-23,SELL,3663,31.4,Equity
14105,15,2025-10-23,BUY,820,276.48,Currency
14106,9,2025-10-23,SELL,2772,273.93,Equity
14107,14,2025-10-23,SELL,4674,58.12,Commodity
14108,5,2025-10-23,BUY,1557,645.8,Equity
14109,12,2025-10-23,BUY,4323,212.09,Bond
14110,8,2025-10-23,SELL,3164,88.54,Equity
14111,12,2025-10-23,BUY,4553,212.33,Bond
14112,15,2025-10-23,SELL,3224,277.05,Currency
14113,15,2025-10-23,BUY,424,277.63,Currency
14114,9,2025-10-23,BUY,2818,273.55,Equity
14115,9,2025-10-23,SELL,3098,274.67,Equity
14116,8,2025-10-23,SELL,3131,88.58,Equity
14117,8,2025-10-23,BUY,838,88.26,Equity
14118,13,2025-10-23,SELL,1032,47.89,Commodity
14119,14,2025-10-23,SELL,3816,58.19,Commodity
14120,7,2025-10-23,SELL,672,250.78,Equity
14121,12,2025-10-23,BUY,3826,211.9,Bond
14122,6,2025-10-23,BUY,3077,273.14,Equity
14123,3,2025-10-23,BUY,1749,188.08,Equity
14124,9,2025-10-23,BUY,3239,274.19,Equity
14125,1,2025-10-23,SELL,3883,328.04,Equity
14126,5,2025-10-24,SELL,4825,637.27,Equity
14127,5,2025-10-24,BUY,1014,637.5,Equity
14128,6,2025-10-24,BUY,3968,286.8,Equity
14129,1,2025-10-24,SELL,4896,324.81,Equity
14130,3,2025-10-24,BUY,4923,186.75,Equity
14131,1,2025-10-24,BUY,2345,324.33,Equity
14132,8,2025-10-24,SELL,1484,89.85,Equity
14133,7,2025-10-24,SELL,2164,253.64,Equity
14134,11,2025-10-24,BUY,2853,98.51,ETF
14135,15,2025-10-24,SELL,814,279.6,Currency
14136,8,2025-10-24,SELL,2218,89.82,Equity
14137,1,2025-10-24,BUY,660,324.91,Equity
14138,13,2025-10-24,BUY,1400,47.53,Commodity
14139,15,2025-10-24,BUY,2202,279.4,Currency
14140,4,2025-10-24,BUY,1835,110.67,Equity
14141,15,2025-10-24,SELL,1608,278.98,Currency
14142,2,2025-10-24,SELL,1343,32.23,Equity
14143,9,2025-10-24,SELL,3941,276.61,Equity
14144,2,2025-10-24,SELL,943,32.26,Equity
14145,9,2025-10-24,SELL,74,276.85,Equity
14146,2,2025-10-24,BUY,4603,32.26,Equity
14147,13,2025-10-24,SELL,4279,47.61,Commodity
14148,9,2025-10-24,SELL,736,276.26,Equity
14149,14,2025-10-24,BUY,2297,57.78,Commodity
14150,5,2025-10-24,BUY,4524,636.35,Equity
14151,10,2025-10-24,BUY,1910,101.3,Equity
14152,11,2025-10-24,SELL,2347,98.5,ETF
14153,9,2025-10-24,BUY,4289,276.71,Equity
14154,13,2025-10-24,SELL,4242,47.56,Commodity
14155,14,2025-10-24,BUY,1758,57.75,Commodity
14156,9,2025-10-24,SELL,3736,275.91,Equity
14157,10,2025-10-24,SELL,4920,101.11,Equity
14158,1,2025-10-24,SELL,12,324.99,Equity
14159,9,2025-10-24,BUY,2388,276.5,Equity
14160,1,2025-10-24,BUY,1716,324.03,Equity
14161,12,2025-10-24,SELL,1617,212.78,Bond
14162,11,2025-10-27,BUY,3845,99.66,ETF
14163,10,2025-10-27,BUY,3341,101.61,Equity
14164,11,2025-10-27,BUY,1970,99.75,ETF
14165,15,2025-10-27,SELL,469,278.38,Currency
14166,5,2025-10-27,BUY,2272,627.61,Equity
14167,14,2025-10-27,BUY,4146,53.86,Commodity
14168,4,2025-10-27,BUY,3023,108.43,Equity
14169,2,2025-10-27,BUY,2937,32.25,Equity
14170,8,2025-10-27,BUY,3331,90.58,Equity
14171,8,2025-10-27,BUY,1490,90.77,Equity
14172,15,2025-10-27,SELL,2194,278.72,Currency
14173,3,2025-10-27,BUY,4785,186.07,Equity
14174,5,2025-10-27,BUY,4534,630.8,Equity
14175,6,2025-10-27,SELL,4409,281.46,Equity
14176,6,2025-10-27,BUY,395,282.9,Equity
14177,10,2025-10-27,SELL,768,101.66,Equity
14178,9,2025-10-27,SELL,135,278.75,Equity
14179,13,2025-10-27,BUY,2733,47.73,Commodity
14180,2,2025-10-27,BUY,3722,32.33,Equity
14181,4,2025-10-27,SELL,1236,108.27,Equity
14182,14,2025-10-27,BUY,1499,53.92,Commodity
14183,5,2025-10-27,SELL,2577,629.87,Equity
14184,5,2025-10-27,SELL,4307,627.6,Equity
14185,4,2025-10-27,SELL,2432,108.72,Equity
14186,9,2025-10-27,BUY,1345,278.61,Equity
14187,1,2025-10-27,SELL,196,326.74,Equity
14188,15,2025-10-27,SELL,1114,278.79,Currency
14189,7,2025-10-27,BUY,896,250.4,Equity
14190,9,2025-10-27,BUY,1934,279.09,Equity
14191,15,2025-10-27,BUY,2393,278.04,Currency
14192,14,2025-10-28,SELL,115,53.19,Commodity
14193,9,2025-10-28,BUY,2402,275.09,Equity
14194,9,2025-10-28,BUY,2434,274.8,Equity
14195,5,2025-10-28,BUY,606,628.72,Equity
14196,13,2025-10-28,SELL,4639,49.41,Commodity
14197,5,2025-10-28,SELL,4479,630.46,Equity
14198,14,2025-10-28,SELL,348,53.23,Commodity
14199,12,2025-10-28,SELL,4727,212.58,Bond
14200,5,2025-10-28,SELL,450,628.48,Equity
14201,1,2025-10-28,BUY,4017,324.22,Equity
14202,1,2025-10-28,BUY,2716,325.02,Equity
14203,4,2025-10-28,SELL,4336,112.75,Equity
14204,10,2025-10-28,BUY,2510,101.13,Equity
14205,8,2025-10-28,BUY,4824,88.79,Equity
14206,1,2025-10-28,BUY,3800,323.97,Equity
14207,1,2025-10-28,BUY,4934,323.79,Equity
14208,12,2025-10-28,BUY,949,212.38,Bond
14209,4,2025-10-28,BUY,3917,112.91,Equity
14210,10,2025-10-28,BUY,724,101.33,Equity
14211,13,2025-10-28,BUY,2453,49.33,Commodity
14212,8,2025-10-29,SELL,1681,87.66,Equity
14213,6,2025-10-29,SELL,4082,285.59,Equity
14214,15,2025-10-29,SELL,4965,278.51,Currency
14215,6,2025-10-29,SELL,3344,286.42,Equity
14216,2,2025-10-29,BUY,3385,31.89,Equity
14217,9,2025-10-29,SELL,224,278.18,Equity
14218,8,2025-10-29,SELL,1715,87.59,Equity
14219,14,2025-10-29,SELL,3099,50.66,Commodity
14220,11,2025-10-29,SELL,2511,96.39,ETF
14221,13,2025-10-29,SELL,1803,48.16,Commodity
14222,4,2025-10-29,SELL,4089,115.07,Equity
14223,12,2025-10-29,SELL,3889,211.58,Bond
14224,13,2025-10-29,SELL,3678,48.1,Commodity
14225,15,2025-10-29,SELL,3168,278.54,Currency
14226,13,2025-10-29,BUY,1218,48.1,Commodity
14227,6,2025-10-29,SELL,1163,286.48,Equity
14228,12,2025-10-29,BUY,339,211.38,Bond
14229,13,2025-10-29,SELL,3238,47.95,Commodity
14230,2,2025-10-29,BUY,1057,31.93,Equity
14231,9,2025-10-29,BUY,2097,279.27,Equity
14232,9,2025-10-29,SELL,4652,278.45,Equity
14233,2,2025-10-29,BUY,34,31.84,Equity
14234,10,2025-10-29,SELL,3998,102.91,Equity
14235,13,2025-10-29,BUY,4261,48.07,Commodity
14236,5,2025-10-29,BUY,4346,627.18,Equity
14237,6,2025-10-29,SELL,3797,286.82,Equity
14238,9,2025-10-30,SELL,1772,278.38,Equity
14239,2,2025-10-30,SELL,1384,31.44,Equity
14240,3,2025-10-30,SELL,2907,188.17,Equity
14241,8,2025-10-30,BUY,2078,88.6,Equity
14242,5,2025-10-30,SELL,1563,623.58,Equity
14243,8,2025-10-30,SELL,2318,88.23,Equity
14244,2,2025-10-30,SELL,4903,31.46,Equity
14245,14,2025-10-30,BUY,2527,50.08,Commodity
14246,10,2025-10-30,SELL,3826,102.75,Equity
14247,7,2025-10-30,SELL,2533,244.84,Equity
14248,6,2025-10-30,BUY,3983,292.77,Equity
14249,6,2025-10-30,SELL,1615,291.94,Equity
14250,15,2025-10-30,SELL,1073,274.37,Currency
14251,3,2025-10-30,SELL,769,187.93,Equity
14252,12,2025-10-30,SELL,2126,209.63,Bond
14253,3,2025-10-30,SELL,4909,188.07,Equity
14254,10,2025-10-30,SELL,1947,102.55,Equity
14255,9,2025-10-30,SELL,3153,278.2,Equity
14256,13,2025-10-30,BUY,4351,48.47,Commodity
14257,14,2025-10-30,BUY,1558,50.15,Commodity
14258,13,2025-10-30,BUY,1100,48.57,Commodity
14259,10,2025-10-30,BUY,1932,102.36,Equity
14260,12,2025-10-30,SELL,1109,208.53,Bond
14261,10,2025-10-30,SELL,3405,102.88,Equity
14262,6,2025-10-30,BUY,2889,292.56,Equity
14263,6,2025-10-30,BUY,953,292.14,Equity
14264,8,2025-10-30,SELL,1129,88.59,Equity
14265,2,2025-10-30,BUY,3471,31.52,Equity
14266,7,2025-10-30,SELL,3207,244.57,Equity
14267,4,2025-10-30,SELL,3251,113.73,Equity
14268,8,2025-10-30,SELL,145,88.32,Equity
14269,10,2025-10-30,SELL,1104,102.38,Equity
14270,3,2025-10-30,BUY,1513,188.18,Equity
14271,6,2025-10-30,SELL,1034,292.78,Equity
14272,9,2025-10-30,SELL,1024,278.72,Equity
14273,5,2025-10-30,SELL,4724,623.74,Equity
14274,8,2025-10-31,SELL,243,89.1,Equity
14275,1,2025-10-31,SELL,3358,321.2,Equity
14276,2,2025-10-31,BUY,169,31.01,Equity
14277,2,2025-10-31,BUY,1922,30.94,Equity
14278,11,2025-10-31,BUY,2165,97.56,ETF
14279,12,2025-10-31,SELL,4942,209.46,Bond
14280,15,2025-10-31,SELL,973,273.36,Currency
14281,13,2025-10-31,SELL,3777,48.08,Commodity
14282,5,2025-10-31,SELL,3837,617.47,Equity
14283,4,2025-10-31,BUY,2203,114.27,Equity
14284,2,2025-10-31,BUY,3954,31.02,Equity
14285,1,2025-10-31,BUY,3836,320.46,Equity
14286,12,2025-10-31,BUY,2735,210.17,Bond
14287,10,2025-10-31,SELL,1996,103.67,Equity
14288,11,2025-10-31,SELL,4507,97.7,ETF
14289,2,2025-10-31,SELL,4095,30.94,Equity
14290,1,2025-10-31,BUY,2205,321.17,Equity
14291,10,2025-10-31,BUY,1168,103.6,Equity
14292,7,2025-10-31,BUY,2775,242.1,Equity
14293,10,2025-10-31,BUY,4313,103.71,Equity
14294,12,2025-10-31,SELL,2917,210.49,Bond
14295,12,2025-10-31,BUY,1587,210.34,Bond
14296,6,2025-10-31,SELL,2937,289.96,Equity
14297,6,2025-10-31,BUY,2598,290.0,Equity
14298,2,2025-10-31,BUY,4069,31.0,Equity
14299,13,2025-10-31,SELL,785,48.17,Commodity
14300,7,2025-10-31,SELL,2927,242.35,Equity
14301,9,2025-10-31,BUY,2259,271.7,Equity
14302,6,2025-10-31,BUY,2405,288.59,Equity
14303,2,2025-11-03,BUY,3299,31.13,Equity
14304,9,2025-11-03,BUY,1504,274.56,Equity
14305,2,2025-11-03,BUY,2700,31.15,Equity
14306,5,2025-11-03,BUY,2957,618.21,Equity
14307,11,2025-11-03,BUY,2470,96.86,ETF
14308,7,2025-11-03,BUY,197,246.24,Equity
14309,2,2025-11-03,SELL,4417,31.14,Equity
14310,1,2025-11-03,BUY,2110,325.24,Equity
14311,5,2025-11-03,SELL,4822,619.38,Equity
14312,5,2025-11-03,BUY,1946,618.22,Equity
14313,7,2025-11-03,SELL,3324,245.9,Equity
14314,6,2025-11-03,BUY,1902,302.15,Equity
14315,12,2025-11-03,BUY,1799,210.22,Bond
14316,3,2025-11-03,BUY,310,190.11,Equity
14317,6,2025-11-03,BUY,1506,302.03,Equity
14318,13,2025-11-03,BUY,1242,48.14,Commodity
14319,13,2025-11-03,SELL,3517,48.07,Commodity
14320,9,2025-11-03,BUY,265,274.59,Equity
14321,6,2025-11-03,BUY,3900,302.89,Equity
14322,9,2025-11-03,SELL,155,274.26,Equity
14323,14,2025-11-03,SELL,3466,51.62,Commodity
14324,10,2025-11-03,SELL,2281,104.42,Equity
14325,13,2025-11-04,SELL,3548,49.27,Commodity
14326,10,2025-11-04,BUY,2990,103.99,Equity
14327,4,2025-11-04,SELL,3961,113.68,Equity
14328,14,2025-11-04,BUY,1010,50.25,Commodity
14329,3,2025-11-04,SELL,56,191.7,Equity
14330,2,2025-11-04,BUY,1855,31.79,Equity
14331,8,2025-11-04,BUY,3985,86.98,Equity
14332,12,2025-11-04,BUY,4900,209.29,Bond
14333,3,2025-11-04,SELL,329,191.65,Equity
14334,14,2025-11-04,BUY,1301,50.2,Commodity
14335,2,2025-11-04,SELL,3873,31.8,Equity
14336,11,2025-11-04,BUY,1852,96.91,ETF
14337,6,2025-11-04,BUY,4058,309.52,Equity
14338,9,2025-11-04,BUY,4858,274.85,Equity
14339,1,2025-11-04,SELL,2039,322.01,Equity
14340,8,2025-11-04,SELL,2760,86.75,Equity
14341,3,2025-11-04,SELL,3670,192.41,Equity
14342,5,2025-11-04,BUY,1821,627.99,Equity
14343,12,2025-11-04,BUY,669,209.51,Bond
14344,5,2025-11-04,SELL,2351,630.86,Equity
14345,12,2025-11-04,BUY,3828,209.85,Bond
14346,3,2025-11-04,BUY,3918,192.16,Equity
14347,9,2025-11-04,BUY,234,274.06,Equity
14348,15,2025-11-04,SELL,2922,270.22,Currency
14349,6,2025-11-04,SELL,3022,311.03,Equity
14350,9,2025-11-04,BUY,3123,275.52,Equity
14351,10,2025-11-04,BUY,4559,104.33,Equity
14352,7,2025-11-04,SELL,4580,243.92,Equity
14353,14,2025-11-04,SELL,1885,50.06,Commodity
14354,15,2025-11-04,SELL,1355,270.1,Currency
14355,14,2025-11-04,BUY,3242,50.27,Commodity
14356,4,2025-11-04,SELL,1874,113.56,Equity
14357,2,2025-11-04,BUY,241,31.75,Equity
14358,7,2025-11-05,SELL,1124,247.28,Equity
14359,5,2025-11-05,BUY,1438,640.19,Equity
14360,5,2025-11-05,SELL,2400,642.11,Equity
14361,12,2025-11-05,SELL,2092,210.1,Bond
14362,2,2025-11-05,BUY,4070,31.4,Equity
14363,9,2025-11-05,SELL,4003,280.22,Equity
14364,13,2025-11-05,SELL,4845,48.59,Commodity
14365,8,2025-11-05,SELL,180,87.25,Equity
14366,15,2025-11-05,BUY,4839,271.02,Currency
14367,4,2025-11-05,SELL,2208,112.83,Equity
14368,8,2025-11-05,SELL,1048,87.27,Equity
14369,2,2025-11-05,SELL,3851,31.26,Equity
14370,8,2025-11-05,BUY,1991,87.3,Equity
14371,11,2025-11-05,SELL,3535,96.36,ETF
14372,2,2025-11-05,SELL,1533,31.26,Equity
14373,2,2025-11-05,SELL,4767,31.28,Equity
14374,14,2025-11-05,SELL,1612,49.35,Commodity
14375,14,2025-11-05,BUY,262,49.43,Commodity
14376,7,2025-11-05,BUY,3173,246.4,Equity
14377,6,2025-11-05,BUY,2970,301.3,Equity
14378,4,2025-11-05,SELL,768,112.87,Equity
14379,14,2025-11-05,BUY,4191,49.53,Commodity
14380,1,2025-11-05,SELL,156,313.06,Equity
14381,2,2025-11-05,BUY,1356,31.38,Equity
14382,9,2025-11-05,BUY,1199,280.48,Equity
14383,9,2025-11-05,BUY,100,279.78,Equity
14384,6,2025-11-05,SELL,2472,300.37,Equity
14385,6,2025-11-05,BUY,4899,300.89,Equity
14386,14,2025-11-05,BUY,4630,49.44,Commodity
14387,13,2025-11-05,BUY,2391,48.48,Commodity
14388,13,2025-11-05,BUY,1443,48.56,Commodity
14389,7,2025-11-05,SELL,1953,246.73,Equity
14390,13,2025-11-05,SELL,367,48.54,Commodity
14391,9,2025-11-05,SELL,2095,279.63,Equity
14392,5,2025-11-05,BUY,2657,643.2,Equity
14393,12,2025-11-05,BUY,1809,209.58,Bond
14394,8,2025-11-05,BUY,2931,87.08,Equity
14395,10,2025-11-06,SELL,1895,104.67,Equity
14396,5,2025-11-06,SELL,3000,627.13,Equity
14397,3,2025-11-06,BUY,2648,196.66,Equity
14398,12,2025-11-06,BUY,2618,211.62,Bond
14399,8,2025-11-06,BUY,3135,89.39,Equity
14400,4,2025-11-06,BUY,4697,112.86,Equity
14401,7,2025-11-06,SELL,2791,249.45,Equity
14402,1,2025-11-06,BUY,2621,317.77,Equity
14403,7,2025-11-06,BUY,1171,250.0,Equity
14404,6,2025-11-06,SELL,1930,295.49,Equity
14405,2,2025-11-06,BUY,1113,30.54,Equity
14406,11,2025-11-06,SELL,3480,95.98,ETF
14407,13,2025-11-06,BUY,410,48.48,Commodity
14408,2,2025-11-06,SELL,2804,30.56,Equity
14409,9,2025-11-06,BUY,3516,279.92,Equity
14410,14,2025-11-06,BUY,3791,50.15,Commodity
14411,13,2025-11-06,BUY,3312,48.74,Commodity
14412,4,2025-11-06,BUY,4671,113.15,Equity
14413,7,2025-11-06,BUY,4579,250.34,Equity
14414,10,2025-11-06,BUY,4144,104.81,Equity
14415,15,2025-11-06,SELL,1627,272.66,Currency
14416,10,2025-11-06,BUY,1177,104.79,Equity
14417,8,2025-11-06,BUY,2283,89.3,Equity
14418,2,2025-11-06,BUY,2115,30.66,Equity
14419,1,2025-11-06,BUY,608,316.69,Equity
14420,10,2025-11-06,BUY,2321,104.79,Equity
14421,12,2025-11-06,BUY,768,210.72,Bond
14422,14,2025-11-06,SELL,856,50.08,Commodity
14423,2,2025-11-06,BUY,2620,30.56,Equity
14424,3,2025-11-06,BUY,2236,196.77,Equity
14425,12,2025-11-06,BUY,3408,210.71,Bond
14426,1,2025-11-06,SELL,4568,317.2,Equity
14427,7,2025-11-06,BUY,1717,250.23,Equity
14428,1,2025-11-06,BUY,1538,316.98,Equity
14429,10,2025-11-07,SELL,466,105.04,Equity
14430,4,2025-11-07,SELL,4642,114.08,Equity
14431,9,2025-11-07,BUY,85,287.09,Equity
14432,4,2025-11-07,SELL,722,114.5,Equity
14433,2,2025-11-07,SELL,336,30.92,Equity
14434,12,2025-11-07,SELL,2550,211.47,Bond
14435,6,2025-11-07,SELL,3250,300.65,Equity
14436,10,2025-11-07,SELL,600,105.07,Equity
14437,8,2025-11-07,SELL,2163,89.83,Equity
14438,5,2025-11-07,BUY,1976,649.98,Equity
14439,13,2025-11-07,SELL,298,49.29,Commodity
14440,5,2025-11-07,SELL,2234,650.01,Equity
14441,14,2025-11-07,BUY,423,50.38,Commodity
14442,15,2025-11-07,BUY,4146,275.18,Currency
14443,14,2025-11-07,SELL,67,50.29,Commodity
14444,3,2025-11-07,BUY,3708,206.24,Equity
14445,3,2025-11-07,SELL,753,206.05,Equity
14446,14,2025-11-07,SELL,1883,50.43,Commodity
14447,2,2025-11-07,SELL,3639,30.83,Equity
14448,12,2025-11-07,SELL,3317,211.19,Bond
14449,13,2025-11-07,BUY,2395,49.33,Commodity
14450,15,2025-11-07,SELL,1721,275.83,Currency
14451,2,2025-11-07,SELL,2562,30.82,Equity
14452,12,2025-11-07,BUY,1330,211.37,Bond
14453,3,2025-11-07,SELL,1824,205.78,Equity
14454,13,2025-11-07,SELL,2241,49.24,Commodity
14455,14,2025-11-10,BUY,1973,50.2,Commodity
14456,13,2025-11-10,SELL,3700,50.2,Commodity
14457,14,2025-11-10,BUY,4724,50.09,Commodity
14458,13,2025-11-10,SELL,3661,50.2,Commodity
14459,11,2025-11-10,BUY,2667,93.59,ETF
14460,5,2025-11-10,SELL,1502,655.15,Equity
14461,4,2025-11-10,BUY,755,115.8,Equity
14462,4,2025-11-10,BUY,3719,115.97,Equity
14463,4,2025-11-10,SELL,1151,115.44,Equity
14464,8,2025-11-10,SELL,4746,89.72,Equity
14465,10,2025-11-10,SELL,428,104.27,Equity
14466,15,2025-11-10,SELL,2997,277.57,Currency
14467,15,2025-11-10,BUY,254,277.84,Currency
14468,12,2025-11-10,SELL,4919,211.71,Bond
14469,11,2025-11-10,SELL,3017,93.67,ETF
14470,3,2025-11-10,SELL,1807,206.53,Equity
14471,9,2025-11-10,BUY,3377,287.62,Equity
14472,12,2025-11-10,BUY,4154,212.24,Bond
14473,11,2025-11-10,BUY,1468,94.0,ETF
14474,2,2025-11-10,SELL,4698,31.96,Equity
14475,3,2025-11-10,SELL,3671,207.52,Equity
14476,11,2025-11-10,SELL,4667,93.81,ETF
14477,8,2025-11-10,SELL,300,89.65,Equity
14478,2,2025-11-10,BUY,3709,32.0,Equity
14479,8,2025-11-10,BUY,4110,89.77,Equity
14480,5,2025-11-10,SELL,1643,653.08,Equity
14481,11,2025-11-10,SELL,4976,93.62,ETF
14482,1,2025-11-11,SELL,2884,319.25,Equity
14483,14,2025-11-11,SELL,3192,51.3,Commodity
14484,2,2025-11-11,SELL,4373,31.96,Equity
14485,14,2025-11-11,BUY,3470,51.29,Commodity
14486,9,2025-11-11,SELL,682,295.79,Equity
14487,11,2025-11-11,BUY,4822,93.27,ETF
14488,13,2025-11-11,SELL,4585,47.75,Commodity
14489,11,2025-11-11,BUY,3836,93.55,ETF
14490,14,2025-11-11,BUY,961,51.21,Commodity
14491,1,2025-11-11,SELL,1017,319.14,Equity
14492,6,2025-11-11,SELL,4263,305.23,Equity
14493,8,2025-11-11,BUY,1493,90.21,Equity
14494,13,2025-11-11,BUY,473,48.0,Commodity
14495,1,2025-11-11,SELL,4514,318.83,Equity
14496,10,2025-11-11,BUY,2834,105.65,Equity
14497,15,2025-11-11,SELL,545,281.59,Currency
14498,5,2025-11-11,SELL,4858,661.72,Equity
14499,13,2025-11-11,SELL,382,47.98,Commodity
14500,12,2025-11-11,BUY,2470,210.96,Bond
14501,6,2025-11-11,BUY,2103,305.81,Equity
14502,8,2025-11-11,BUY,644,90.03,Equity
14503,8,2025-11-11,BUY,4135,90.36,Equity
14504,5,2025-11-12,BUY,2726,665.84,Equity
14505,10,2025-11-12,BUY,1597,102.47,Equity
14506,6,2025-11-12,BUY,583,298.82,Equity
14507,10,2025-11-12,SELL,40,102.55,Equity
14508,8,2025-11-12,SELL,244,90.7,Equity
14509,11,2025-11-12,BUY,3073,91.44,ETF
14510,11,2025-11-12,SELL,2005,91.14,ETF
14511,6,2025-11-12,BUY,4163,299.27,Equity
14512,9,2025-11-12,BUY,2165,301.22,Equity
14513,7,2025-11-12,SELL,1165,249.48,Equity
14514,7,2025-11-12,SELL,4602,249.03,Equity
14515,5,2025-11-12,SELL,3753,664.43,Equity
14516,10,2025-11-12,BUY,2685,102.62,Equity
14517,7,2025-11-12,BUY,2059,249.45,Equity
14518,6,2025-11-12,SELL,491,298.44,Equity
14519,6,2025-11-12,BUY,3359,298.31,Equity
14520,15,2025-11-12,BUY,475,281.09,Currency
14521,8,2025-11-12,SELL,2194,90.71,Equity
14522,2,2025-11-12,BUY,240,31.55,Equity
14523,2,2025-11-12,SELL,1881,31.5,Equity
14524,3,2025-11-12,BUY,2144,211.36,Equity
14525,9,2025-11-12,BUY,3325,300.38,Equity
14526,8,2025-11-12,SELL,1820,90.62,Equity
14527,9,2025-11-12,SELL,4901,301.64,Equity
14528,5,2025-11-12,SELL,682,664.31,Equity
14529,10,2025-11-12,BUY,983,102.78,Equity
14530,4,2025-11-12,SELL,869,115.82,Equity
14531,4,2025-11-12,SELL,4530,115.89,Equity
14532,1,2025-11-12,SELL,1986,316.82,Equity
14533,15,2025-11-12,BUY,1266,282.09,Currency
14534,8,2025-11-12,SELL,160,90.82,Equity
14535,5,2025-11-12,BUY,2275,666.44,Equity
14536,15,2025-11-12,BUY,2130,281.51,Currency
14537,4,2025-11-12,BUY,2536,115.62,Equity
14538,7,2025-11-12,BUY,493,249.23,Equity
14539,1,2025-11-12,BUY,4479,315.93,Equity
14540,8,2025-11-12,SELL,4890,90.86,Equity
14541,11,2025-11-13,SELL,2881,92.57,ETF
14542,4,2025-11-13,SELL,3852,113.46,Equity
14543,6,2025-11-13,SELL,3170,292.82,Equity
14544,2,2025-11-13,BUY,3592,30.9,Equity
14545,4,2025-11-13,BUY,1856,113.16,Equity
14546,1,2025-11-13,SELL,113,316.53,Equity
14547,4,2025-11-13,BUY,2322,113.38,Equity
14548,15,2025-11-13,SELL,962,282.68,Currency
14549,11,2025-11-13,BUY,2473,92.45,ETF
14550,4,2025-11-13,SELL,4331,113.25,Equity
14551,9,2025-11-13,SELL,4641,298.58,Equity
14552,15,2025-11-13,BUY,2587,281.34,Currency
14553,9,2025-11-13,SELL,42,297.86,Equity
14554,7,2025-11-13,SELL,3598,255.43,Equity
14555,6,2025-11-13,BUY,3420,292.82,Equity
14556,13,2025-11-13,SELL,3124,49.13,Commodity
14557,12,2025-11-13,SELL,531,210.21,Bond
14558,1,2025-11-13,BUY,3889,316.99,Equity
14559,8,2025-11-13,SELL,4689,89.71,Equity
14560,2,2025-11-13,BUY,3707,31.01,Equity
14561,13,2025-11-14,BUY,2595,48.64,Commodity
14562,12,2025-11-14,SELL,3927,210.12,Bond
14563,2,2025-11-14,BUY,1960,30.63,Equity
14564,8,2025-11-14,SELL,3440,87.36,Equity
14565,13,2025-11-14,SELL,2631,48.79,Commodity
14566,14,2025-11-14,SELL,3292,50.68,Commodity
14567,14,2025-11-14,BUY,4562,50.79,Commodity
14568,11,2025-11-14,SELL,1531,91.88,ETF
14569,2,2025-11-14,SELL,3482,30.58,Equity
14570,5,2025-11-14,SELL,4577,673.43,Equity
14571,8,2025-11-14,BUY,4926,87.56,Equity
14572,14,2025-11-14,BUY,3354,50.62,Commodity
14573,8,2025-11-14,BUY,334,87.65,Equity
14574,5,2025-11-14,SELL,1264,673.79,Equity
14575,6,2025-11-14,SELL,3116,293.66,Equity
14576,1,2025-11-14,SELL,602,317.96,Equity
14577,14,2025-11-14,SELL,3745,50.58,Commodity
14578,11,2025-11-14,SELL,4230,91.71,ETF
14579,8,2025-11-14,SELL,984,87.65,Equity
14580,7,2025-11-14,SELL,1849,257.87,Equity
14581,12,2025-11-14,BUY,34,209.21,Bond
14582,4,2025-11-14,SELL,3515,114.13,Equity
14583,7,2025-11-14,BUY,3029,257.89,Equity
14584,2,2025-11-14,BUY,3193,30.56,Equity
14585,6,2025-11-14,BUY,2003,293.52,Equity
14586,13,2025-11-14,SELL,4834,48.77,Commodity
14587,2,2025-11-14,BUY,2446,30.58,Equity
14588,12,2025-11-14,BUY,2817,209.61,Bond
14589,12,2025-11-17,SELL,4893,209.43,Bond
14590,13,2025-11-17,BUY,562,48.23,Commodity
14591,4,2025-11-17,BUY,2209,114.7,Equity
14592,14,2025-11-17,SELL,3146,51.72,Commodity
14593,6,2025-11-17,BUY,4613,291.43,Equity
14594,13,2025-11-17,BUY,2000,48.25,Commodity
14595,9,2025-11-17,SELL,4328,298.97,Equity
14596,15,2025-11-17,SELL,568,285.51,Currency
14597,11,2025-11-17,BUY,2266,91.03,ETF
14598,5,2025-11-17,SELL,2567,679.14,Equity
14599,10,2025-11-17,BUY,258,101.06,Equity
14600,3,2025-11-17,BUY,4149,202.26,Equity
14601,10,2025-11-17,BUY,2131,100.65,Equity
14602,10,2025-11-17,SELL,2290,100.86,Equity
14603,5,2025-11-17,BUY,2511,677.95,Equity
14604,2,2025-11-17,BUY,3912,31.75,Equity
14605,5,2025-11-17,BUY,356,679.58,Equity
14606,12,2025-11-17,BUY,2477,209.99,Bond
14607,8,2025-11-17,SELL,4102,87.08,Equity
14608,13,2025-11-17,SELL,3786,48.15,Commodity
14609,10,2025-11-17,SELL,2179,100.9,Equity
14610,15,2025-11-17,BUY,3566,285.92,Currency
14611,2,2025-11-17,BUY,3777,31.76,Equity
14612,5,2025-11-17,SELL,132,679.31,Equity
14613,14,2025-11-17,SELL,2137,51.9,Commodity
14614,13,2025-11-17,BUY,2096,48.25,Commodity
14615,9,2025-11-17,SELL,596,298.4,Equity
14616,8,2025-11-17,BUY,2197,87.16,Equity
14617,11,2025-11-17,BUY,2105,91.11,ETF
14618,6,2025-11-17,BUY,2256,292.66,Equity
14619,14,2025-11-18,BUY,2061,52.62,Commodity
14620,1,2025-11-18,BUY,1154,327.79,Equity
14621,10,2025-11-18,SELL,2943,101.26,Equity
14622,13,2025-11-18,BUY,3781,49.38,Commodity
14623,8,2025-11-18,BUY,588,85.28,Equity
14624,15,2025-11-18,BUY,2335,284.98,Currency
14625,8,2025-11-18,BUY,773,84.98,Equity
14626,5,2025-11-18,SELL,3487,695.06,Equity
14627,3,2025-11-18,SELL,3878,202.97,Equity
14628,5,2025-11-18,BUY,3295,692.34,Equity
14629,12,2025-11-18,SELL,1670,208.19,Bond
14630,8,2025-11-18,SELL,2086,85.23,Equity
14631,14,2025-11-18,SELL,801,52.63,Commodity
14632,13,2025-11-18,SELL,2056,49.51,Commodity
14633,7,2025-11-18,BUY,29,267.93,Equity
14634,14,2025-11-18,SELL,3704,52.52,Commodity
14635,11,2025-11-18,BUY,250,92.73,ETF
14636,13,2025-11-18,BUY,1659,49.34,Commodity
14637,5,2025-11-18,BUY,1469,693.21,Equity
14638,6,2025-11-18,BUY,495,289.9,Equity
14639,11,2025-11-18,BUY,4802,92.63,ETF
14640,4,2025-11-18,BUY,1018,115.99,Equity
14641,13,2025-11-19,BUY,2606,48.97,Commodity
14642,13,2025-11-19,SELL,1400,48.81,Commodity
14643,11,2025-11-19,SELL,4849,89.71,ETF
14644,10,2025-11-19,SELL,2693,100.58,Equity
14645,15,2025-11-19,SELL,2416,288.66,Currency
14646,7,2025-11-19,BUY,4741,260.02,Equity
14647,6,2025-11-19,SELL,1839,297.54,Equity
14648,6,2025-11-19,BUY,2020,297.97,Equity
14649,13,2025-11-19,BUY,3341,48.75,Commodity
14650,3,2025-11-19,SELL,4492,200.59,Equity
14651,4,2025-11-19,BUY,4810,115.29,Equity
14652,5,2025-11-19,BUY,4259,702.14,Equity
14653,15,2025-11-19,SELL,3431,287.64,Currency
14654,12,2025-11-19,BUY,2470,206.67,Bond
14655,14,2025-11-19,BUY,157,53.21,Commodity
14656,11,2025-11-19,BUY,971,89.85,ETF
14657,7,2025-11-19,SELL,1354,260.19,Equity
14658,8,2025-11-19,SELL,3769,86.64,Equity
14659,4,2025-11-19,BUY,3805,115.29,Equity
14660,1,2025-11-19,SELL,2029,327.88,Equity
14661,14,2025-11-19,BUY,285,53.21,Commodity
14662,3,2025-11-19,SELL,2069,200.28,Equity
14663,10,2025-11-19,BUY,1652,100.51,Equity
14664,12,2025-11-19,SELL,673,207.55,Bond
14665,11,2025-11-19,BUY,2180,89.75,ETF
14666,14,2025-11-19,BUY,2509,53.26,Commodity
14667,9,2025-11-19,BUY,2687,303.46,Equity
14668,7,2025-11-19,SELL,1093,260.22,Equity
14669,14,2025-11-19,BUY,3504,53.18,Commodity
14670,10,2025-11-20,BUY,2859,101.81,Equity
14671,2,2025-11-20,SELL,715,32.09,Equity
14672,14,2025-11-20,SELL,4225,51.99,Commodity
14673,8,2025-11-20,BUY,4693,87.98,Equity
14674,15,2025-11-20,BUY,2176,288.52,Currency
14675,4,2025-11-20,BUY,955,113.2,Equity
14676,13,2025-11-20,BUY,4048,49.2,Commodity
14677,13,2025-11-20,BUY,4552,49.17,Commodity
14678,10,2025-11-20,BUY,1222,102.27,Equity
14679,7,2025-11-20,SELL,3038,261.52,Equity
14680,12,2025-11-20,SELL,4133,206.45,Bond
14681,1,2025-11-20,SELL,2431,329.98,Equity
14682,5,2025-11-20,BUY,791,694.52,Equity
14683,12,2025-11-20,BUY,3296,206.52,Bond
14684,5,2025-11-20,SELL,3527,694.01,Equity
14685,3,2025-11-20,SELL,3521,193.96,Equity
14686,13,2025-11-20,SELL,2919,48.94,Commodity
14687,10,2025-11-20,SELL,629,102.2,Equity
14688,10,2025-11-20,BUY,2055,101.82,Equity
14689,5,2025-11-20,SELL,1039,692.64,Equity
14690,6,2025-11-20,BUY,2114,299.72,Equity
14691,12,2025-11-20,BUY,3924,206.8,Bond
14692,10,2025-11-20,SELL,1872,101.8,Equity
14693,3,2025-11-20,BUY,4351,193.89,Equity
14694,7,2025-11-20,SELL,1278,260.27,Equity
14695,14,2025-11-20,BUY,2483,51.83,Commodity
14696,1,2025-11-20,BUY,2906,329.74,Equity
14697,8,2025-11-20,BUY,1249,87.95,Equity
14698,9,2025-11-20,BUY,927,303.95,Equity
14699,6,2025-11-20,SELL,1534,299.81,Equity
14700,7,2025-11-20,SELL,2936,260.87,Equity
14701,10,2025-11-21,SELL,1391,100.78,Equity
14702,7,2025-11-21,BUY,4014,257.0,Equity
14703,8,2025-11-21,BUY,4893,85.92,Equity
14704,14,2025-11-21,SELL,1118,52.38,Commodity
14705,15,2025-11-21,SELL,541,291.14,Currency
14706,4,2025-11-21,BUY,153,113.04,Equity
14707,12,2025-11-21,SELL,940,205.84,Bond
14708,12,2025-11-21,BUY,4530,206.21,Bond
14709,10,2025-11-21,SELL,4239,100.44,Equity
14710,13,2025-11-21,SELL,1969,48.61,Commodity
14711,15,2025-11-21,SELL,4971,290.79,Currency
14712,12,2025-11-21,BUY,3977,206.12,Bond
14713,2,2025-11-21,BUY,2569,31.95,Equity
14714,1,2025-11-21,SELL,4592,332.99,Equity
14715,7,2025-11-21,BUY,3243,257.58,Equity
14716,5,2025-11-21,SELL,3359,686.72,Equity
14717,8,2025-11-21,SELL,3271,85.79,Equity
14718,8,2025-11-21,SELL,3818,85.92,Equity
14719,9,2025-11-21,SELL,2018,307.76,Equity
14720,6,2025-11-21,BUY,298,296.39,Equity
14721,13,2025-11-21,SELL,410,48.73,Commodity
14722,5,2025-11-21,SELL,4272,685.38,Equity
14723,3,2025-11-21,SELL,1742,192.94,Equity
14724,6,2025-11-21,SELL,4066,295.45,Equity
14725,12,2025-11-24,SELL,1970,205.97,Bond
14726,5,2025-11-24,BUY,908,699.8,Equity
14727,10,2025-11-24,SELL,3414,100.84,Equity
14728,12,2025-11-24,SELL,3644,205.89,Bond
14729,11,2025-11-24,BUY,3731,91.55,ETF
14730,8,2025-11-24,BUY,3643,86.93,Equity
14731,5,2025-11-24,BUY,2248,701.72,Equity
14732,6,2025-11-24,BUY,183,293.84,Equity
14733,15,2025-11-24,BUY,4931,291.29,Currency
14734,15,2025-11-24,SELL,4666,290.62,Currency
14735,3,2025-11-24,BUY,3151,196.55,Equity
14736,9,2025-11-24,SELL,690,303.63,Equity
14737,7,2025-11-24,BUY,2869,259.91,Equity
14738,3,2025-11-24,BUY,4294,196.25,Equity
14739,14,2025-11-24,BUY,4163,51.19,Commodity
14740,7,2025-11-24,BUY,3553,259.61,Equity
14741,11,2025-11-24,SELL,4913,91.52,ETF
14742,15,2025-11-24,BUY,593,291.26,Currency
14743,2,2025-11-24,SELL,4266,31.91,Equity
14744,13,2025-11-24,BUY,2279,46.7,Commodity
14745,11,2025-11-24,SELL,4371,91.56,ETF
14746,14,2025-11-24,BUY,4406,51.1,Commodity
14747,1,2025-11-24,BUY,3927,345.23,Equity
14748,4,2025-11-24,SELL,727,113.17,Equity
14749,14,2025-11-24,SELL,1379,51.08,Commodity
14750,7,2025-11-24,BUY,1994,259.82,Equity
14751,7,2025-11-24,SELL,2256,259.49,Equity
14752,14,2025-11-24,BUY,3743,51.19,Commodity
14753,9,2025-11-24,SELL,2935,302.9,Equity
14754,11,2025-11-24,BUY,3135,91.7,ETF
14755,3,2025-11-24,SELL,3762,196.44,Equity
14756,1,2025-11-25,BUY,1662,331.41,Equity
14757,1,2025-11-25,BUY,850,330.43,Equity
14758,1,2025-11-25,SELL,3054,330.27,Equity
14759,2,2025-11-25,SELL,1809,31.13,Equity
14760,10,2025-11-25,BUY,305,100.29,Equity
14761,6,2025-11-25,BUY,3983,293.2,Equity
14762,8,2025-11-25,BUY,4186,86.93,Equity
14763,15,2025-11-25,SELL,2071,291.78,Currency
14764,5,2025-11-25,BUY,1781,729.76,Equity
14765,9,2025-11-25,BUY,556,306.87,Equity
14766,11,2025-11-25,SELL,1994,90.88,ETF
14767,10,2025-11-25,BUY,4841,100.28,Equity
14768,8,2025-11-25,SELL,3411,87.03,Equity
14769,4,2025-11-25,BUY,3302,114.9,Equity
14770,8,2025-11-25,BUY,2202,87.14,Equity
14771,12,2025-11-25,SELL,4842,207.55,Bond
14772,8,2025-11-25,SELL,1747,87.09,Equity
14773,9,2025-11-25,SELL,2745,306.82,Equity
14774,13,2025-11-25,BUY,1092,46.33,Commodity
14775,1,2025-11-25,BUY,243,331.08,Equity
14776,6,2025-11-25,BUY,4505,293.1,Equity
14777,9,2025-11-25,SELL,308,307.02,Equity
14778,7,2025-11-25,SELL,3538,258.76,Equity
14779,3,2025-11-25,BUY,1666,197.83,Equity
14780,15,2025-11-25,BUY,2004,291.16,Currency
14781,3,2025-11-25,BUY,3603,198.57,Equity
14782,9,2025-11-26,BUY,95,316.57,Equity
14783,9,2025-11-26,SELL,512,315.89,Equity
14784,5,2025-11-26,SELL,4277,723.22,Equity
14785,1,2025-11-26,SELL,3890,333.05,Equity
14786,9,2025-11-26,BUY,2386,316.17,Equity
14787,7,2025-11-26,SELL,1827,262.21,Equity
14788,7,2025-11-26,SELL,3272,262.76,Equity
14789,11,2025-11-26,BUY,4460,90.26,ETF
14790,1,2025-11-26,SELL,369,333.3,Equity
14791,15,2025-11-26,SELL,4177,291.23,Currency
14792,13,2025-11-26,SELL,3131,45.8,Commodity
14793,5,2025-11-26,BUY,3280,720.51,Equity
14794,15,2025-11-26,BUY,237,290.94,Currency
14795,5,2025-11-26,BUY,251,723.22,Equity
14796,13,2025-11-26,SELL,1841,45.87,Commodity
14797,5,2025-11-26,SELL,4518,723.51,Equity
14798,1,2025-11-26,BUY,828,333.12,Equity
14799,4,2025-11-26,BUY,3890,119.29,Equity
14800,14,2025-11-26,SELL,2234,51.56,Commodity
14801,15,2025-11-26,SELL,1411,291.88,Currency
14802,14,2025-11-26,SELL,723,51.64,Commodity
14803,15,2025-11-27,SELL,3520,292.56,Currency
14804,14,2025-11-27,SELL,4415,51.94,Commodity
14805,5,2025-11-27,SELL,4824,721.42,Equity
14806,9,2025-11-27,BUY,3191,322.7,Equity
14807,5,2025-11-27,SELL,1937,720.06,Equity
14808,12,2025-11-27,BUY,2932,206.83,Bond
14809,6,2025-11-27,SELL,4995,296.94,Equity
14810,2,2025-11-27,SELL,383,28.96,Equity
14811,5,2025-11-27,SELL,1246,721.74,Equity
14812,8,2025-11-27,SELL,707,88.54,Equity
14813,6,2025-11-27,BUY,1150,296.68,Equity
14814,3,2025-11-27,SELL,3586,199.42,Equity
14815,7,2025-11-27,SELL,587,262.52,Equity
14816,11,2025-11-27,SELL,3540,89.6,ETF
14817,14,2025-11-27,BUY,3232,51.9,Commodity
14818,4,2025-11-27,SELL,22,121.34,Equity
14819,14,2025-11-27,SELL,29,51.88,Commodity
14820,13,2025-11-27,BUY,3903,45.16,Commodity
14821,8,2025-11-27,SELL,3347,88.67,Equity
14822,5,2025-11-27,BUY,4495,721.92,Equity
14823,4,2025-11-27,BUY,1712,121.64,Equity
14824,11,2025-11-27,BUY,2932,89.76,ETF
14825,8,2025-11-27,BUY,3855,88.38,Equity
14826,10,2025-11-27,BUY,4174,100.6,Equity
14827,14,2025-11-27,BUY,3297,51.78,Commodity
14828,6,2025-11-27,SELL,253,296.44,Equity
14829,13,2025-11-27,BUY,1686,45.2,Commodity
14830,14,2025-11-27,BUY,542,52.01,Commodity
14831,4,2025-11-27,SELL,4464,121.77,Equity
14832,7,2025-11-27,SELL,2730,261.19,Equity
14833,9,2025-11-27,SELL,4544,323.55,Equity
14834,4,2025-11-27,SELL,4175,121.65,Equity
14835,11,2025-11-27,SELL,3918,89.57,ETF
14836,13,2025-11-27,SELL,1928,45.19,Commodity
14837,1,2025-11-27,BUY,1611,330.01,Equity
14838,13,2025-11-28,BUY,4668,45.53,Commodity
14839,1,2025-11-28,SELL,2717,321.47,Equity
14840,8,2025-11-28,SELL,1242,86.15,Equity
14841,4,2025-11-28,BUY,1397,123.94,Equity
14842,8,2025-11-28,SELL,782,86.4,Equity
14843,15,2025-11-28,BUY,778,290.87,Currency
14844,9,2025-11-28,BUY,1874,333.37,Equity
14845,12,2025-11-28,SELL,1270,207.44,Bond
14846,9,2025-11-28,BUY,4578,334.58,Equity
14847,7,2025-11-28,SELL,2924,266.74,Equity
14848,7,2025-11-28,SELL,906,266.79,Equity
14849,9,2025-11-28,BUY,737,334.53,Equity
14850,8,2025-11-28,SELL,1523,86.09,Equity
14851,9,2025-11-28,SELL,661,332.81,Equity
14852,15,2025-11-28,SELL,787,290.49,Currency
14853,3,2025-11-28,BUY,3679,200.04,Equity
14854,2,2025-11-28,BUY,4807,28.57,Equity
14855,10,2025-11-28,SELL,2576,100.56,Equity
14856,6,2025-11-28,SELL,1208,294.58,Equity
14857,7,2025-11-28,SELL,897,266.67,Equity
14858,10,2025-11-28,SELL,2199,100.45,Equity
14859,9,2025-11-28,SELL,2175,332.9,Equity
14860,12,2025-11-28,SELL,148,207.38,Bond
14861,8,2025-11-28,SELL,4173,86.0,Equity
14862,10,2025-11-28,BUY,4716,100.42,Equity
14863,5,2025-11-28,BUY,4231,713.54,Equity
14864,2,2025-11-28,BUY,1546,28.62,Equity
14865,3,2025-11-28,BUY,4479,200.58,Equity
14866,3,2025-11-28,SELL,3671,200.19,Equity
14867,12,2025-11-28,SELL,1664,206.52,Bond
14868,4,2025-11-28,SELL,119,123.68,Equity
14869,5,2025-12-01,BUY,2008,721.59,Equity
14870,12,2025-12-01,SELL,229,209.54,Bond
14871,11,2025-12-01,BUY,4810,91.44,ETF
14872,14,2025-12-01,SELL,1865,50.58,Commodity
14873,5,2025-12-01,BUY,3798,718.8,Equity
14874,10,2025-12-01,SELL,3322,104.96,Equity
14875,14,2025-12-01,BUY,3217,50.72,Commodity
14876,7,2025-12-01,BUY,1996,269.22,Equity
14877,11,2025-12-01,BUY,2029,91.36,ETF
14878,10,2025-12-01,SELL,3183,105.1,Equity
14879,13,2025-12-01,BUY,1094,46.71,Commodity
14880,15,2025-12-01,SELL,3105,291.51,Currency
14881,11,2025-12-01,SELL,3852,91.21,ETF
14882,9,2025-12-01,BUY,1616,335.41,Equity
14883,5,2025-12-01,BUY,121,719.43,Equity
14884,15,2025-12-01,BUY,2038,291.09,Currency
14885,6,2025-12-01,SELL,2197,295.54,Equity
14886,7,2025-12-01,SELL,1527,268.22,Equity
14887,1,2025-12-01,SELL,4624,324.16,Equity
14888,3,2025-12-01,BUY,4598,202.73,Equity
14889,1,2025-12-01,BUY,1190,324.78,Equity
14890,2,2025-12-01,BUY,700,27.27,Equity
14891,13,2025-12-01,BUY,4180,46.65,Commodity
14892,9,2025-12-01,SELL,1327,335.55,Equity
14893,12,2025-12-01,SELL,3361,208.52,Bond
14894,3,2025-12-01,BUY,970,202.68,Equity
14895,11,2025-12-01,BUY,1470,91.42,ETF
14896,8,2025-12-01,SELL,3072,87.82,Equity
14897,15,2025-12-01,BUY,3878,291.68,Currency
14898,12,2025-12-01,SELL,3914,209.05,Bond
14899,12,2025-12-01,SELL,1950,208.68,Bond
14900,13,2025-12-01,SELL,4379,46.69,Commodity
14901,15,2025-12-01,BUY,810,291.5,Currency
14902,14,2025-12-01,SELL,1139,50.61,Commodity
14903,15,2025-12-01,SELL,3736,291.53,Currency
